carrier,origin_country,destination_country,clicks_travix,clicks_competitor,clicks_airlines
AZ,Italy,Italy,517,1231,512
NO,Italy,Egypt,80,57,79
FR,Italy,Italy,3302,5408,3269
NO,Italy,Spain,19,18,19
FR,Italy,Spain,2020,3585,2000
FR,Italy,Morocco,101,345,100
AZ,Italy,United States,144,936,143
FR,Italy,United Kingdom,507,683,502
AZ,Italy,,0,89,0
LA,Italy,Brazil,23,49,23
TU,Italy,Tunisia,0,82,0
U2,Italy,Spain,602,142,596
FR,Italy,Poland,80,157,79
V7,Italy,Italy,801,658,793
AZ,Italy,Morocco,6,31,6
EY,Italy,,7,14,7
FR,Italy,Greece,501,1055,496
W6,Italy,Italy,166,459,164
NO,Spain,Italy,6,2,6
CA,Italy,Japan,0,81,0
JU,Italy,Turkey,8,11,8
FR,Italy,Malta,430,623,426
LA,Colombia,Colombia,3,13,3
W6,Italy,Romania,44,109,44
BA,Italy,United States,269,367,266
SM,Italy,Egypt,31,156,31
TK,Italy,Turkey,99,245,98
W6,Italy,United Arab Emirates,76,102,75
IB,Italy,Spain,161,127,159
NO,Egypt,Italy,14,6,14
UG,Italy,Tunisia,0,2,0
IB,Spain,Italy,43,26,43
AH,France,Algeria,0,4,0
TU,Tunisia,Italy,0,11,0
NO,Italy,Maldives,2,5,2
NO,Italy,United States,16,1,16
JU,Turkey,Italy,3,7,3
LH,United States,United States,0,11,0
CA,Italy,,0,6,0
AZ,Tunisia,Italy,0,12,0
TK,Italy,Egypt,10,10,10
SM,Egypt,Italy,14,43,14
KL,Italy,Dominican Republic,2,25,2
LH,Italy,United States,92,90,91
FR,Italy,France,278,573,275
FR,Spain,Italy,285,351,282
ET,Italy,,0,9,0
LH,Italy,Guatemala,0,1,0
KM,Malta,Italy,0,14,0
AZ,Israel,Italy,1,4,1
QR,Italy,Thailand,29,54,29
EK,Italy,Indonesia,18,14,18
KL,Italy,United States,35,165,35
UG,Tunisia,Italy,0,1,0
MS,Italy,Egypt,0,58,0
EY,Italy,Indonesia,11,39,11
FR,Italy,Belgium,136,211,135
BA,Italy,Brazil,0,3,0
WS,Italy,Canada,0,11,0
EI,Italy,United States,43,9,43
LX,Italy,United States,37,25,37
KU,Italy,Philippines,1,14,1
FR,Italy,Czech Republic,68,131,67
AZ,United States,United States,0,1,0
HX,Indonesia,Hong Kong,5,7,5
KL,Italy,,5,14,5
AT,Italy,Morocco,46,125,46
AH,Italy,Senegal,0,4,0
BA,United States,United States,0,1,0
MS,Egypt,Egypt,0,16,0
WY,Italy,,0,0,0
FR,Italy,Germany,148,286,147
AF,Italy,Panama,5,4,5
JU,Italy,Serbia,18,15,18
DX,Italy,Italy,0,95,0
AZ,Italy,Tunisia,2,17,2
AZ,Italy,Japan,21,78,21
BA,Italy,,14,24,14
W6,Italy,Egypt,115,133,114
KL,Netherlands,El Salvador,0,0,0
NP,Egypt,Egypt,0,6,0
FR,Italy,Jordan,42,48,42
W6,Italy,Morocco,11,20,11
TK,Italy,Democratic Republic of the Congo,0,7,0
MH,Italy,Malaysia,0,22,0
PD,United States,Canada,1,14,1
AF,Italy,United States,62,95,61
BA,Italy,Japan,0,0,0
UG,Tunisia,Tunisia,0,2,0
FR,Italy,Hungary,128,206,127
2W,Spain,Dominican Republic,0,13,0
SQ,Australia,Italy,1,0,1
TP,Italy,United States,16,31,16
FR,Italy,Romania,46,151,46
TK,Turkey,Italy,8,9,8
FR,Italy,Portugal,297,438,294
TK,Italy,South Korea,1,6,1
W6,Italy,Spain,26,187,26
LA,Brazil,Brazil,16,44,16
EK,Italy,Mauritius,0,52,0
TK,Italy,,0,30,0
AY,Italy,United States,20,32,20
NO,Italy,Madagascar,3,5,3
SK,Denmark,Italy,1,15,1
IB,Italy,United States,15,114,15
FR,Denmark,Italy,22,26,22
FR,Italy,Republic of Ireland,122,183,121
FR,Italy,Denmark,92,153,91
LX,Italy,,0,8,0
VA,Australia,Italy,1,1,1
WY,Italy,Sri Lanka,0,4,0
AZ,Italy,Israel,3,5,3
LA,Uruguay,Chile,0,3,0
LH,Italy,Brazil,16,15,16
QR,Saudi Arabia,Indonesia,0,0,0
AY,Italy,Japan,1,0,1
IB,France,Italy,0,0,0
AZ,United States,Italy,6,14,6
TG,Thailand,Thailand,4,3,4
7C,Japan,South Korea,0,1,0
LA,Peru,Peru,0,9,0
AZ,Italy,Spain,25,116,25
LA,Chile,Italy,2,35,2
AT,Morocco,Italy,4,22,4
LH,Italy,,0,41,0
WS,Canada,Canada,1,4,1
FR,Italy,Austria,90,148,89
FR,Spain,Malta,1,0,1
QS,Egypt,Czech Republic,0,0,0
LH,Italy,Panama,0,0,0
IZ,Netherlands,Israel,0,0,0
B6,United States,United States,0,15,0
G3,Brazil,Italy,0,6,0
SK,Lithuania,Italy,0,7,0
AC,Italy,United States,17,5,17
FR,Portugal,Netherlands,1,3,1
FD,Thailand,Thailand,0,37,0
U2,Italy,Italy,1403,100,1389
CX,Greece,Hong Kong,0,2,0
QR,Pakistan,United Kingdom,0,0,0
FR,France,Italy,58,55,57
AZ,United States,Mexico,0,0,0
TK,Pakistan,Greece,0,0,0
LH,United States,,0,0,0
WB,Kenya,Italy,0,2,0
U2,Italy,Netherlands,275,45,272
QV,Thailand,Laos,0,0,0
QR,United Kingdom,Indonesia,0,0,0
TK,Italy,Argentina,0,1,0
1L,Turkey,Germany,0,0,0
OD,Australia,Indonesia,0,0,0
VY,Spain,Italy,135,89,134
AZ,United States,United Kingdom,0,0,0
QR,Italy,Indonesia,20,48,20
EN,Italy,Brazil,0,5,0
EK,Pakistan,Bangladesh,0,0,0
KU,Italy,Pakistan,0,0,0
EY,Spain,Pakistan,0,1,0
SK,Italy,,0,5,0
SQ,Italy,Philippines,4,3,4
EK,Italy,Australia,4,18,4
IB,Italy,Ecuador,13,1,13
AM,Mexico,Italy,0,6,0
TK,Italy,Indonesia,10,16,10
W6,Italy,Jordan,24,37,24
U2,Italy,Morocco,32,8,32
KU,India,Italy,0,0,0
AZ,Italy,India,3,14,3
W6,Italy,Czech Republic,69,83,68
EK,Sri Lanka,United Arab Emirates,1,1,1
LA,Italy,Argentina,0,9,0
EY,Italy,India,2,9,2
TS,Canada,Italy,2,2,2
RA,Nepal,India,0,0,0
TP,Italy,Brazil,30,154,30
LG,Italy,Luxembourg,3,19,3
UP,The Bahamas,United States,0,1,0
IB,Italy,Costa Rica,8,9,8
AZ,Egypt,Romania,0,0,0
AZ,Italy,Algeria,1,6,1
W6,Italy,Albania,54,147,53
TS,France,Canada,1,0,1
QR,Italy,Nepal,2,1,2
FR,Bulgaria,Italy,9,23,9
FD,Thailand,Indonesia,0,4,0
CI,Thailand,Italy,0,0,0
EN,Italy,Japan,0,6,0
QR,Italy,Pakistan,0,2,0
ET,Cameroon,Italy,0,3,0
ET,Madagascar,Italy,2,7,2
LH,United States,The Bahamas,0,1,0
MF,Netherlands,China,0,0,0
SN,Italy,United States,0,2,0
AI,India,India,0,4,0
CL,Italy,United States,0,0,0
4Z,South Africa,South Africa,1,0,1
PW,Tanzania,Tanzania,0,0,0
AH,Italy,Algeria,0,11,0
KU,Italy,Thailand,0,3,0
PW,Tanzania,,0,1,0
W6,United Arab Emirates,Italy,4,7,4
TK,Italy,Malaysia,3,5,3
EK,United States,Italy,2,2,2
LH,United States,Italy,4,6,4
QR,Qatar,Italy,0,4,0
EY,United Arab Emirates,Qatar,0,0,0
BA,United States,Italy,13,2,13
KL,United States,Italy,4,2,4
LO,Italy,United States,0,3,0
U2,Italy,Egypt,125,52,124
CZ,China,United Kingdom,0,0,0
W6,Italy,Republic of Macedonia,9,18,9
IB,Italy,Portugal,11,5,11
NO,Italy,Senegal,16,7,16
TP,Portugal,Portugal,5,2,5
KR,Thailand,Cambodia,0,0,0
AZ,Colombia,Italy,0,0,0
SK,Italy,Iceland,2,7,2
TG,Thailand,,0,0,0
GF,Italy,,0,1,0
TS,Italy,,0,0,0
W6,Italy,Armenia,4,34,4
EK,Austria,Seychelles,0,0,0
QR,Italy,,0,15,0
MS,Italy,Kenya,0,17,0
TS,Italy,Canada,42,8,42
TK,Italy,United States,12,13,12
FR,Italy,Sweden,29,77,29
FR,Spain,Spain,65,40,64
XK,France,France,0,0,0
LX,United States,France,0,0,0
LH,Italy,Spain,34,16,34
GA,Indonesia,Italy,0,1,0
SL,Thailand,Thailand,0,7,0
KL,Italy,Belize,0,0,0
TK,Italy,Mauritius,2,4,2
IB,France,Senegal,2,4,2
UX,Portugal,Spain,0,1,0
Z8,Bolivia,Bolivia,0,0,0
A3,Egypt,Austria,1,5,1
FR,Belgium,Italy,33,48,33
IB,Italy,Colombia,22,14,22
QR,Italy,Australia,6,8,6
ZL,Australia,Australia,0,3,0
WE,Thailand,Thailand,3,1,3
QR,Germany,,0,0,0
ET,Greece,South Africa,0,0,0
IB,Italy,United Kingdom,0,4,0
IB,Italy,Mexico,3,12,3
BA,France,China,0,1,0
J2,Italy,Belarus,0,0,0
AR,Argentina,Argentina,0,5,0
IB,Italy,Peru,22,32,22
QR,Tunisia,Qatar,0,3,0
MF,Indonesia,Taiwan,0,1,0
EY,Italy,Seychelles,14,30,14
NO,Canada,Italy,0,0,0
LH,Italy,Norway,3,3,3
AF,Italy,,3,13,3
BA,Mexico,United States,0,1,0
AZ,Mexico,United States,0,0,0
BX,Japan,South Korea,0,3,0
AF,Italy,Brazil,8,23,8
B6,United Kingdom,United States,0,2,0
AT,Italy,,0,0,0
GF,India,Italy,0,0,0
G3,Brazil,Brazil,0,13,0
AH,Algeria,Italy,0,6,0
HC,Ivory Coast,Italy,0,1,0
AH,Algeria,France,0,0,0
FR,United Kingdom,Italy,118,121,117
HC,Senegal,Italy,0,7,0
ET,Ivory Coast,Italy,0,1,0
2W,Dominican Republic,Spain,0,0,0
AS,United States,United States,0,13,0
W6,Albania,Italy,11,14,11
EK,Italy,Japan,11,19,11
SQ,Italy,Thailand,6,10,6
FR,Spain,United Kingdom,0,5,0
JQ,Japan,Japan,11,1,11
AF,Slovenia,United States,1,0,1
AV,Colombia,Mexico,3,0,3
AZ,India,Italy,1,3,1
LA,United Kingdom,Brazil,2,2,2
A3,Jordan,Italy,0,1,0
EK,United Arab Emirates,Laos,0,1,0
EK,France,South Africa,1,0,1
UX,Venezuela,Italy,0,1,0
UA,Italy,United States,34,21,34
U2,Portugal,Spain,11,0,11
XY,Saudi Arabia,Egypt,4,2,4
AR,Brazil,Argentina,0,1,0
EK,Thailand,Italy,0,3,0
TK,Brazil,Italy,0,2,0
LH,Netherlands,United States,0,1,0
EW,Germany,Italy,81,137,80
AC,France,Canada,2,0,2
TK,Hungary,Turkey,0,2,0
SK,Norway,Austria,5,1,5
WS,United States,Italy,2,1,2
FZ,Italy,,0,2,0
LH,Germany,Turkey,1,0,1
QR,Hong Kong,Italy,2,0,2
TK,Spain,Venezuela,0,1,0
OS,Austria,Netherlands,0,1,0
LH,Germany,Serbia,1,0,1
TK,Italy,Cyprus,1,0,1
TK,Iran,Germany,0,1,0
BA,Italy,Spain,0,1,0
F8,Canada,United States,0,1,0
2B,Albania,Italy,0,17,0
TP,Venezuela,Italy,0,6,0
V7,Greece,Greece,6,1,6
LX,Brazil,Italy,1,0,1
IB,Argentina,Italy,1,1,1
AT,Ghana,United Kingdom,0,2,0
IB,Spain,Costa Rica,2,3,2
SQ,Italy,Japan,2,1,2
FR,Portugal,Spain,2,7,2
EW,Germany,Albania,0,1,0
KL,Italy,Ghana,1,0,1
BA,Italy,Netherlands,1,0,1
LH,Belgium,Germany,1,0,1
FR,Slovakia,United Kingdom,2,0,2
AZ,Italy,Seychelles,0,1,0
LX,Dominican Republic,Italy,3,0,3
AC,Italy,Costa Rica,0,2,0
KQ,Italy,Kenya,2,0,2
AF,Italy,Colombia,3,14,3
SK,Norway,Norway,1,5,1
EN,Italy,Chile,0,2,0
W4,Greece,,0,1,0
XR,Spain,Germany,1,0,1
FR,Republic of Ireland,United Kingdom,2,0,2
W6,Italy,Greece,144,211,143
LH,Italy,Poland,9,8,9
LA,Switzerland,Brazil,0,5,0
E9,Cuba,Spain,2,2,2
HV,France,Slovenia,1,0,1
EK,Australia,Italy,2,5,2
MK,United Kingdom,Mauritius,0,1,0
SK,Italy,United States,8,17,8
PC,Spain,Turkey,1,0,1
VY,Spain,Denmark,1,0,1
IU,Indonesia,Indonesia,0,4,0
AF,France,French Polynesia,2,0,2
V7,Italy,Morocco,0,1,0
TC,Tanzania,Tanzania,0,4,0
W6,France,Jordan,0,1,0
EW,Italy,Iceland,0,1,0
AZ,Italy,Denmark,0,1,0
W6,Jordan,Italy,3,2,3
LG,Spain,Luxembourg,1,0,1
BA,Italy,Chile,1,2,1
OS,Bosnia and Herzegovina,Italy,1,2,1
NK,Colombia,United States,1,2,1
WF,Italy,Norway,0,2,0
SN,Italy,Morocco,0,1,0
OS,Austria,France,1,1,1
JQ,Australia,Thailand,0,1,0
LH,Italy,Angola,1,0,1
VY,Spain,Morocco,2,4,2
QR,Tanzania,Italy,0,1,0
LH,Italy,Australia,0,3,0
W4,Italy,Denmark,0,1,0
AD,Brazil,Italy,0,16,0
AV,United States,,0,2,0
LA,Italy,Colombia,0,4,0
AF,Italy,Greece,0,1,0
WS,Italy,United States,0,2,0
AA,Dominican Republic,United States,1,0,1
6E,Italy,Turkey,0,1,0
LH,India,,0,2,0
3O,Morocco,Spain,1,1,1
LA,Spain,Argentina,1,1,1
TK,Italy,Vietnam,0,5,0
PR,Philippines,Philippines,1,4,1
LX,Italy,Japan,3,11,3
TP,Italy,Canada,2,7,2
WJ,Argentina,Argentina,0,1,0
LA,Brazil,United States,0,1,0
HB,Hong Kong,Taiwan,0,1,0
DY,Italy,Finland,0,4,0
AP,Italy,Greece,0,2,0
JL,United States,Vietnam,0,1,0
OG,Canada,France,0,1,0
SM,Italy,Kenya,0,2,0
QF,Australia,Italy,0,1,0
EW,Germany,Netherlands,2,0,2
AF,Germany,Mexico,0,2,0
W9,United Kingdom,Turkey,1,0,1
EK,India,Portugal,0,1,0
FR,Belgium,Austria,1,0,1
U2,Germany,United Kingdom,1,0,1
LH,Italy,Hungary,2,0,2
EY,Germany,Indonesia,1,0,1
F8,Canada,Canada,0,10,0
IB,Italy,Cuba,22,15,22
GQ,Greece,Italy,6,10,6
A3,Italy,Georgia,0,4,0
AZ,Bulgaria,Italy,0,4,0
KL,Italy,Latvia,0,1,0
TK,Mauritius,Italy,0,1,0
U2,Netherlands,Germany,2,0,2
HV,Italy,France,40,51,40
EK,Italy,Malaysia,3,0,3
OS,Italy,Iran,1,0,1
HV,Spain,France,2,0,2
AR,Argentina,Australia,0,2,0
CM,Colombia,United States,1,1,1
TK,Italy,Madagascar,1,1,1
OZ,Australia,Italy,0,2,0
W6,Egypt,Italy,37,13,37
PC,Italy,Ethiopia,0,2,0
LH,Italy,South Africa,2,1,2
SK,Sweden,Italy,5,6,5
OK,Czech Republic,Egypt,0,2,0
IB,Italy,Chile,0,7,0
JU,Italy,Japan,0,2,0
NO,Senegal,Italy,5,0,5
AC,Italy,Mexico,1,1,1
LX,Italy,Greece,1,2,1
LH,Italy,Tanzania,1,0,1
BT,Norway,Italy,0,1,0
DL,United States,Colombia,1,0,1
VY,Belgium,Spain,2,2,2
W4,Italy,Portugal,0,9,0
TK,Italy,Benin,0,1,0
BA,United Kingdom,United States,3,2,3
DY,Denmark,Netherlands,0,1,0
LA,Peru,Brazil,2,2,2
KQ,Democratic Republic of the Congo,South Africa,1,0,1
LH,Thailand,Germany,1,0,1
IB,Cuba,Italy,0,1,0
MH,Malaysia,Singapore,1,1,1
FR,Hungary,Italy,35,19,35
AC,Mexico,Italy,0,2,0
SN,Italy,Togo,2,1,2
QF,Italy,United States,0,1,0
EW,Italy,Netherlands,1,0,1
OD,Malaysia,Indonesia,0,3,0
FR,Morocco,United Kingdom,0,1,0
SK,Sweden,Sweden,0,5,0
W6,Italy,Estonia,1,2,1
LO,Poland,Switzerland,0,2,0
W6,France,Hungary,0,2,0
TB,Tunisia,Italy,0,1,0
TK,Kenya,Italy,0,1,0
BT,Italy,Finland,1,0,1
FD,Cambodia,Thailand,0,1,0
W4,Italy,Italy,857,948,849
KL,Italy,Japan,2,3,2
AF,Italy,Japan,7,7,7
AZ,Italy,Taiwan,0,6,0
BQ,Italy,Italy,8,1,8
LH,Germany,Spain,1,2,1
FR,Austria,Poland,0,3,0
ET,Italy,Democratic Republic of the Congo,0,5,0
V7,Italy,Romania,0,1,0
CI,South Korea,Taiwan,0,1,0
W6,Egypt,Austria,1,0,1
KL,Portugal,Italy,0,7,0
AI,Italy,Australia,0,6,0
OS,Germany,Austria,1,0,1
NO,Italy,Dominican Republic,2,0,2
SQ,Netherlands,Australia,1,0,1
LH,Italy,Bolivia,0,1,0
TK,Italy,China,1,11,1
DL,Brazil,Italy,2,0,2
AZ,Italy,Philippines,0,7,0
SN,Italy,Ivory Coast,1,0,1
MK,Mauritius,Italy,0,3,0
U2,France,Spain,7,0,7
W6,Italy,United States,0,3,0
HV,France,Germany,1,0,1
SK,Italy,El Salvador,0,1,0
W4,Italy,Czech Republic,13,31,13
OS,Italy,Germany,7,11,7
JU,Germany,Italy,0,9,0
LH,France,Thailand,0,2,0
MS,Italy,Nigeria,0,2,0
FR,Italy,Lithuania,0,7,0
U2,Italy,Tunisia,0,2,0
AF,Italy,China,0,8,0
LX,Italy,Slovenia,2,0,2
CX,New Zealand,Italy,1,0,1
TP,Italy,Morocco,4,13,4
N0,Italy,United States,76,11,75
FR,Jordan,Italy,2,3,2
AZ,Italy,Romania,0,3,0
LH,Argentina,Italy,0,4,0
U2,Germany,Greece,1,0,1
PC,Iraq,Switzerland,0,1,0
5J,Thailand,Philippines,3,0,3
EK,Italy,Bangladesh,1,1,1
5J,Philippines,Italy,0,1,0
LH,Norway,Dominican Republic,0,1,0
TK,Italy,Tanzania,7,8,7
EK,Germany,India,2,1,2
AV,Colombia,Spain,1,1,1
W6,Italy,Belgium,0,1,0
U2,Portugal,Portugal,1,0,1
AT,Italy,Benin,0,1,0
ID,Indonesia,Indonesia,0,4,0
PC,Italy,Kyrgyzstan,0,2,0
W6,Germany,Hungary,1,1,1
AK,Cambodia,Malaysia,0,4,0
PC,Turkey,Albania,1,0,1
VY,Netherlands,Spain,2,1,2
VJ,Vietnam,,0,1,0
SQ,United Kingdom,Australia,3,0,3
JU,Egypt,Italy,0,1,0
FR,United Kingdom,Austria,1,0,1
V7,Italy,Tunisia,0,1,0
MS,Italy,China,0,5,0
UA,United States,French Polynesia,1,0,1
OS,Italy,Japan,2,10,2
FN,Zimbabwe,South Africa,0,4,0
LH,France,Germany,4,0,4
LH,Mexico,Italy,1,1,1
NK,Jamaica,United States,2,1,2
AF,Spain,Italy,2,0,2
RO,Romania,Italy,0,2,0
A3,Turkey,Greece,0,1,0
"",Italy,Italy,0,3,0
FR,Portugal,Republic of Ireland,0,1,0
FR,Austria,Italy,20,30,20
FR,Italy,,0,125,0
IB,Spain,Cuba,1,0,1
QR,Italy,Sri Lanka,4,7,4
HY,Uzbekistan,,0,1,0
IB,Brazil,Italy,2,4,2
NH,Japan,Italy,0,1,0
EK,Italy,India,2,1,2
AF,France,Argentina,0,1,0
BA,Italy,Bermuda,0,1,0
AF,Colombia,Italy,0,3,0
EW,Portugal,Italy,1,0,1
ET,Tanzania,Italy,0,1,0
EK,Portugal,,0,1,0
U2,Italy,French Polynesia,0,1,0
LG,Luxembourg,Portugal,1,0,1
WY,Italy,India,0,9,0
IB,Spain,Spain,14,12,14
FR,Belgium,France,1,0,1
TP,Italy,Senegal,7,22,7
KM,Italy,Germany,0,1,0
IB,Spain,Peru,3,1,3
LY,Egypt,Italy,0,1,0
QR,Pakistan,Romania,0,1,0
FI,Denmark,Iceland,0,1,0
ET,Italy,Djibouti,1,0,1
DL,Italy,Brazil,1,0,1
ET,Italy,Tanzania,27,33,27
LH,Italy,Thailand,24,46,24
LX,Italy,United Arab Emirates,1,3,1
Z0,United States,United Kingdom,6,0,6
SK,Norway,Sweden,0,5,0
EN,Italy,Peru,0,3,0
FZ,Albania,Maldives,1,0,1
SN,United Kingdom,Italy,2,0,2
6E,Italy,,0,1,0
VY,Italy,Canada,0,6,0
FR,Greece,Belgium,1,0,1
AV,Mexico,Peru,1,0,1
CX,Italy,Philippines,1,0,1
W6,Romania,France,0,1,0
FR,Austria,Belgium,1,0,1
LX,France,Italy,1,0,1
XZ,Italy,Romania,37,1,37
AF,Tunisia,Italy,2,0,2
FR,Poland,Austria,0,2,0
HY,Italy,Uzbekistan,0,8,0
EK,Italy,China,2,2,2
VY,Chile,Italy,0,5,0
BT,Finland,Italy,1,1,1
EK,Italy,Vietnam,3,1,3
TK,Switzerland,Turkey,1,0,1
FI,Canada,Italy,0,1,0
TK,Croatia,United Arab Emirates,0,1,0
BA,Italy,Argentina,0,2,0
WE,Cambodia,Thailand,1,0,1
SK,Sweden,Norway,1,10,1
LO,Spain,,0,2,0
W4,Italy,Cyprus,7,7,7
NK,United States,Dominican Republic,2,0,2
W6,Bulgaria,Italy,5,5,5
YB,Canada,Canada,1,0,1
V7,Italy,,0,11,0
ET,Togo,Italy,0,1,0
KL,France,Spain,1,0,1
A3,Tunisia,Albania,0,2,0
W6,Italy,United Kingdom,25,31,25
FR,Bulgaria,Poland,0,1,0
LO,Poland,Poland,1,3,1
OR,Greece,Netherlands,3,0,3
FR,United Kingdom,Hungary,2,1,2
DY,Italy,,0,7,0
"",Colombia,Colombia,17,1,17
SN,France,Belgium,4,0,4
AY,Denmark,Finland,1,0,1
EI,United Kingdom,United States,1,0,1
VY,Spain,Spain,64,31,63
I5,India,India,3,7,3
SN,Italy,Belgium,20,47,20
LX,Italy,Canada,1,1,1
H2,Peru,Peru,0,2,0
AV,Spain,Argentina,1,1,1
FR,Italy,Argentina,0,1,0
EY,India,Germany,0,1,0
EY,Germany,United Arab Emirates,1,0,1
IB,Italy,Senegal,3,1,3
FR,Italy,Republic of Macedonia,0,1,0
KC,Kazakhstan,Georgia,0,2,0
LH,Germany,Croatia,0,1,0
GA,Indonesia,Indonesia,0,3,0
FR,Malta,Greece,1,0,1
ET,Austria,Tanzania,1,0,1
VB,United States,Mexico,0,1,0
LS,Italy,Netherlands,0,1,0
ET,Kenya,Italy,0,2,0
AZ,Italy,Greece,7,62,7
PC,Germany,Turkey,5,5,5
AV,Peru,Mexico,2,2,2
W4,Romania,Spain,5,1,5
AZ,Italy,South Korea,0,5,0
W4,Italy,Japan,0,1,0
CA,South Korea,Italy,0,1,0
FZ,Slovenia,Sri Lanka,0,1,0
FR,Italy,Singapore,0,4,0
KL,Netherlands,Aruba,1,0,1
B0,Italy,United States,0,2,0
KL,Italy,Finland,1,3,1
TU,Tunisia,Senegal,0,1,0
AV,Peru,Spain,0,4,0
UO,Japan,Hong Kong,0,3,0
EY,United Arab Emirates,Maldives,2,0,2
SN,Italy,Germany,0,3,0
LO,Lithuania,Poland,0,1,0
TK,Singapore,Italy,0,1,0
IB,Dominican Republic,Italy,1,2,1
OG,France,United States,0,1,0
EK,Vietnam,Italy,0,1,0
D7,Malaysia,Australia,0,2,0
OG,United States,Iceland,1,0,1
EY,United Arab Emirates,Vietnam,0,1,0
WY,Switzerland,Malaysia,0,1,0
DY,Norway,Iceland,0,1,0
FR,Portugal,Italy,30,66,30
U2,France,Germany,4,0,4
U2,United Kingdom,United Kingdom,6,0,6
VY,Italy,Netherlands,8,3,8
FZ,Italy,Maldives,4,3,4
WY,Tanzania,Italy,0,2,0
CX,Hong Kong,China,0,2,0
6E,Saudi Arabia,India,2,3,2
VZ,Vietnam,Thailand,0,1,0
3O,Morocco,Turkey,2,0,2
PC,Germany,,0,1,0
NK,Costa Rica,United States,0,5,0
SB,Singapore,New Caledonia,0,1,0
KL,Switzerland,Netherlands,0,1,0
V7,Spain,Italy,14,12,14
W6,Hungary,Spain,1,0,1
FR,Romania,Italy,10,18,10
AY,Italy,Finland,38,5,38
AZ,Italy,The Gambia,0,1,0
A3,Italy,Cyprus,5,4,5
TK,Italy,The Gambia,0,1,0
SV,Saudi Arabia,Egypt,0,1,0
UX,Italy,Honduras,0,1,0
PD,Canada,United States,3,0,3
FR,Italy,Cuba,0,5,0
AT,Morocco,Spain,0,4,0
AM,Germany,Mexico,0,1,0
EN,Italy,Greece,0,1,0
LA,Ecuador,Italy,0,1,0
LX,Italy,Netherlands,1,5,1
FR,Luxembourg,Italy,0,9,0
PC,Italy,Turkey,95,158,94
W6,Czech Republic,Italy,10,5,10
W6,Italy,,0,29,0
FR,Malta,United Kingdom,0,1,0
LH,Italy,Argentina,7,11,7
W6,Italy,Netherlands,14,16,14
W6,Italy,Serbia,5,2,5
IB,Argentina,Spain,4,2,4
G9,Italy,Indonesia,0,5,0
FR,Italy,Philippines,0,2,0
K6,Vietnam,Cambodia,0,4,0
EN,Italy,Bolivia,0,1,0
EY,Saudi Arabia,Indonesia,0,1,0
OS,Albania,Egypt,1,0,1
AZ,Italy,Armenia,0,1,0
FR,France,Belgium,1,1,1
FR,Austria,Germany,1,0,1
G8,India,India,0,4,0
EY,Bangladesh,Italy,1,2,1
LA,Spain,Uruguay,0,3,0
W4,Italy,Republic of Kosovo,1,0,1
UP,United States,The Bahamas,0,1,0
IB,Senegal,Italy,0,2,0
OS,Italy,Canada,0,1,0
W6,Romania,Spain,1,0,1
UA,The Bahamas,Italy,0,1,0
U2,United Kingdom,Italy,68,5,67
WN,United States,United States,0,13,0
NO,Italy,Tunisia,3,1,3
AZ,Italy,Kenya,1,6,1
LH,Luxembourg,Italy,5,1,5
EW,Germany,Denmark,2,0,2
AZ,Italy,Panama,0,2,0
F3,Saudi Arabia,Italy,0,1,0
SN,Belgium,Hungary,1,0,1
TK,Italy,Thailand,7,14,7
SV,Italy,Indonesia,9,16,9
G9,Italy,Pakistan,3,5,3
U2,Switzerland,Portugal,3,1,3
Y4,Mexico,Mexico,0,11,0
PC,Italy,Kazakhstan,3,4,3
JU,Italy,China,0,1,0
SV,Italy,India,3,1,3
QR,Canada,Qatar,0,2,0
AC,United States,United States,0,4,0
TK,Kyrgyzstan,Moldova,0,1,0
UX,Mexico,Spain,1,0,1
TP,Portugal,Canada,0,1,0
AZ,Italy,Germany,11,43,11
VY,Italy,United Kingdom,61,48,60
FR,Spain,Poland,1,0,1
LH,Italy,Greece,20,4,20
TK,Italy,Pakistan,3,8,3
AZ,Italy,Moldova,0,1,0
V7,Italy,Portugal,0,6,0
AR,Spain,Argentina,0,1,0
LX,Italy,Iceland,4,1,4
U2,Croatia,Italy,3,0,3
BQ,Italy,Switzerland,0,1,0
LH,Albania,Germany,0,1,0
UK,United Arab Emirates,Maldives,0,1,0
SK,Italy,Estonia,0,2,0
CZ,Philippines,China,0,1,0
AV,Spain,Paraguay,1,0,1
AZ,Netherlands,Italy,4,4,4
OG,Iceland,United States,1,1,1
KM,Belgium,Italy,0,2,0
FR,Lithuania,Italy,1,3,1
AA,Italy,,8,0,8
OS,Italy,Czech Republic,1,1,1
TR,Indonesia,Italy,0,1,0
IB,Spain,France,1,1,1
AF,Italy,Portugal,4,1,4
V7,Italy,Netherlands,0,1,0
SS,France,Martinique,1,0,1
OS,Italy,Montenegro,0,3,0
NO,Italy,Cuba,13,1,13
FR,Netherlands,Italy,20,15,20
EI,United Kingdom,Italy,0,2,0
G9,Italy,,0,3,0
SK,France,Sweden,0,2,0
W6,Italy,Lithuania,1,3,1
U2,United Kingdom,Morocco,1,0,1
FR,United Kingdom,Czech Republic,6,3,6
OS,Italy,Croatia,0,1,0
CX,Indonesia,Italy,1,2,1
PG,Thailand,Italy,0,2,0
WY,Thailand,Italy,0,2,0
5W,Cyprus,United Arab Emirates,0,1,0
TK,Italy,Bangladesh,1,2,1
QR,Italy,Maldives,16,38,16
VS,United Kingdom,United States,0,3,0
AV,Spain,Colombia,0,2,0
AZ,Italy,Serbia,0,3,0
FR,Belgium,Spain,2,1,2
AF,Italy,Australia,0,2,0
LH,Croatia,Italy,1,0,1
FZ,Poland,United Arab Emirates,1,0,1
BA,United Kingdom,Argentina,0,1,0
FR,Germany,Mexico,0,1,0
PC,Hungary,Turkey,1,0,1
W2,Kenya,Tanzania,0,2,0
W4,Italy,Albania,359,304,355
LH,Italy,Turkey,15,6,15
AF,Italy,Canada,10,5,10
W6,Greece,Italy,13,9,13
XQ,Turkey,Italy,0,11,0
KE,South Korea,Italy,0,3,0
OS,Italy,Iceland,2,0,2
LA,Argentina,Colombia,0,3,0
OK,Czech Republic,Spain,0,2,0
W4,Romania,Italy,46,34,46
SK,Sweden,Germany,2,2,2
SV,Italy,United Arab Emirates,0,6,0
FR,France,Bulgaria,0,1,0
BA,United Arab Emirates,Italy,1,1,1
KL,Netherlands,,0,1,0
SN,Italy,Democratic Republic of the Congo,3,0,3
VY,Spain,United Kingdom,0,1,0
EK,United States,United Arab Emirates,1,0,1
LH,Italy,Costa Rica,0,4,0
AZ,Italy,Jordan,5,2,5
LA,Spain,Peru,0,1,0
EI,United States,United States,0,1,0
EK,Italy,South Africa,1,5,1
W6,Italy,Belarus,0,1,0
DE,Greece,Spain,0,4,0
W4,Italy,Armenia,22,8,22
DL,United States,Canada,2,0,2
OS,Italy,Sweden,0,1,0
SK,Canada,Denmark,0,2,0
XC,Turkey,Germany,0,6,0
IB,Italy,Morocco,3,3,3
UO,Hong Kong,South Korea,0,2,0
Z2,Philippines,Philippines,0,1,0
EK,Algeria,United Arab Emirates,1,1,1
AF,France,Belgium,1,0,1
KL,Finland,Italy,1,0,1
AV,Peru,Ecuador,1,0,1
FR,Italy,Senegal,0,4,0
AF,Italy,Spain,3,1,3
MU,Italy,Indonesia,0,2,0
AF,Italy,Sint Maarten,2,0,2
UL,Sri Lanka,Italy,0,2,0
DE,Italy,Dominican Republic,1,1,1
3U,Thailand,Italy,0,1,0
EY,Spain,Malaysia,0,1,0
A3,Switzerland,Albania,0,1,0
EY,Italy,Singapore,5,9,5
GF,Italy,Philippines,0,11,0
VY,Italy,,0,2,0
W6,Cyprus,Israel,1,0,1
LX,Luxembourg,Italy,0,1,0
TK,Israel,Turkey,0,3,0
X1,Turkey,Germany,0,1,0
BY,Mexico,Italy,0,3,0
LH,Germany,Bosnia and Herzegovina,0,1,0
MH,Thailand,Sri Lanka,0,1,0
W6,Germany,Italy,1,52,1
LX,Italy,Singapore,3,4,3
AA,Italy,United States,32,0,32
ET,Argentina,Italy,2,1,2
5F,Italy,Moldova,0,11,0
KU,Italy,India,0,1,0
Q6,El Salvador,United States,0,1,0
3U,China,Italy,0,1,0
U2,Republic of Kosovo,Italy,0,1,0
HV,Netherlands,France,0,1,0
6E,United Arab Emirates,Indonesia,0,1,0
W4,Italy,Greece,157,90,155
W6,Norway,Italy,0,2,0
U2,United Kingdom,Spain,3,0,3
AF,Italy,Kenya,0,5,0
VB,Cuba,Mexico,4,0,4
AF,Italy,Costa Rica,1,4,1
W6,Italy,Australia,0,1,0
U2,Switzerland,The Bahamas,0,1,0
W4,Finland,Italy,2,3,2
FR,Italy,Slovakia,2,11,2
UX,Italy,Argentina,3,3,3
EK,Italy,Sweden,0,1,0
TK,Italy,Sudan,0,1,0
XZ,Italy,United Kingdom,0,2,0
AK,Malaysia,Indonesia,0,3,0
AA,United States,Cuba,1,0,1
AF,Gabon,Italy,0,1,0
ET,Italy,Seychelles,7,9,7
W4,Italy,Azerbaijan,4,4,4
W4,Germany,Italy,3,1,3
W6,Greece,Cyprus,0,3,0
CZ,Italy,Honduras,0,1,0
MU,Italy,New Zealand,0,4,0
A3,Greece,Italy,23,30,23
W6,Italy,Poland,21,25,21
LH,Germany,Greece,1,1,1
VE,Colombia,Colombia,0,1,0
TK,Albania,Maldives,2,0,2
UX,Italy,Panama,1,2,1
LH,Costa Rica,Italy,0,2,0
CX,Indonesia,Hong Kong,0,4,0
LH,Switzerland,United States,1,0,1
FR,Romania,Germany,0,1,0
BF,Réunion,France,1,14,1
U2,Spain,United Kingdom,2,0,2
HY,Turkey,Uzbekistan,0,3,0
AM,Italy,Peru,0,2,0
PC,Italy,Georgia,0,4,0
TR,Madagascar,Madagascar,0,4,0
FR,Luxembourg,Germany,0,1,0
W4,Italy,Latvia,0,3,0
EK,India,Italy,0,2,0
DY,Sweden,Denmark,0,1,0
ET,Italy,Rwanda,1,0,1
E5,Italy,Egypt,17,54,17
8B,Indonesia,Indonesia,0,9,0
AA,United States,Mexico,10,0,10
AY,Germany,Japan,0,1,0
CI,Italy,Palau,0,2,0
SV,Italy,Bangladesh,0,6,0
U2,Italy,Thailand,0,2,0
UI,Tanzania,Tanzania,1,0,1
KL,Belgium,,1,0,1
G9,Italy,Kenya,0,1,0
U2,Netherlands,Czech Republic,2,0,2
TK,Spain,Kenya,0,2,0
JU,Italy,Egypt,0,1,0
AI,Italy,India,0,17,0
QR,Italy,Oman,4,1,4
LH,Italy,Luxembourg,3,0,3
JL,Italy,,0,2,0
FR,Portugal,Morocco,0,1,0
AV,Colombia,United States,0,1,0
EW,United Kingdom,Tunisia,0,1,0
EK,Germany,Sri Lanka,1,0,1
AA,United States,Ecuador,1,0,1
SQ,Japan,Italy,1,0,1
G9,Italy,Malaysia,5,8,5
KL,Italy,Colombia,0,10,0
W4,Italy,,0,15,0
IB,Colombia,Italy,3,6,3
AZ,Italy,Guadeloupe,0,2,0
VY,Italy,Bulgaria,0,1,0
PU,Peru,Italy,0,2,0
KU,Philippines,Italy,1,1,1
6E,United Arab Emirates,Nepal,0,1,0
PC,Turkey,Bulgaria,1,0,1
VY,France,Spain,8,3,8
U2,Italy,Greece,433,64,429
LH,Italy,Iceland,1,4,1
BA,Italy,Mexico,7,10,7
V7,Italy,Belgium,0,1,0
U2,Portugal,France,1,0,1
LS,United Kingdom,Italy,3,2,3
A1,Moldova,Italy,0,1,0
CU,Cuba,Cuba,0,2,0
OS,Switzerland,Austria,0,1,0
WS,Canada,Spain,0,1,0
TP,Switzerland,Portugal,0,1,0
BA,Belgium,United Kingdom,1,0,1
EK,Switzerland,Malaysia,0,1,0
AZ,Italy,Lebanon,0,1,0
LO,Slovenia,Japan,0,1,0
AT,Italy,United States,0,1,0
W6,Hungary,Italy,24,5,24
FR,Belgium,Portugal,1,3,1
FR,Poland,Italy,26,50,26
ZG,Japan,South Korea,1,0,1
UX,Italy,Spain,10,13,10
LH,Italy,Japan,13,56,13
IR,Turkey,Iran,0,1,0
W4,Albania,Greece,0,1,0
JM,Kenya,Kenya,0,7,0
W6,Republic of Kosovo,Italy,0,9,0
KL,Netherlands,Nepal,0,2,0
I2,Spain,Italy,5,1,5
VY,Portugal,Italy,0,3,0
NT,Spain,Spain,0,6,0
DY,United Kingdom,Estonia,0,5,0
LO,Italy,India,0,2,0
W4,Italy,South Africa,0,1,0
E5,Saudi Arabia,Egypt,1,0,1
AA,Germany,United States,1,0,1
FR,Italy,The Gambia,0,1,0
EK,Italy,United States,53,14,52
U2,United Kingdom,Netherlands,3,0,3
FR,Spain,Germany,4,2,4
VN,Vietnam,Cambodia,0,1,0
LA,Italy,Spain,0,1,0
HV,Italy,United States,0,2,0
SV,Turkey,Indonesia,1,1,1
BR,Italy,Indonesia,0,1,0
FR,Italy,Iceland,0,7,0
UA,Cuba,United States,1,0,1
QZ,Indonesia,Thailand,0,1,0
LH,Portugal,Denmark,6,0,6
3O,France,Morocco,3,0,3
TK,Italy,Singapore,2,3,2
AV,Colombia,Ecuador,1,0,1
VZ,Thailand,,0,1,0
GF,Pakistan,Germany,0,1,0
LO,Italy,Japan,0,9,0
TK,Italy,Iraq,0,3,0
KL,Colombia,Italy,0,1,0
AT,Italy,Burkina Faso,0,3,0
W4,Italy,Estonia,1,0,1
2B,Italy,Maldives,0,2,0
DE,Italy,Mexico,1,2,1
KL,Poland,Italy,0,2,0
KL,Germany,Mexico,0,2,0
LO,India,Italy,0,1,0
SQ,Malaysia,Singapore,0,1,0
OS,United States,Italy,0,1,0
TK,Italy,Mali,0,1,0
W6,Albania,Greece,0,1,0
AF,Canada,Italy,1,0,1
W4,Italy,Croatia,8,27,8
QR,Italy,Singapore,5,7,5
FR,Luxembourg,Republic of Ireland,1,0,1
LX,Switzerland,,0,5,0
LY,United Arab Emirates,Italy,0,2,0
AZ,Italy,United Arab Emirates,1,13,1
QV,Laos,Laos,0,1,0
TR,Australia,Italy,0,1,0
W4,Italy,United States,0,2,0
XQ,Turkey,Turkey,1,1,1
KL,Argentina,,1,0,1
JQ,Australia,Australia,18,24,18
U2,Spain,Portugal,4,1,4
U2,Italy,,0,14,0
AV,United Kingdom,Costa Rica,0,1,0
EI,Italy,,0,2,0
CM,Cuba,Bolivia,1,0,1
KL,Germany,United States,0,3,0
FR,Austria,Latvia,0,1,0
EI,Republic of Ireland,United Kingdom,1,0,1
UP,The Bahamas,The Bahamas,0,2,0
LH,Italy,Mozambique,0,1,0
HD,Japan,Japan,0,2,0
KM,Italy,Italy,0,1,0
BA,Italy,Ecuador,0,1,0
LX,Italy,Argentina,1,0,1
VY,Malta,Portugal,0,2,0
FR,France,United Kingdom,3,1,3
DE,Spain,Germany,0,1,0
FR,Italy,Serbia,0,3,0
W6,Italy,Germany,5,5,5
CI,Italy,Indonesia,0,10,0
W4,Italy,Poland,1,3,1
VY,Italy,French Polynesia,0,1,0
EW,Greece,Germany,1,1,1
VY,Switzerland,Italy,0,1,0
IB,United Kingdom,Italy,0,4,0
IB,France,Spain,8,3,8
E9,Cuba,Italy,0,8,0
A3,Greece,France,2,0,2
TK,Italy,Kazakhstan,2,8,2
Z2,South Korea,Philippines,0,2,0
PC,Albania,Sweden,2,0,2
AF,Germany,United States,0,2,0
FR,Malta,Germany,1,0,1
EI,United Kingdom,Republic of Ireland,2,0,2
CX,China,France,1,0,1
CZ,Malaysia,China,0,1,0
PC,Iraq,Italy,1,2,1
6E,United Arab Emirates,Vietnam,0,2,0
KL,Germany,Netherlands,1,2,1
AC,Italy,Cuba,0,4,0
HU,China,France,0,2,0
UX,Italy,Colombia,2,15,2
FZ,Georgia,United Arab Emirates,0,4,0
SM,Italy,,0,9,0
LX,Italy,Mexico,2,1,2
MS,Spain,Egypt,0,1,0
OS,Italy,Armenia,1,0,1
VJ,Singapore,South Korea,0,2,0
UA,Mexico,Italy,5,0,5
SN,Italy,Guinea,1,2,1
TK,Turkey,Albania,1,0,1
EW,Germany,Sweden,2,0,2
A3,Italy,Greece,59,161,58
U2,Netherlands,Italy,34,6,34
W4,Italy,Austria,18,50,18
KE,Italy,South Korea,7,3,7
B6,United States,,0,5,0
UA,Dominican Republic,United States,5,0,5
W4,Greece,Italy,13,4,13
QR,Italy,India,7,0,7
AY,Sweden,Finland,1,0,1
TP,Spain,United States,2,0,2
TG,Germany,Thailand,0,1,0
JU,Greece,Italy,0,5,0
AZ,Argentina,Italy,6,13,6
FR,Morocco,Italy,27,66,27
AF,Italy,Cuba,27,13,27
TK,Italy,Maldives,3,5,3
V7,Germany,Spain,0,2,0
FR,Spain,,0,3,0
AF,Italy,India,0,1,0
KL,Sweden,Italy,1,1,1
RJ,Israel,Jordan,0,3,0
6E,India,India,24,8,24
W6,Saudi Arabia,Belgium,0,2,0
W6,United Kingdom,Italy,1,11,1
TP,Spain,Italy,3,2,3
FR,United Kingdom,Slovakia,4,0,4
G9,United Arab Emirates,Italy,0,2,0
AV,Bolivia,Curaçao,1,0,1
AZ,Italy,Belgium,15,33,15
AI,Italy,Singapore,0,8,0
W9,United Kingdom,France,1,5,1
RO,Israel,Italy,0,1,0
EW,Czech Republic,Italy,5,1,5
AY,Italy,Iceland,0,1,0
LH,Italy,Aruba,0,8,0
FZ,Romania,United Arab Emirates,4,0,4
LA,Australia,Argentina,1,0,1
KL,France,Argentina,0,1,0
EN,Italy,China,0,1,0
AZ,Italy,Indonesia,0,14,0
H4,Moldova,Italy,0,7,0
RC,Denmark,Faroe Islands,0,2,0
EW,Germany,Greece,0,1,0
AF,Mexico,France,1,1,1
KL,Denmark,Italy,3,0,3
FZ,United Arab Emirates,Italy,0,4,0
AF,Morocco,France,0,3,0
DL,Canada,Italy,1,0,1
LO,Italy,Lebanon,0,1,0
ET,Italy,Cameroon,0,1,0
TK,Italy,United Arab Emirates,12,17,12
IB,Italy,Greece,0,1,0
MS,Italy,Ghana,0,1,0
CA,Taiwan,Italy,0,6,0
LA,Chile,Spain,0,2,0
QR,Indonesia,Morocco,0,1,0
TP,Portugal,Switzerland,2,0,2
LX,Italy,India,1,1,1
PC,Italy,Iran,7,4,7
XZ,Italy,Germany,0,2,0
DE,Germany,United States,1,0,1
YS,Kenya,Tanzania,0,1,0
LH,Italy,Egypt,9,50,9
AV,Panama,El Salvador,0,1,0
U2,Italy,Poland,0,2,0
SV,Italy,Oman,0,1,0
PC,Turkey,Israel,1,0,1
SV,Kenya,Italy,0,1,0
SV,Italy,Tanzania,1,2,1
U2,United Kingdom,Switzerland,2,0,2
LA,Brazil,Spain,0,2,0
W6,Poland,Italy,11,15,11
W6,Maldives,Italy,0,1,0
TK,Italy,Bahrain,0,1,0
KL,Italy,Canada,10,10,10
UA,Canada,United States,1,0,1
BA,Italy,China,0,2,0
KU,Germany,Malaysia,0,4,0
VY,Italy,Germany,0,2,0
U2,France,United States,2,0,2
A3,France,Greece,1,1,1
QR,Australia,Italy,1,0,1
LH,Italy,Estonia,0,1,0
LH,Italy,Sri Lanka,0,2,0
AF,Italy,Hong Kong,1,0,1
JM,Kenya,Italy,0,1,0
FR,Italy,Bosnia and Herzegovina,0,1,0
5W,Maldives,Italy,0,1,0
KL,United Kingdom,Italy,2,2,2
KL,Italy,Nigeria,3,2,3
EW,Italy,Sweden,4,6,4
FR,Germany,Denmark,0,3,0
NO,Italy,Iceland,1,1,1
TB,Italy,Belgium,2,1,2
AM,Brazil,,0,3,0
FR,United Kingdom,United Arab Emirates,0,1,0
OK,Egypt,Czech Republic,0,3,0
DY,Germany,Italy,0,2,0
UX,Paraguay,Italy,0,1,0
N0,United States,,0,1,0
2B,Italy,Albania,0,129,0
EI,Republic of Ireland,Italy,10,3,10
UX,Italy,Cuba,22,47,22
QZ,Indonesia,Indonesia,0,10,0
Z0,United Kingdom,United States,4,7,4
TK,Italy,Senegal,0,2,0
KE,Italy,Australia,3,1,3
AD,Uruguay,Brazil,0,1,0
FI,Germany,Iceland,1,0,1
AF,United States,Guadeloupe,1,0,1
W6,Italy,The Bahamas,0,1,0
TK,Germany,Turkey,1,0,1
SK,Netherlands,Italy,0,3,0
JU,Serbia,Italy,2,3,2
AC,Canada,United States,2,5,2
ET,Italy,Dominican Republic,0,1,0
Q4,Cuba,Italy,0,1,0
TK,United Arab Emirates,Lithuania,0,1,0
PC,Italy,Cyprus,0,2,0
U2,Italy,France,569,74,563
VJ,Vietnam,Vietnam,0,13,0
VY,Switzerland,Spain,1,6,1
PR,Philippines,Indonesia,0,1,0
EK,Indonesia,Italy,2,0,2
GF,France,Thailand,0,2,0
KL,Italy,South Africa,4,3,4
IB,Belgium,Israel,1,0,1
LY,Israel,Spain,0,1,0
FO,Argentina,,0,1,0
EN,Italy,Republic of Ireland,0,2,0
LO,South Korea,Italy,0,1,0
V7,Spain,France,3,2,3
EI,France,Republic of Ireland,0,1,0
QS,Italy,Czech Republic,1,0,1
KL,Netherlands,Switzerland,1,0,1
TK,Spain,Peru,0,1,0
EW,Switzerland,Germany,0,1,0
EY,Germany,Philippines,5,1,5
IB,Spain,United States,4,0,4
AF,France,Turkey,1,0,1
ET,Italy,Mozambique,0,1,0
DY,Denmark,Italy,0,11,0
AY,Norway,Italy,1,0,1
AF,France,France,0,1,0
HV,Italy,United Kingdom,0,1,0
AF,Italy,Peru,4,10,4
IB,United States,Italy,1,0,1
LH,France,Aruba,0,1,0
TK,Tunisia,Turkey,2,0,2
LO,Estonia,Italy,1,0,1
KM,Italy,France,0,1,0
ET,South Korea,Japan,1,0,1
FR,Germany,Latvia,0,1,0
VY,Denmark,Italy,1,0,1
FR,Finland,Italy,0,6,0
CY,Italy,Cyprus,2,9,2
V7,France,,0,1,0
LH,Italy,Serbia,4,0,4
FD,Hong Kong,Thailand,0,1,0
FR,Italy,Dominican Republic,0,3,0
AY,Italy,South Korea,12,1,12
LO,Italy,Azerbaijan,0,1,0
LX,Italy,Brazil,4,13,4
TI*,Turkey,Germany,0,3,0
FD,Thailand,,0,4,0
FR,Portugal,Portugal,3,7,3
AF,Italy,Guadeloupe,3,10,3
W6,Italy,Malaysia,0,3,0
CA,Hong Kong,Italy,0,1,0
QR,Denmark,Pakistan,0,1,0
RJ,United Arab Emirates,Italy,1,17,1
V7,Algeria,France,1,9,1
HV,Netherlands,Spain,1,1,1
AM,Mexico,Mexico,0,5,0
W4,Italy,Norway,0,1,0
LH,Italy,Paraguay,0,1,0
AY,Italy,India,2,0,2
5J,Hong Kong,Philippines,0,1,0
FR,Italy,Georgia,0,1,0
AZ,Belgium,Italy,7,19,7
BA,France,United Kingdom,8,1,8
N0,France,United States,5,0,5
HY,Italy,,0,4,0
BA,Italy,Cuba,0,2,0
CM,Peru,Mexico,1,1,1
LO,Italy,Egypt,0,3,0
I2,Spain,United Kingdom,1,0,1
UK,Saudi Arabia,India,0,1,0
TK,Italy,Panama,0,1,0
UX,Brazil,Portugal,0,1,0
6E,Italy,Singapore,0,1,0
Z2,Philippines,Thailand,0,2,0
OS,Italy,Philippines,0,16,0
HV,Italy,Netherlands,39,37,39
BA,South Africa,Italy,1,5,1
FR,Spain,France,2,5,2
2W,Cuba,Italy,0,5,0
EW,Italy,Denmark,1,5,1
LX,Italy,Kenya,0,1,0
FR,Norway,Lithuania,0,2,0
5F,Italy,Armenia,0,3,0
QR,Morocco,Brazil,0,1,0
NO,Italy,Greece,12,19,12
W4,Czech Republic,Italy,0,2,0
W6,Saudi Arabia,Spain,0,1,0
U2,Italy,Pakistan,0,1,0
VJ,Singapore,Vietnam,0,1,0
AZ,Italy,Kyrgyzstan,0,2,0
AV,United States,Mexico,0,2,0
CA,Philippines,Italy,0,2,0
KM,Malta,United Kingdom,0,2,0
AV,United States,Venezuela,0,1,0
U8,Israel,Italy,0,3,0
TP,Brazil,Spain,0,2,0
WT,Spain,Spain,0,1,0
W4,Italy,France,47,62,47
LX,Italy,Sweden,2,7,2
LX,Hong Kong,Italy,1,1,1
BJ,Tunisia,Turkey,4,0,4
UX,Colombia,Italy,1,8,1
UX,France,Spain,0,1,0
OS,Albania,Spain,4,0,4
QR,Egypt,Indonesia,0,1,0
SK,Germany,Switzerland,0,1,0
UA,United States,Cuba,1,0,1
LH,Albania,France,1,0,1
LH,Germany,United States,0,3,0
EK,Malaysia,Italy,1,3,1
MS,Saudi Arabia,Egypt,0,1,0
AV,Bolivia,Spain,0,1,0
MS,Egypt,Tunisia,0,1,0
AA,United States,,1,0,1
FR,Italy,Israel,9,22,9
AY,Italy,Estonia,2,1,2
VY,United Kingdom,Italy,20,3,20
TR,Indonesia,Singapore,0,1,0
KL,Switzerland,Mexico,1,0,1
TU,France,Tunisia,0,3,0
LH,Italy,Cyprus,2,0,2
BA,United States,Ecuador,0,1,0
VN,Hong Kong,Vietnam,0,1,0
W6,Hungary,,0,1,0
EK,Sri Lanka,Italy,0,1,0
TK,Portugal,India,0,8,0
IB,Greece,Spain,1,0,1
AA,Australia,Argentina,1,0,1
LO,Netherlands,Estonia,1,0,1
B6,United States,Jamaica,0,2,0
UA,Italy,Mexico,1,0,1
AY,Singapore,Italy,1,0,1
AK,Philippines,Malaysia,0,1,0
J9,Saudi Arabia,Nepal,1,0,1
U2,United Kingdom,France,3,0,3
OK,Egypt,,0,1,0
U2,Italy,Portugal,119,20,118
FR,Italy,Norway,10,46,10
VY,Argentina,Italy,2,1,2
BA,United Kingdom,Italy,17,16,17
AZ,Italy,Mexico,0,19,0
LO,Italy,Armenia,0,2,0
J2,Italy,Kazakhstan,0,1,0
B2,Turkey,Belarus,0,2,0
AT,Senegal,Italy,0,1,0
FR,France,France,2,0,2
AC,Italy,Canada,15,62,15
TX,Réunion,France,1,3,1
FR,Italy,Turkey,0,20,0
FR,United Kingdom,Morocco,1,0,1
AF,Switzerland,Brazil,0,3,0
KL,Italy,France,5,2,5
EW,Germany,Croatia,1,0,1
U2,Denmark,Italy,6,2,6
DL,United States,United States,53,0,52
CA,Japan,Italy,0,6,0
OS,Italy,Thailand,7,19,7
AM,Spain,Ecuador,0,1,0
SV,Italy,Kenya,0,4,0
N0,United States,France,1,0,1
TK,Philippines,Italy,0,9,0
MU,Indonesia,Italy,0,5,0
IB,United Kingdom,United States,0,2,0
HY,South Korea,Italy,0,1,0
TP,Cape Verde,Netherlands,0,1,0
KL,Italy,Cambodia,0,2,0
TG,Thailand,Italy,0,1,0
RQ,Turkey,Afghanistan,0,1,0
TN,New Zealand,French Polynesia,0,1,0
AF,Morocco,Italy,0,1,0
OS,Austria,Hungary,1,0,1
W6,Saudi Arabia,Italy,8,7,8
LX,Italy,Tunisia,0,1,0
GF,Philippines,Italy,0,1,0
J2,Azerbaijan,Italy,0,2,0
AF,Italy,Ecuador,1,2,1
EW,Iceland,Italy,0,1,0
XK,Italy,France,0,1,0
AZ,Italy,Austria,0,1,0
W6,France,Poland,2,0,2
BA,United Kingdom,Barbados,0,1,0
AY,Finland,Croatia,1,0,1
AM,Italy,Mexico,0,34,0
AZ,Italy,Brazil,9,80,9
AT,France,Morocco,0,5,0
UA,United States,Belgium,0,1,0
SK,Italy,Sweden,4,13,4
KU,Italy,,0,2,0
VY,Germany,Spain,2,3,2
FR,Romania,United Kingdom,1,1,1
TK,Italy,Oman,1,0,1
Q6,Guatemala,Mexico,0,1,0
IB,Belgium,Brazil,1,0,1
W4,France,Italy,13,21,13
U2,France,Greece,1,0,1
ET,Italy,Ghana,0,7,0
W6,Belgium,Hungary,1,0,1
UO,Thailand,Hong Kong,0,1,0
FR,Greece,Austria,0,1,0
FR,Austria,Spain,1,2,1
CM,Panama,El Salvador,0,1,0
WS,Canada,,0,1,0
FR,Italy,Uzbekistan,0,1,0
W2,Spain,Spain,0,1,0
IB,Spain,Chile,0,1,0
OG,Italy,Iceland,6,31,6
VY,Croatia,Italy,4,5,4
FR,United Kingdom,Poland,1,1,1
FR,France,Morocco,3,1,3
G9,Nepal,Italy,0,2,0
AZ,Greece,Italy,1,4,1
UX,Cuba,Italy,1,3,1
VN,Italy,Vietnam,0,1,0
H2,Peru,Chile,0,1,0
NO,India,Italy,5,0,5
5W,United Arab Emirates,Kuwait,1,0,1
EY,Indonesia,Italy,2,1,2
E9,Costa Rica,Italy,0,3,0
FR,Latvia,Italy,0,1,0
UA,United States,Spain,0,7,0
CI,Italy,Japan,4,17,4
FR,Italy,Croatia,80,132,79
GQ,Greece,Greece,11,22,11
UX,Spain,Italy,3,15,3
LA,United States,Dominican Republic,4,1,4
3O,Morocco,,0,7,0
IB,Spain,Morocco,1,2,1
SN,Italy,Ghana,4,5,4
FZ,Italy,Sri Lanka,0,5,0
FR,Poland,Belgium,1,0,1
TP,Italy,Chile,0,1,0
W6,Serbia,Spain,0,1,0
LH,Germany,Thailand,0,1,0
ET,Ethiopia,Tanzania,0,1,0
OZ,South Korea,Japan,1,1,1
EN,Italy,Germany,1,0,1
ET,Italy,Niger,0,1,0
AZ,Egypt,Italy,3,15,3
NT,Italy,Spain,0,18,0
FR,Cyprus,Italy,1,1,1
FR,Germany,Morocco,0,2,0
TK,Italy,Georgia,2,0,2
HC,United States,Senegal,0,1,0
AV,Argentina,Mexico,1,0,1
SV,Saudi Arabia,Thailand,0,1,0
AI,United Arab Emirates,India,0,2,0
DY,Finland,Finland,0,1,0
FA,South Africa,South Africa,0,3,0
QZ,Singapore,Indonesia,0,21,0
NO,United States,Italy,6,0,6
TU,Italy,Ivory Coast,0,3,0
DL,United States,Mexico,2,0,2
AZ,Brazil,Italy,4,12,4
"",Colombia,,0,2,0
KL,Italy,Ecuador,0,2,0
UK,Bangladesh,Italy,0,7,0
RA,Nepal,Philippines,0,1,0
KL,Argentina,Italy,0,1,0
IB,United Kingdom,Dominican Republic,0,1,0
TG,Thailand,China,1,0,1
AF,Italy,United Kingdom,1,0,1
AB,Australia,Australia,0,1,0
U2,Italy,Republic of Ireland,0,1,0
MS,Kenya,Italy,0,2,0
KL,Italy,South Korea,2,0,2
AC,Switzerland,United States,0,1,0
AF,Italy,Jamaica,0,1,0
FR,Germany,Spain,2,6,2
JL,Germany,Japan,3,2,3
LX,Switzerland,Italy,4,9,4
AC,Costa Rica,United Kingdom,0,2,0
W6,Italy,Republic of Ireland,0,1,0
W6,Italy,Iceland,3,12,3
W6,Morocco,Italy,6,2,6
FR,Italy,Kenya,0,1,0
HY,Uzbekistan,Uzbekistan,0,1,0
LH,Mauritius,Spain,0,1,0
W6,Albania,United Kingdom,0,1,0
TB,Belgium,Greece,0,1,0
RO,France,Romania,0,1,0
FR,Malta,Austria,1,0,1
SK,Belgium,Sweden,0,1,0
VY,Spain,Belgium,1,0,1
U2,France,Italy,113,17,112
EK,India,Germany,0,6,0
QR,Italy,Vietnam,13,13,13
CA,Italy,Philippines,0,3,0
LX,Italy,Namibia,0,2,0
XZ,Italy,Sweden,0,1,0
5W,United Arab Emirates,Italy,0,3,0
QF,Australia,United Kingdom,1,0,1
D7,Australia,India,0,3,0
AV,Peru,,0,1,0
BX,South Korea,South Korea,0,1,0
CA,Cambodia,Italy,0,1,0
5W,United Arab Emirates,Maldives,1,2,1
KL,Germany,Italy,3,4,3
LH,Germany,Poland,2,0,2
U2,Italy,United States,2,4,2
JQ,Australia,New Zealand,2,0,2
MU,China,Italy,0,2,0
CA,Italy,South Korea,0,7,0
LH,Italy,Romania,4,2,4
OS,Italy,Netherlands,1,0,1
KL,Switzerland,Italy,0,2,0
W4,Italy,Sweden,4,1,4
EK,Germany,Mauritius,2,0,2
W4,Italy,Cuba,0,2,0
TK,Italy,Uzbekistan,2,3,2
Y4,Peru,Italy,0,1,0
U2,Sweden,Switzerland,0,1,0
UX,Bolivia,Italy,0,1,0
EN,Italy,Sweden,0,1,0
U2,Greece,Italy,83,5,82
FR,Spain,Portugal,1,4,1
LH,Italy,Namibia,5,1,5
W9,United Kingdom,Romania,2,0,2
A3,Italy,Armenia,1,0,1
V7,Italy,Germany,1,3,1
FR,Italy,Latvia,0,7,0
FR,Greece,Spain,0,1,0
AF,Italy,Switzerland,3,2,3
TW,South Korea,South Korea,4,0,4
SQ,United States,Spain,0,1,0
OU,Italy,Croatia,2,2,2
A3,Spain,Greece,1,0,1
FJ,Japan,Fiji,0,1,0
FR,Hungary,Belgium,1,0,1
U2,Malta,Italy,16,0,16
ID,Thailand,Indonesia,0,6,0
G9,Italy,United Arab Emirates,0,8,0
TP,Italy,Spain,0,3,0
VY,Italy,Argentina,1,1,1
LX,Italy,Philippines,0,2,0
FR,Poland,United Kingdom,1,0,1
D7,Malaysia,Indonesia,0,2,0
W6,Romania,United Arab Emirates,0,1,0
OS,Austria,Greece,1,0,1
FR,Republic of Ireland,Portugal,0,1,0
A3,Greece,Romania,0,1,0
EK,Philippines,Italy,1,4,1
AK,Thailand,Malaysia,0,5,0
NO,Dominican Republic,Italy,3,4,3
U2,Italy,Luxembourg,11,2,11
EK,Vietnam,United Arab Emirates,1,0,1
EY,Italy,Malaysia,4,3,4
U2,United Kingdom,Portugal,2,0,2
FR,Italy,Sri Lanka,0,1,0
BR,Italy,Taiwan,0,2,0
LH,Malta,India,2,0,2
TK,Iran,Italy,0,1,0
AA,United States,Canada,1,0,1
TK,Ivory Coast,Turkey,0,1,0
3O,Morocco,France,6,0,6
DY,Italy,Denmark,0,42,0
6E,Italy,India,14,21,14
LH,Dominican Republic,United States,0,1,0
AR,Italy,Argentina,0,69,0
W6,Greece,Albania,1,0,1
FR,Italy,Martinique,0,2,0
KL,France,Germany,0,1,0
W6,Germany,Republic of Macedonia,0,2,0
VY,Italy,Croatia,13,10,13
OK,Italy,Czech Republic,0,3,0
LH,United Kingdom,Italy,11,0,11
U2,Italy,Iceland,18,7,18
FY,Malaysia,Malaysia,4,2,4
S4,Italy,Canada,0,1,0
U2,Italy,Latvia,0,3,0
TK,Venezuela,Italy,6,5,6
AA,United States,Dominican Republic,7,0,7
SK,Denmark,United States,1,0,1
TK,Georgia,Spain,0,1,0
DY,Sweden,Finland,0,3,0
OS,Thailand,Italy,1,0,1
SN,Belgium,United Kingdom,1,0,1
OS,Italy,,0,2,0
TX,United States,French Polynesia,0,1,0
FZ,Slovenia,United Arab Emirates,1,0,1
TK,Iran,Sweden,0,1,0
SK,France,Italy,1,0,1
W6,Italy,France,55,89,54
W4,Albania,Sweden,3,0,3
TP,Belgium,Portugal,0,1,0
UL,India,Sri Lanka,0,2,0
AC,Greece,Canada,1,0,1
SK,Estonia,Sweden,2,1,2
SA,South Africa,Zimbabwe,0,2,0
FI,Italy,Iceland,0,4,0
CM,Venezuela,Italy,0,1,0
LH,Tanzania,Mexico,0,1,0
NZ,Italy,New Zealand,1,1,1
U2,Spain,Switzerland,1,0,1
OS,Republic of Kosovo,Italy,0,1,0
IB,Ecuador,Italy,0,1,0
FR,Germany,Belgium,1,0,1
LX,Italy,Hungary,0,1,0
AY,Finland,Italy,15,0,15
HV,France,Italy,21,6,21
AF,Germany,Italy,4,26,4
FR,Belgium,United Kingdom,3,1,3
CZ,Italy,Mexico,0,1,0
EN,Italy,United States,0,8,0
LO,Italy,,0,3,0
KL,France,Austria,0,1,0
AF,United Kingdom,Argentina,1,0,1
IB,Portugal,Brazil,2,0,2
SK,Italy,Poland,0,1,0
KL,Netherlands,Italy,11,16,11
AY,Finland,Finland,1,0,1
OS,United States,United States,0,2,0
FI,United States,Switzerland,0,2,0
W4,Croatia,Italy,2,4,2
TK,Turkey,Uzbekistan,0,2,0
MH,Thailand,Malaysia,0,1,0
TK,Vietnam,Italy,2,0,2
A3,Cyprus,Greece,1,0,1
TP,Italy,Ghana,0,3,0
FR,Cyprus,Greece,0,1,0
U2,Italy,Czech Republic,33,9,33
AF,Italy,Nigeria,4,3,4
UA,Cuba,Nicaragua,2,0,2
XZ,Italy,France,0,1,0
VB,Mexico,Mexico,7,3,7
BA,United States,Portugal,2,0,2
LA,Paraguay,Italy,0,2,0
AF,Canada,India,1,0,1
AF,Italy,Ghana,1,0,1
NE,Italy,Egypt,0,1,0
W4,Italy,Malta,0,2,0
AK,Malaysia,Cambodia,0,2,0
EY,Maldives,Italy,1,0,1
6E,India,Thailand,0,3,0
SN,Italy,Cameroon,0,1,0
FI,Iceland,Italy,1,2,1
OS,Poland,Italy,1,1,1
MK,Italy,Mauritius,0,9,0
TK,South Africa,Italy,0,5,0
A3,Germany,Egypt,0,3,0
Q4,Cuba,Spain,0,4,0
PC,Iraq,Turkey,1,0,1
KL,Italy,Tanzania,1,0,1
AF,Argentina,Italy,0,1,0
AC,Canada,Colombia,1,0,1
JU,Italy,Bosnia and Herzegovina,1,0,1
AA,Cuba,United States,1,0,1
OZ,South Korea,United States,0,1,0
EW,Sweden,Italy,1,6,1
IB,Italy,,0,7,0
TR,Greece,Thailand,0,1,0
AT,Italy,Togo,2,0,2
AF,Italy,South Africa,1,2,1
5J,Singapore,United Arab Emirates,0,1,0
KL,Italy,Poland,2,1,2
OZ,Japan,Italy,0,2,0
AF,Italy,Rwanda,0,1,0
E9,Costa Rica,Spain,1,1,1
KC,Kazakhstan,Turkey,0,1,0
W4,Albania,Germany,1,0,1
KL,Hungary,Netherlands,1,0,1
KQ,Italy,Madagascar,0,1,0
LH,Portugal,Italy,1,0,1
FI,Italy,United States,5,5,5
W6,Italy,Sri Lanka,0,6,0
LX,Germany,Mexico,0,1,0
Z0,United Kingdom,Costa Rica,0,1,0
VY,Egypt,Italy,0,1,0
LA,Italy,Ecuador,0,1,0
KL,Italy,Vietnam,0,2,0
GF,Italy,Singapore,0,2,0
KL,Norway,Italy,1,1,1
U2,Luxembourg,Portugal,2,0,2
SN,Belgium,United States,1,0,1
TB,France,,0,1,0
BY,United Kingdom,Italy,1,0,1
PC,Kazakhstan,Suriname,0,1,0
H4,Romania,Romania,0,6,0
Z2,Philippines,Malaysia,0,1,0
KL,Italy,Republic of Ireland,2,1,2
EW,France,Germany,1,1,1
AC,Belgium,United States,0,2,0
UX,Brazil,Italy,0,2,0
X3,Germany,Greece,0,2,0
PC,Italy,Belarus,0,1,0
KL,Mexico,Italy,0,3,0
TK,Iraq,Switzerland,0,1,0
KL,Netherlands,France,1,0,1
AF,Italy,Germany,0,3,0
SV,Italy,Australia,0,1,0
BX,South Korea,Vietnam,0,1,0
K6,Cambodia,Cambodia,0,2,0
G9,Bangladesh,Italy,0,1,0
VY,France,Italy,61,10,60
EK,Italy,United Arab Emirates,33,28,33
KL,Denmark,Norway,1,0,1
6E,Italy,Thailand,1,5,1
KL,Italy,Estonia,0,1,0
SN,Italy,Canada,0,1,0
EK,Italy,Portugal,0,1,0
HA,Australia,United States,0,1,0
SK,Italy,Germany,1,7,1
R5,Jordan,Egypt,0,1,0
U2,Spain,,0,1,0
FR,Poland,Greece,1,0,1
IB,Italy,Argentina,15,7,15
GQ,Italy,Greece,37,84,37
TK,Malta,Turkey,0,2,0
DY,Sweden,Italy,0,2,0
RO,United Kingdom,Moldova,0,1,0
A3,Greece,Germany,1,2,1
KL,Peru,Italy,3,1,3
PC,Italy,Oman,1,3,1
JU,Serbia,Bosnia and Herzegovina,0,3,0
DY,France,Denmark,0,3,0
IB,Mexico,Italy,2,0,2
LH,Italy,Jordan,1,1,1
JQ,Indonesia,United Kingdom,0,1,0
TK,Germany,Philippines,0,1,0
UA,Canada,Japan,0,1,0
AZ,Italy,French Polynesia,0,1,0
W6,Italy,Austria,0,10,0
OD,Sri Lanka,Singapore,0,2,0
FR,Slovakia,Italy,2,1,2
KE,Japan,Italy,1,3,1
W4,Italy,Malaysia,0,1,0
RJ,Italy,Thailand,0,5,0
QR,Italy,Sudan,1,0,1
VY,Spain,Germany,2,0,2
AC,Guatemala,Italy,0,1,0
"",Republic of Macedonia,Switzerland,1,0,1
NO,Cape Verde,Cape Verde,0,1,0
FR,Norway,Italy,0,3,0
TK,Italy,Kyrgyzstan,5,2,5
FD,Thailand,Laos,0,2,0
EK,Italy,Philippines,3,5,3
SV,Italy,,0,2,0
UX,Peru,Italy,0,2,0
MS,Egypt,Austria,0,1,0
BZ,Israel,Greece,0,1,0
XQ,France,Turkey,0,1,0
W4,Romania,Germany,1,0,1
TK,Italy,Saudi Arabia,1,1,1
L9,Italy,Bosnia and Herzegovina,0,1,0
W6,Italy,Hungary,95,54,94
W4,Italy,United Kingdom,70,61,69
U2,Netherlands,Denmark,6,1,6
EY,United Arab Emirates,Indonesia,0,3,0
MU,Italy,Australia,0,6,0
QR,Vietnam,Italy,1,1,1
XQ,Germany,Turkey,0,1,0
4Z,South Africa,Zimbabwe,0,2,0
U2,Belgium,France,1,0,1
FM,China,Italy,0,1,0
ZB,Albania,Italy,0,11,0
SN,Belgium,Italy,29,16,29
W6,Italy,Georgia,5,4,5
OK,Czech Republic,Italy,0,2,0
TR,Singapore,Indonesia,1,2,1
FR,Austria,Greece,1,4,1
W6,Italy,Colombia,0,2,0
U2,United Kingdom,Greece,1,0,1
W4,Montenegro,Italy,1,0,1
VY,Italy,The Gambia,0,4,0
Y4,Peru,,0,1,0
QR,Italy,Kenya,3,1,3
SV,Germany,Mauritius,1,0,1
F9,Dominican Republic,Puerto Rico,0,1,0
NO,Italy,Mexico,1,0,1
IB,Mexico,Spain,2,0,2
BY,Italy,United Kingdom,22,0,22
MM,Japan,,0,8,0
EY,Italy,Bangladesh,0,1,0
9U,Italy,Turkey,0,1,0
W4,Luxembourg,Italy,0,2,0
LH,Italy,Nicaragua,0,1,0
EK,China,Italy,0,1,0
LX,Italy,Cape Verde,1,0,1
KL,Italy,Brazil,2,5,2
SN,Belgium,Israel,1,0,1
W6,France,Italy,25,16,25
DL,Italy,United States,42,0,42
WY,Italy,Oman,2,12,2
6E,Italy,Maldives,0,2,0
I2,Italy,Spain,53,0,52
Z9,Malaysia,Malaysia,0,3,0
FR,Israel,Italy,1,6,1
CA,Italy,Taiwan,0,9,0
IB,France,,0,1,0
A3,Greece,Greece,9,6,9
PC,Italy,United Arab Emirates,2,2,2
TK,United Arab Emirates,Italy,1,1,1
FI,United States,Italy,0,2,0
AF,France,Spain,2,1,2
W4,Italy,Jordan,0,1,0
U2,United Kingdom,Isle of Man,1,0,1
LX,Greece,Italy,0,1,0
LX,Switzerland,Greece,0,1,0
FR,Belgium,Romania,0,1,0
PC,Switzerland,Turkey,1,1,1
U2,Italy,Malta,55,7,54
V7,France,France,5,1,5
AF,France,South Africa,0,1,0
MS,Italy,Iraq,0,1,0
W4,Italy,Pakistan,0,2,0
LH,Italy,Slovenia,0,1,0
FR,Luxembourg,,0,4,0
AF,Guadeloupe,France,0,1,0
AZ,Italy,Switzerland,7,16,7
DY,Denmark,Norway,0,2,0
IB,Switzerland,Cuba,1,0,1
AF,Spain,France,3,1,3
LA,Ecuador,Ecuador,1,0,1
EN,Italy,Singapore,0,1,0
WY,India,Italy,1,2,1
AA,United States,United States,24,0,24
CZ,Taiwan,China,0,1,0
KL,Spain,Mexico,4,0,4
LH,Italy,Dominican Republic,2,3,2
TK,Italy,Ivory Coast,2,2,2
TR,Indonesia,,0,1,0
FR,Estonia,Austria,1,0,1
5F,Moldova,Italy,0,3,0
TK,Indonesia,Morocco,0,1,0
9C,China,China,2,2,2
S4,Italy,Portugal,1,2,1
HV,France,Armenia,1,0,1
QG,Indonesia,Indonesia,0,7,0
CM,Brazil,Spain,0,1,0
EK,Japan,Italy,1,0,1
SK,Lithuania,United Kingdom,0,1,0
AF,Italy,Ivory Coast,0,1,0
VY,Algeria,France,0,1,0
UX,France,Cuba,1,1,1
CI,Indonesia,Taiwan,0,3,0
SQ,Italy,Vietnam,1,3,1
QR,Thailand,Italy,8,2,8
AF,France,United States,4,4,4
XZ,Italy,Belgium,0,1,0
ET,Italy,Namibia,0,2,0
TR,Indonesia,Morocco,0,3,0
F9,Mexico,United States,0,1,0
OS,Bulgaria,Germany,1,0,1
8D,Sri Lanka,India,0,1,0
SQ,Germany,Singapore,2,0,2
EI,Italy,Republic of Ireland,20,52,20
5J,Philippines,United Arab Emirates,2,7,2
HM,Seychelles,Seychelles,0,6,0
AY,Italy,Sweden,2,0,2
XJ,Thailand,Japan,0,1,0
BR,Italy,Philippines,0,2,0
EK,France,United Arab Emirates,1,1,1
EK,Pakistan,Italy,1,0,1
OS,Italy,India,0,1,0
BA,United States,France,1,0,1
FR,Italy,Albania,0,10,0
KL,Italy,Argentina,0,2,0
SV,Saudi Arabia,Saudi Arabia,1,0,1
WN,Mexico,United States,0,1,0
EN,Italy,Kenya,0,1,0
LH,Italy,Ecuador,0,1,0
AR,Chile,Argentina,0,1,0
DL,Mexico,Italy,1,0,1
N0,Italy,Guatemala,0,1,0
IB,Spain,Maldives,0,1,0
BA,Argentina,France,1,0,1
FR,Italy,Paraguay,0,4,0
AR,Argentina,United States,0,2,0
DL,Belgium,,1,0,1
RO,Romania,Moldova,0,2,0
KE,Peru,Italy,0,2,0
LH,Kenya,Italy,10,1,10
BA,United States,The Bahamas,0,1,0
W6,Italy,Republic of Kosovo,0,3,0
JL,Japan,Japan,4,0,4
W4,Italy,Netherlands,0,3,0
NO,Mexico,Italy,2,0,2
AF,Italy,Mexico,6,7,6
HC,Italy,Senegal,0,5,0
TK,Slovenia,Turkey,1,1,1
U2,Switzerland,Greece,1,0,1
LH,South Korea,Italy,1,0,1
EI,United States,Italy,2,6,2
UX,Italy,Mexico,5,13,5
SQ,Italy,Australia,33,2,33
LH,Italy,Netherlands,8,10,8
TK,Italy,Kenya,1,5,1
MS,Italy,Tanzania,0,8,0
LH,Italy,Finland,6,2,6
H2,Peru,Mexico,0,1,0
W4,Armenia,Italy,11,4,11
LG,Luxembourg,Italy,3,8,3
UX,Italy,Peru,2,14,2
CI,Italy,Taiwan,0,3,0
ET,Italy,South Africa,2,2,2
EW,Italy,,0,1,0
CZ,Italy,China,0,3,0
6E,Italy,Nepal,1,1,1
2B,Italy,United Arab Emirates,0,1,0
AF,Switzerland,France,1,0,1
UX,Belgium,Dominican Republic,0,1,0
AF,Switzerland,United States,2,0,2
SP,Portugal,Portugal,2,1,2
OG,Belgium,Canada,1,0,1
Y4,Mexico,Peru,0,1,0
JU,Italy,Greece,0,10,0
W4,Italy,Spain,426,410,422
W6,Spain,Romania,0,2,0
XK,France,Italy,0,1,0
5W,Uzbekistan,United Arab Emirates,0,1,0
PC,Italy,Lebanon,6,2,6
KL,France,Netherlands,3,0,3
MT,Italy,Egypt,0,1,0
U2,Italy,Israel,9,0,9
BA,United Kingdom,Bangladesh,0,4,0
9U,Italy,,0,1,0
E9,Spain,Cuba,6,17,6
NK,United States,Italy,0,11,0
AK,Malaysia,Singapore,0,5,0
MU,Germany,Japan,0,2,0
AA,France,,4,0,4
NO,Italy,,0,5,0
6H,Israel,Italy,0,1,0
DY,Italy,Sweden,0,28,0
AF,Italy,Faroe Islands,1,6,1
LX,Belgium,Italy,3,2,3
FR,Cyprus,Malta,1,0,1
W6,Italy,Dominican Republic,0,5,0
VY,Spain,United States,0,1,0
LH,Italy,New Zealand,0,3,0
CI,Italy,South Korea,1,0,1
U2,Italy,Albania,0,1,0
PC,Iran,Italy,0,1,0
W6,Italy,Costa Rica,0,1,0
AZ,Italy,United Kingdom,11,24,11
UX,Italy,Dominican Republic,8,20,8
E5,Egypt,Italy,7,7,7
A3,Italy,Jordan,1,3,1
LH,Italy,Republic of Ireland,6,1,6
W9,France,United Kingdom,0,1,0
AZ,Italy,Mauritius,0,1,0
TP,Brazil,Portugal,0,1,0
LX,Italy,Denmark,1,1,1
AZ,Italy,Kuwait,0,1,0
TK,Iraq,Italy,1,0,1
UA,Costa Rica,Italy,0,11,0
HV,Netherlands,Italy,15,1,15
IB,Senegal,,0,3,0
BA,Switzerland,United Kingdom,2,0,2
TR,Greece,Singapore,2,0,2
FR,Belgium,Greece,1,0,1
IB,Mexico,France,0,1,0
AZ,Italy,Costa Rica,0,1,0
SN,Switzerland,Belgium,1,0,1
AA,Mexico,Italy,1,0,1
VY,Italy,Morocco,1,7,1
QZ,Thailand,Indonesia,0,3,0
QR,Italy,Seychelles,2,7,2
BA,United Kingdom,United Kingdom,1,0,1
PC,Czech Republic,Turkey,1,2,1
OS,Germany,Italy,1,6,1
TK,Italy,Japan,2,5,2
AY,Republic of Ireland,Finland,1,0,1
AZ,Italy,Croatia,1,10,1
XQ,Turkey,Switzerland,0,1,0
TP,Portugal,Cape Verde,1,2,1
AY,Belgium,Finland,1,0,1
AT,Morocco,France,0,5,0
OG,Italy,Canada,1,0,1
FD,Singapore,Cambodia,0,1,0
W4,France,Albania,0,1,0
LH,Italy,Taiwan,0,1,0
OS,Italy,Jordan,1,0,1
LO,Spain,Czech Republic,0,1,0
TK,Italy,Guatemala,0,1,0
DY,Sweden,Norway,0,2,0
W6,Lithuania,Italy,1,1,1
LH,Italy,Bulgaria,1,1,1
LG,Italy,Vietnam,0,1,0
U2,Italy,Romania,0,1,0
NK,United States,United States,9,35,9
AZ,Luxembourg,Italy,0,2,0
EW,Italy,Greece,0,2,0
SQ,Italy,Malaysia,1,3,1
AZ,Italy,Nigeria,0,2,0
G9,India,Italy,1,2,1
HU,China,Italy,0,1,0
JU,Albania,Sweden,1,0,1
TK,Italy,Nigeria,2,4,2
OS,Luxembourg,Greece,0,1,0
LH,Italy,Switzerland,0,3,0
HV,France,Netherlands,1,1,1
IB,Spain,El Salvador,2,0,2
DY,Norway,Norway,0,8,0
UX,Colombia,Spain,0,4,0
OR,Aruba,Cyprus,0,2,0
QR,Italy,South Korea,1,0,1
FR,Italy,Saint Lucia,0,1,0
LH,Germany,Estonia,1,0,1
MS,Egypt,France,0,12,0
AZ,Spain,Italy,2,17,2
VY,Italy,Italy,31,20,31
LA,Peru,Italy,0,9,0
FR,Poland,Spain,0,1,0
AZ,Morocco,Italy,0,1,0
SK,Denmark,Sweden,0,1,0
FR,Sweden,Austria,1,0,1
KL,Italy,Thailand,1,1,1
EY,United Arab Emirates,Thailand,0,1,0
AZ,Italy,Peru,0,9,0
MS,Egypt,Italy,0,41,0
W6,Portugal,Italy,11,17,11
N0,United States,Norway,2,1,2
LX,Germany,Italy,3,2,3
AV,Costa Rica,Italy,0,4,0
LH,Czech Republic,Italy,1,0,1
SN,Italy,Sweden,1,1,1
A3,Albania,Greece,1,1,1
FR,Sweden,Sweden,3,1,3
WS,Canada,United States,1,1,1
AY,Finland,Czech Republic,0,1,0
WY,Italy,Malaysia,0,19,0
U2,Italy,Croatia,84,8,83
AZ,Switzerland,Italy,0,7,0
W9,Czech Republic,United Kingdom,1,0,1
AI,Italy,Japan,0,8,0
JZ,Peru,Italy,0,2,0
CY,Egypt,Italy,0,1,0
LH,Italy,Bosnia and Herzegovina,1,0,1
VY,Spain,Switzerland,2,1,2
QR,Italy,Tanzania,1,1,1
SQ,Hong Kong,Italy,1,0,1
TU,Italy,Senegal,0,1,0
LX,Italy,Maldives,0,1,0
PC,Turkey,France,1,0,1
BA,Belgium,United States,0,1,0
AZ,Germany,Italy,13,53,13
ET,Italy,Ivory Coast,0,7,0
TR,Singapore,Australia,1,1,1
AT,Italy,Senegal,0,10,0
EY,Italy,Pakistan,0,3,0
TK,France,Turkey,2,5,2
EK,Saudi Arabia,Indonesia,0,1,0
FZ,Tanzania,United Arab Emirates,1,0,1
KL,Italy,Sweden,1,0,1
TP,Cape Verde,Italy,2,0,2
W6,Italy,Cuba,0,1,0
AT,Tunisia,Morocco,0,1,0
AF,Switzerland,Japan,1,0,1
KC,Kazakhstan,Kazakhstan,1,2,1
BA,Germany,United States,2,1,2
QR,Italy,China,7,0,7
CX,United Kingdom,Japan,0,1,0
UX,Bolivia,Spain,1,2,1
EN,Italy,,0,3,0
AI,India,Italy,0,3,0
IB,Chile,Spain,0,1,0
DY,Denmark,Denmark,0,1,0
G9,Italy,Uganda,0,1,0
VS,France,United States,0,1,0
U2,United Kingdom,Croatia,1,0,1
MF,Italy,China,0,5,0
SV,Italy,Jordan,1,2,1
AZ,Montenegro,Italy,0,1,0
JA,Argentina,Chile,0,1,0
LH,Germany,Netherlands,1,0,1
W9,Romania,United Kingdom,1,0,1
OB,Bolivia,Italy,0,4,0
KL,Netherlands,United States,1,3,1
FD,Thailand,Cambodia,0,2,0
LH,Thailand,Italy,5,0,5
RJ,Jordan,Egypt,0,1,0
MS,Nigeria,Italy,0,1,0
TP,Morocco,Italy,5,3,5
AY,Italy,Thailand,4,0,4
FR,Italy,Saudi Arabia,0,4,0
ET,Italy,Ethiopia,2,2,2
AZ,Italy,Sweden,0,2,0
AF,Italy,The Gambia,0,1,0
FR,Morocco,Spain,5,1,5
J2,Uzbekistan,Italy,0,1,0
TK,Turkey,United States,4,0,4
KL,Italy,Puerto Rico,1,0,1
EN,Italy,Thailand,0,4,0
SN,Italy,The Gambia,0,3,0
TK,Belgium,United Arab Emirates,0,1,0
V7,France,Spain,0,1,0
TP,Italy,Mexico,8,14,8
W6,Italy,Bulgaria,11,29,11
LH,Germany,Italy,43,54,43
EW,Italy,Czech Republic,17,5,17
TB,Morocco,France,1,1,1
AC,Canada,Italy,1,3,1
LO,Italy,Moldova,0,1,0
PU,Colombia,Spain,0,3,0
QZ,Malaysia,Indonesia,0,2,0
TK,Italy,Seychelles,0,1,0
HV,Greece,France,1,0,1
U2,Iceland,Italy,6,1,6
NO,Italy,Tanzania,9,4,9
MU,Italy,China,0,15,0
HA,United States,United States,0,6,0
SK,Italy,Thailand,0,2,0
N0,Italy,Aruba,0,1,0
KL,Italy,Czech Republic,1,0,1
AH,Algeria,Algeria,0,1,0
U2,Italy,Norway,0,1,0
BF,United States,Italy,0,4,0
LH,Lithuania,Italy,0,1,0
W4,Greece,Albania,1,1,1
TP,Senegal,United States,1,0,1
UK,United Arab Emirates,Thailand,1,2,1
BA,Italy,Sri Lanka,1,0,1
AM,Italy,,0,8,0
AY,Italy,Lithuania,0,1,0
MS,Italy,South Africa,0,9,0
UX,Spain,Dominican Republic,0,2,0
LX,Switzerland,United States,8,6,8
AT,Italy,Ghana,0,8,0
VY,Italy,Romania,0,1,0
SQ,Italy,Singapore,2,4,2
FD,India,Thailand,0,3,0
LH,Italy,Mexico,1,7,1
W4,Estonia,Italy,2,0,2
AV,Chile,Spain,1,0,1
SV,Italy,Mauritius,1,1,1
LH,Italy,Nigeria,4,0,4
W6,Netherlands,Morocco,0,1,0
AT,Italy,Guinea,0,3,0
AY,Italy,,0,3,0
IB,Spain,Panama,0,1,0
SK,Italy,Finland,0,2,0
AI,India,Nepal,0,1,0
CM,Colombia,Venezuela,1,1,1
U2,Italy,Cyprus,22,0,22
U2,France,France,18,8,18
LA,Argentina,Spain,1,2,1
AZ,Italy,Canada,0,2,0
TS,Canada,United Kingdom,2,0,2
AA,Spain,Honduras,1,0,1
KL,Belgium,United States,0,1,0
DY,Finland,Sweden,0,1,0
EW,Italy,Turkey,0,3,0
SL,Thailand,Indonesia,0,1,0
DE,Italy,,1,0,1
ET,Italy,Eritrea,0,1,0
W6,Italy,Philippines,0,10,0
W6,Italy,Saudi Arabia,30,20,30
AT,Italy,Nigeria,1,3,1
BJ,France,Tunisia,1,2,1
AF,Italy,Uzbekistan,0,1,0
VY,Argentina,,0,3,0
WY,Italy,Singapore,0,1,0
LA,Spain,Chile,0,1,0
LX,Switzerland,Philippines,0,1,0
U2,Germany,Italy,40,40,40
W6,Spain,Italy,12,26,12
A3,Switzerland,Greece,0,2,0
TK,Senegal,Italy,2,3,2
MU,Vietnam,Greece,0,4,0
LX,Italy,Norway,1,0,1
AD,Brazil,Portugal,0,1,0
SK,Germany,,0,3,0
DE,Germany,Italy,1,1,1
PC,Germany,Maldives,0,1,0
FR,Italy,Mexico,0,2,0
SV,Saudi Arabia,Italy,0,1,0
E5,Italy,Indonesia,0,2,0
KL,Italy,French Polynesia,0,1,0
KL,Spain,Italy,1,1,1
5W,United Arab Emirates,Oman,1,0,1
NO,Italy,Canada,0,1,0
TK,Italy,Burkina Faso,0,2,0
OG,Denmark,Iceland,0,1,0
AV,Costa Rica,,0,3,0
"",Spain,Chile,1,0,1
XZ,Italy,Greece,63,15,62
AF,France,United Kingdom,1,11,1
KL,Italy,Martinique,0,2,0
AF,Italy,Madagascar,1,0,1
ME,Italy,Lebanon,3,6,3
GF,Italy,Thailand,0,21,0
LH,Italy,India,6,9,6
W4,Romania,France,0,2,0
JU,Italy,Croatia,0,2,0
IB,Germany,Spain,2,2,2
QR,Netherlands,Nepal,3,0,3
TK,Georgia,Romania,0,1,0
XQ,Hungary,Turkey,0,1,0
VY,Spain,Greece,0,1,0
SV,Italy,Malaysia,7,10,7
FR,Greece,Italy,46,35,46
VY,Portugal,Netherlands,1,0,1
FR,France,Spain,1,5,1
AV,Colombia,Colombia,4,15,4
EY,Indonesia,Morocco,0,1,0
UA,United States,Italy,1,5,1
W4,Italy,Egypt,2,3,2
AF,Sint Maarten,Italy,1,1,1
PC,Turkey,United Kingdom,1,1,1
CM,Belize,Panama,0,5,0
EY,Italy,Thailand,18,21,18
LA,Italy,Peru,2,15,2
W6,Austria,Israel,0,2,0
VY,Spain,,0,2,0
OS,Egypt,Germany,2,2,2
AC,Switzerland,Canada,1,1,1
GQ,Italy,Madagascar,0,1,0
OS,Italy,Greece,2,3,2
KL,United States,United States,0,6,0
FR,Italy,Cyprus,27,39,27
TR,Germany,Vietnam,1,0,1
AF,Italy,Burkina Faso,0,3,0
FR,Spain,Republic of Ireland,3,0,3
TK,Iraq,,0,1,0
4Y,Italy,Germany,0,1,0
V7,Belgium,France,2,0,2
EN,Germany,Italy,1,1,1
G9,United Arab Emirates,Sri Lanka,1,0,1
AF,Italy,Réunion,1,0,1
FR,Spain,Belgium,1,0,1
LH,Italy,United Kingdom,8,10,8
A3,Greece,Turkey,1,2,1
AZ,Italy,Democratic Republic of the Congo,0,5,0
W6,Italy,Vietnam,0,6,0
LH,Italy,Croatia,0,2,0
EI,United States,France,0,2,0
U2,Switzerland,Spain,1,1,1
OS,Italy,Romania,0,1,0
V7,Greece,Italy,33,28,33
IB,Italy,Panama,4,3,4
FR,Denmark,United Kingdom,0,1,0
F3,Saudi Arabia,Egypt,0,2,0
AF,Peru,France,0,1,0
EY,Italy,Cambodia,0,1,0
FR,Italy,China,0,1,0
LH,Italy,Israel,1,0,1
VY,France,Morocco,0,3,0
LX,United States,Italy,1,0,1
AZ,Italy,Egypt,7,15,7
U2,Portugal,Italy,30,13,30
W6,Italy,China,0,1,0
FR,Greece,Greece,3,5,3
FR,Italy,Canada,0,1,0
AF,Italy,Chile,1,4,1
SK,Italy,United Kingdom,0,1,0
PC,Albania,Turkey,0,2,0
LX,Switzerland,Indonesia,0,1,0
JA,Brazil,,0,1,0
9U,Italy,Moldova,0,17,0
EY,Spain,Japan,2,0,2
SQ,Switzerland,Australia,0,2,0
W6,Netherlands,Italy,5,2,5
FR,Germany,United Kingdom,2,1,2
LX,United Arab Emirates,Luxembourg,2,0,2
I2,Spain,Spain,23,0,23
UX,Portugal,Italy,0,2,0
KL,United States,Puerto Rico,0,2,0
LO,Czech Republic,,0,5,0
AY,Italy,Denmark,1,0,1
TK,Italy,Azerbaijan,2,1,2
6E,Singapore,Italy,0,2,0
UX,Italy,Bolivia,0,3,0
UX,Spain,Bolivia,0,1,0
TP,Brazil,Italy,4,12,4
"",Argentina,Italy,8,0,8
CA,Italy,Thailand,0,21,0
OS,Italy,Austria,54,82,53
BA,Brazil,Italy,0,5,0
EY,Thailand,Italy,3,4,3
EK,Iran,Italy,3,0,3
EK,Italy,Tanzania,6,2,6
BR,Taiwan,Italy,0,1,0
IB,Portugal,Italy,4,0,4
LH,Spain,Germany,2,2,2
JU,Italy,,0,3,0
W6,Italy,Thailand,0,20,0
CA,Thailand,Italy,0,3,0
AT,Italy,Ivory Coast,0,5,0
FR,Austria,Republic of Ireland,0,1,0
WF,Norway,Sweden,0,1,0
AF,Italy,Honduras,0,1,0
TR,Greece,Australia,0,6,0
QR,Italy,Hong Kong,4,3,4
SQ,Italy,Spain,4,9,4
OS,Romania,Italy,2,1,2
W6,United Kingdom,Romania,1,2,1
HV,France,Spain,3,1,3
CA,Italy,Cambodia,0,1,0
CD,Netherlands,The Gambia,0,1,0
SQ,Singapore,Malaysia,0,1,0
AF,Italy,Argentina,0,2,0
VY,Spain,France,3,3,3
LO,Poland,Italy,1,1,1
W6,Cyprus,France,0,1,0
FR,Italy,Estonia,7,8,7
FR,Germany,Italy,84,144,83
W6,Italy,Sweden,0,3,0
W6,Italy,Croatia,0,12,0
U2,United Kingdom,Malta,0,1,0
TK,Italy,India,0,3,0
FR,Italy,South Korea,0,1,0
CZ,Italy,,0,2,0
PC,Kazakhstan,Turkey,0,1,0
VN,Vietnam,United Arab Emirates,2,0,2
U2,Italy,United Kingdom,215,32,213
SQ,China,Singapore,2,1,2
PC,Italy,Iraq,0,2,0
QZ,Australia,Indonesia,0,1,0
FM,Japan,China,0,5,0
KL,Netherlands,Thailand,0,1,0
SN,Belgium,France,1,0,1
LH,Germany,Sweden,0,1,0
W4,United Kingdom,Italy,29,6,29
EK,Bangladesh,Italy,2,0,2
VN,Laos,Vietnam,0,2,0
LH,Italy,Singapore,1,1,1
SQ,Thailand,Italy,2,0,2
QZ,Indonesia,Australia,0,1,0
TK,Italy,Israel,1,0,1
TK,Turkey,Turkey,37,10,37
W6,Italy,Israel,35,18,35
LA,Chile,Chile,1,12,1
W6,Italy,Oman,0,2,0
VY,France,Netherlands,0,6,0
OK,Spain,Czech Republic,0,1,0
HV,Morocco,France,1,0,1
AD,Brazil,Brazil,0,29,0
AF,Italy,Martinique,5,6,5
LH,Portugal,Germany,0,2,0
AZ,France,Italy,9,11,9
W4,Iceland,Italy,2,0,2
HV,Netherlands,Greece,0,1,0
AY,South Korea,Italy,0,1,0
W6,Albania,Isle of Man,0,1,0
Y4,Guatemala,Mexico,0,2,0
5W,United Arab Emirates,Cyprus,0,1,0
WS,Canada,Republic of Ireland,0,2,0
TP,Portugal,Italy,12,13,12
3O,Italy,Morocco,74,43,73
HV,Slovenia,Netherlands,1,0,1
JA,Chile,Chile,6,1,6
LH,Italy,China,0,15,0
QR,Italy,Japan,2,1,2
TK,Italy,Cameroon,1,0,1
EY,Italy,Philippines,4,2,4
LX,Italy,Thailand,8,17,8
V7,Italy,Spain,54,68,53
LH,India,Italy,3,0,3
TP,Senegal,Italy,0,2,0
IB,Spain,Mexico,8,3,8
FR,Italy,Chile,0,1,0
JU,Italy,Montenegro,1,0,1
SG,India,Italy,0,2,0
FR,Latvia,Austria,1,0,1
AY,Greece,Italy,1,0,1
U2,France,United Kingdom,8,0,8
2W,Spain,Mexico,0,1,0
AF,United States,Italy,1,2,1
FZ,Italy,Nepal,0,1,0
W6,Italy,Japan,0,1,0
ET,United Arab Emirates,Tanzania,1,0,1
TK,Italy,Eritrea,0,1,0
IB,Uruguay,Italy,1,0,1
UA,Guatemala,Portugal,0,1,0
AZ,Argentina,,0,1,0
HU,Italy,China,0,21,0
NO,Maldives,Italy,1,2,1
IB,Peru,Italy,3,8,3
VY,Greece,Italy,1,0,1
PC,Turkey,Germany,5,2,5
OG,United States,United Kingdom,1,0,1
D3,Somalia,Kenya,0,1,0
FR,Czech Republic,United Kingdom,0,1,0
BA,Italy,Antigua and Barbuda,0,2,0
AZ,Spain,Argentina,0,3,0
AC,Canada,Canada,0,1,0
LH,France,Italy,1,0,1
VY,Italy,Spain,673,541,666
FR,Sweden,Saudi Arabia,0,1,0
AZ,Italy,The Bahamas,0,5,0
LH,Switzerland,Brazil,0,1,0
TP,Italy,,0,8,0
UX,Spain,Germany,1,1,1
TP,Italy,United Kingdom,0,1,0
A3,Israel,Greece,0,3,0
TK,Belgium,Israel,3,0,3
RJ,Thailand,Italy,0,2,0
TK,Uzbekistan,Turkey,0,1,0
FR,United Kingdom,Germany,1,1,1
AH,Italy,Ivory Coast,0,13,0
TG,France,Thailand,0,3,0
B6,United States,Costa Rica,0,1,0
AZ,United Kingdom,Italy,4,5,4
TX,France,Réunion,0,2,0
LX,Switzerland,Canada,1,0,1
LH,Italy,Latvia,1,1,1
EK,France,Thailand,2,0,2
HU,China,Thailand,0,1,0
LH,Switzerland,Finland,0,1,0
IZ,Israel,Italy,1,0,1
KL,Morocco,Italy,0,1,0
JT,Indonesia,,0,9,0
KQ,Italy,Tanzania,0,7,0
KL,Italy,Denmark,4,1,4
TK,Italy,Australia,0,7,0
TU,Italy,Libya,0,9,0
AA,Spain,Cuba,1,0,1
AA,Italy,Canada,1,0,1
DL,United States,The Bahamas,2,0,2
KL,Finland,Netherlands,0,1,0
AF,France,Panama,1,0,1
EW,Italy,Germany,107,96,106
U2,Switzerland,United Kingdom,2,1,2
I2,Netherlands,Spain,3,0,3
TP,Portugal,Spain,4,1,4
SK,France,United States,0,1,0
OS,Italy,China,1,4,1
OS,Austria,Romania,1,0,1
AF,France,Greece,1,3,1
PC,Italy,Pakistan,0,3,0
LH,Italy,South Korea,10,0,10
AF,Spain,Switzerland,1,0,1
UX,Spain,Argentina,0,1,0
JQ,Australia,United States,0,2,0
QR,Italy,Iran,1,0,1
MU,Vietnam,Italy,0,2,0
PC,Israel,Turkey,1,2,1
"",Montenegro,Serbia,0,1,0
SV,Italy,Philippines,1,8,1
LO,Germany,Estonia,1,0,1
A3,Greece,Georgia,1,0,1
EK,Italy,Thailand,27,18,27
QR,France,Iran,1,3,1
LH,Brazil,Italy,2,3,2
QR,Indonesia,Italy,9,8,9
AV,Spain,Uruguay,5,1,5
FR,Sweden,Italy,5,13,5
EY,Thailand,Egypt,1,0,1
PC,Egypt,Italy,0,2,0
W4,Italy,Finland,3,3,3
PC,Cyprus,Turkey,1,0,1
W6,Georgia,Italy,2,0,2
AA,Portugal,Mexico,1,0,1
QR,Switzerland,Nepal,1,0,1
AF,Italy,Mauritius,2,3,2
6E,India,Italy,0,1,0
CX,Taiwan,Italy,0,1,0
LH,Italy,Tunisia,6,0,6
SN,Italy,Burkina Faso,3,0,3
OD,Indonesia,Malaysia,0,1,0
TP,Italy,Venezuela,1,2,1
KL,Italy,Greece,1,0,1
DE,Germany,Dominican Republic,0,3,0
RJ,Jordan,Jordan,1,0,1
RJ,Egypt,Italy,0,10,0
VY,Spain,Portugal,2,1,2
MH,Singapore,Malaysia,1,0,1
KL,Italy,Indonesia,1,8,1
FR,Portugal,United Kingdom,2,1,2
JU,Serbia,Spain,0,2,0
FR,Spain,Senegal,0,1,0
5U,Guatemala,Guatemala,0,1,0
IB,Spain,Colombia,3,0,3
BA,United States,Spain,2,0,2
UX,Italy,Portugal,0,3,0
6E,United Arab Emirates,Maldives,1,0,1
AA,Belgium,,1,0,1
JQ,Indonesia,Australia,1,1,1
BA,Poland,United States,1,0,1
SQ,Italy,Cambodia,1,2,1
UA,United States,Canada,0,1,0
KL,France,United States,0,1,0
U2,Germany,France,1,0,1
WY,Italy,Vietnam,0,1,0
FR,Czech Republic,Hungary,0,2,0
AC,Italy,,0,4,0
LA,Colombia,United States,0,3,0
W6,Italy,Puerto Rico,0,1,0
BR,Indonesia,Austria,0,1,0
KL,Italy,Aruba,2,0,2
TK,Italy,Nepal,1,0,1
AZ,France,Argentina,0,1,0
KE,Italy,,0,1,0
GF,Italy,India,0,10,0
BR,Italy,Japan,0,5,0
IZ,Israel,France,0,1,0
OS,Moldova,Italy,0,1,0
TF,Sweden,Sweden,1,0,1
W4,Italy,Brazil,0,1,0
KM,Italy,Malta,0,246,0
VY,Italy,Greece,19,37,19
FR,Republic of Ireland,Spain,3,3,3
KL,Italy,United Kingdom,9,2,9
TB,Italy,Morocco,3,4,3
FR,Estonia,Italy,0,11,0
U2,France,Morocco,2,0,2
XY,Pakistan,Greece,0,1,0
VZ,Thailand,Cambodia,0,2,0
PC,Italy,,0,4,0
TP,Cape Verde,Portugal,1,0,1
KM,Italy,Greece,0,3,0
VY,Italy,Brazil,0,2,0
LO,Poland,,1,0,1
DL,The Bahamas,United States,1,0,1
LX,Spain,Italy,7,0,7
DL,United States,Italy,4,0,4
IB,Spain,Austria,1,0,1
BA,France,Netherlands,3,0,3
VJ,India,,0,1,0
LH,Italy,Albania,2,0,2
5W,Maldives,United Arab Emirates,0,2,0
SM,Egypt,Egypt,1,8,1
"",Italy,United States,6,0,6
PG,Thailand,Cambodia,0,3,0
OS,Denmark,Austria,1,0,1
AV,Canada,Colombia,1,0,1
AR,Argentina,Italy,0,1,0
S4,Portugal,Italy,0,1,0
KU,Kuwait,Italy,0,1,0
OA,Greece,Greece,6,4,6
Y4,Guatemala,Italy,0,1,0
W6,Romania,Italy,36,42,36
U2,Netherlands,United Kingdom,4,3,4
IB,Colombia,Spain,0,1,0
QR,Italy,Malaysia,7,5,7
JL,Germany,,0,1,0
CZ,China,China,0,4,0
IB,Spain,Greece,1,0,1
AZ,Italy,Netherlands,19,47,19
LA,Argentina,Mexico,7,1,7
LH,Italy,Germany,98,160,97
FR,Germany,,0,3,0
UA,Italy,Nicaragua,0,2,0
W6,Italy,Indonesia,0,9,0
LX,Switzerland,Egypt,0,2,0
GF,Pakistan,Italy,0,1,0
"",Argentina,Spain,1,0,1
UX,United Kingdom,Spain,0,1,0
MU,Italy,Thailand,0,18,0
IB,Italy,Brazil,1,4,1
F9,United States,United States,3,9,3
IB,Portugal,Spain,1,0,1
AZ,Italy,Australia,1,3,1
KC,Kyrgyzstan,Kazakhstan,1,0,1
W9,United Kingdom,Italy,4,2,4
LA,Uruguay,Italy,0,3,0
OV,Thailand,Italy,0,1,0
T3,United Kingdom,Italy,0,1,0
FR,United Kingdom,Spain,7,5,7
SQ,Singapore,Cambodia,3,1,3
UX,Cuba,Spain,0,4,0
TU,Italy,Niger,0,8,0
3U,Italy,China,0,3,0
NO,Italy,Jordan,1,0,1
LA,Chile,Uruguay,0,2,0
G9,Italy,Bangladesh,2,0,2
A3,Italy,Lebanon,3,3,3
FR,Belgium,Poland,4,1,4
Q6,Costa Rica,Italy,0,1,0
KL,United States,The Bahamas,0,1,0
HC,Italy,,0,1,0
EW,Germany,Portugal,0,1,0
SB,New Caledonia,France,1,0,1
TP,Portugal,Denmark,0,1,0
IB,Puerto Rico,Italy,0,1,0
B6,United States,Italy,0,10,0
UX,Italy,Brazil,3,4,3
OS,Italy,Bulgaria,0,4,0
TK,Italy,Lebanon,1,6,1
LA,Chile,Portugal,1,6,1
SV,Tunisia,,0,1,0
BA,United Kingdom,France,0,1,0
LH,Italy,Italy,1,0,1
LO,Egypt,Italy,1,0,1
FZ,Italy,Bangladesh,0,1,0
NT,Spain,Italy,0,1,0
KL,Italy,Costa Rica,2,7,2
7C,South Korea,South Korea,3,5,3
LH,France,Egypt,1,1,1
UX,Spain,Netherlands,0,2,0
LX,Cuba,Italy,0,1,0
LH,Georgia,Italy,0,2,0
Z0,United States,Italy,1,5,1
UX,Argentina,Italy,2,1,2
FZ,United Arab Emirates,Lebanon,1,0,1
UX,Dominican Republic,Italy,7,4,7
U2,Italy,Lebanon,0,4,0
FR,Italy,United States,0,7,0
FR,Italy,Montenegro,0,3,0
FR,Spain,Greece,0,6,0
BR,Indonesia,Taiwan,0,1,0
U2,United Kingdom,Cyprus,1,0,1
W6,Italy,Montenegro,0,2,0
OS,Italy,Maldives,0,1,0
FR,Italy,Netherlands,28,73,28
U2,Italy,United Arab Emirates,0,1,0
KU,Italy,Bangladesh,0,1,0
SK,Italy,Norway,9,31,9
LO,Italy,South Korea,0,2,0
TP,Italy,Mozambique,0,2,0
EW,Greece,Italy,1,0,1
LX,Italy,Luxembourg,4,0,4
KL,Italy,Singapore,1,0,1
E9,Spain,Mexico,0,1,0
FB,Netherlands,Greece,0,1,0
DY,Netherlands,Sweden,0,1,0
LH,Japan,Italy,1,0,1
FR,Croatia,United Kingdom,1,0,1
EW,Italy,Portugal,0,1,0
FR,Austria,Sweden,0,1,0
AC,Canada,France,1,0,1
BJ,Switzerland,Tunisia,0,1,0
EK,Germany,Philippines,0,2,0
JZ,Peru,Peru,0,4,0
KU,Germany,Philippines,2,2,2
OU,Italy,,0,1,0
IB,Spain,Ecuador,3,1,3
KL,France,Italy,0,1,0
AZ,Italy,Maldives,0,1,0
EY,United Arab Emirates,Singapore,0,1,0
SV,United Arab Emirates,Tanzania,1,0,1
V7,France,Greece,0,1,0
MS,Egypt,,0,1,0
KM,Germany,Italy,0,7,0
LH,Italy,Oman,2,2,2
AV,Colombia,Costa Rica,1,0,1
LH,Italy,Morocco,3,0,3
NO,Kenya,Italy,0,1,0
6H,Germany,Israel,0,1,0
SN,Belgium,Portugal,1,0,1
ET,Italy,Sudan,1,1,1
AA,Italy,Mexico,2,0,2
AZ,Italy,Bulgaria,1,2,1
KQ,Italy,Uganda,0,1,0
XC,Germany,Turkey,1,0,1
5J,Philippines,Hong Kong,1,0,1
KM,Malta,Colombia,0,1,0
VY,Italy,Turkey,0,1,0
ET,Italy,Madagascar,6,42,6
IB,Venezuela,Italy,0,5,0
W4,Italy,Israel,9,6,9
LX,Italy,France,2,4,2
ET,Ghana,Italy,1,1,1
W2,Italy,Greece,0,2,0
MH,Australia,Italy,0,1,0
MS,Italy,,0,8,0
HV,France,Austria,1,0,1
3F,Italy,Armenia,0,2,0
SS,Guadeloupe,Italy,0,1,0
AF,Italy,U.S. Virgin Islands,0,1,0
CA,China,Italy,0,9,0
LX,Italy,Dominican Republic,0,3,0
EW,Spain,Germany,1,0,1
JU,Serbia,Slovenia,1,0,1
MS,Italy,Ethiopia,0,1,0
LX,Thailand,Italy,1,0,1
AP,Italy,Italy,0,2,0
LH,Italy,Lebanon,3,0,3
W4,Germany,Albania,2,1,2
W6,Israel,Spain,0,1,0
LX,Italy,Australia,0,1,0
FR,Italy,Luxembourg,8,13,8
AV,Ecuador,Ecuador,1,1,1
WY,Italy,Australia,0,3,0
W4,Italy,Romania,143,104,142
AF,France,Italy,17,37,17
EY,United Kingdom,Bangladesh,0,2,0
TK,Turkey,France,0,2,0
SJ,Indonesia,Indonesia,0,2,0
FD,Indonesia,Thailand,0,1,0
U2,France,Portugal,11,0,11
BA,Mexico,Italy,12,1,12
SK,Poland,Italy,0,3,0
KL,Switzerland,United States,0,3,0
UA,Ghana,Italy,0,1,0
IB,Italy,Bolivia,0,2,0
BA,United States,Turks and Caicos Islands,0,1,0
LS,Italy,Spain,0,1,0
LH,Germany,Republic of Ireland,0,1,0
JL,Italy,Japan,3,4,3
AZ,Italy,Thailand,0,7,0
XZ,Italy,Serbia,0,1,0
EY,Italy,Australia,0,2,0
JQ,New Zealand,New Zealand,2,0,2
OG,United States,Denmark,1,1,1
EI,Italy,United Kingdom,0,2,0
KM,France,Italy,0,1,0
SK,Norway,Nepal,1,0,1
W9,Italy,United Kingdom,6,7,6
EY,India,Italy,1,3,1
AI,Italy,Nepal,0,6,0
LH,Italy,United Arab Emirates,10,5,10
VY,Italy,Peru,0,5,0
G4,United States,United States,0,2,0
EI,Germany,Republic of Ireland,1,1,1
AM,France,Mexico,0,2,0
OS,France,Austria,3,0,3
LH,Denmark,Italy,2,0,2
OS,Croatia,Italy,1,0,1
W6,Italy,Moldova,0,1,0
CA,Italy,Hong Kong,0,7,0
VZ,Thailand,Thailand,0,15,0
LA,Brazil,Italy,8,61,8
QR,Italy,Uganda,1,0,1
OG,United Kingdom,United States,0,1,0
LH,Italy,Portugal,9,1,9
FR,France,Republic of Ireland,1,1,1
IB,Italy,El Salvador,0,1,0
SV,Saudi Arabia,India,0,1,0
LH,Norway,Italy,0,1,0
EK,Italy,New Zealand,3,1,3
TU,Burkina Faso,Italy,0,1,0
MS,Italy,Eritrea,0,1,0
TP,United States,Italy,0,13,0
V7,France,Italy,32,30,32
EY,Italy,Maldives,12,15,12
W4,Morocco,Italy,14,2,14
AZ,Italy,Martinique,0,1,0
MH,United Kingdom,Australia,1,0,1
FR,Republic of Ireland,Republic of Kosovo,0,4,0
FH,Turkey,Germany,0,1,0
W4,France,Austria,0,1,0
AA,United States,Peru,1,0,1
ET,Saudi Arabia,Eritrea,0,1,0
NO,Cuba,Italy,1,2,1
BT,Italy,Nepal,0,1,0
U2,Egypt,Italy,7,1,7
AI,Italy,Thailand,0,20,0
WE,Thailand,Vietnam,1,0,1
LX,Italy,Czech Republic,0,1,0
OG,France,Canada,1,0,1
AA,U.S. Virgin Islands,United States,1,0,1
BA,Italy,United Kingdom,44,54,44
U2,Spain,Italy,107,12,106
LA,Italy,Chile,0,10,0
AZ,Italy,Colombia,0,32,0
SK,Norway,Italy,2,8,2
EY,United Arab Emirates,India,0,1,0
KL,Netherlands,United Kingdom,1,0,1
DE,Italy,United States,6,4,6
W4,Austria,Italy,1,3,1
A3,Italy,Turkey,0,1,0
TS,Portugal,Canada,1,0,1
AZ,Italy,Nicaragua,0,1,0
EK,Netherlands,Maldives,1,0,1
U2,United Kingdom,Iceland,1,0,1
PC,Iran,Cyprus,0,1,0
W6,Israel,Italy,9,3,9
BA,Italy,India,2,1,2
OS,Italy,Spain,5,3,5
IB,Spain,Argentina,3,0,3
NO,Italy,Cape Verde,4,1,4
W4,Italy,Georgia,2,5,2
UX,Argentina,Spain,1,0,1
LX,Italy,Belgium,4,0,4
W6,Saudi Arabia,Morocco,0,1,0
"",Colombia,Italy,0,2,0
UA,France,United States,1,0,1
AC,United Kingdom,Mexico,0,1,0
AF,Italy,French Polynesia,1,1,1
JU,Italy,Romania,1,0,1
AF,Spain,Mexico,0,1,0
W6,Italy,Martinique,0,1,0
XQ,Italy,Turkey,2,7,2
VY,Italy,Portugal,0,11,0
TK,Kazakhstan,Italy,1,1,1
"",Italy,Argentina,2,0,2
W6,Albania,Spain,1,0,1
FR,Austria,Denmark,1,1,1
HV,Slovenia,France,1,0,1
KL,Netherlands,Sweden,1,3,1
W4,Albania,Italy,38,42,38
GL,Denmark,Greenland,0,1,0
LH,Israel,,0,1,0
QR,India,United States,1,0,1
VY,Italy,Colombia,1,2,1
OZ,Vietnam,Italy,0,2,0
XR,Belgium,Greece,0,1,0
QZ,Indonesia,Cambodia,0,1,0
GF,United Kingdom,Bangladesh,0,1,0
EK,Italy,Nepal,1,0,1
TK,Turkey,Iran,0,1,0
U2,Jersey,United Kingdom,1,0,1
AF,Republic of Ireland,France,1,0,1
LX,Italy,Egypt,2,9,2
FR,Italy,India,0,5,0
DY,Italy,Norway,0,62,0
OS,Austria,Italy,18,13,18
LH,Albania,United States,6,0,6
UX,Italy,United States,0,2,0
AD,Italy,Brazil,0,6,0
LH,Malta,Italy,0,2,0
CI,Italy,Australia,0,2,0
PC,United Arab Emirates,Italy,0,1,0
SV,Tanzania,Italy,0,1,0
FR,Italy,Tunisia,0,5,0
TR,Singapore,South Korea,0,1,0
AZ,Italy,Aruba,0,1,0
EK,Italy,Uganda,0,4,0
LH,Hungary,Italy,0,4,0
NO,Egypt,Austria,0,1,0
H6,Bulgaria,Bulgaria,0,1,0
NK,Ecuador,Italy,0,1,0
EW,Tunisia,Germany,1,0,1
AV,Spain,Ecuador,2,1,2
L9,Italy,Italy,0,29,0
FR,Italy,Finland,5,15,5
W4,Italy,Montenegro,13,10,13
QR,Iran,Italy,0,1,0
A3,Italy,Egypt,2,13,2
TK,Georgia,Italy,0,6,0
AY,Qatar,Iceland,1,0,1
AF,France,Réunion,0,1,0
VA,Australia,Indonesia,1,0,1
G9,Sri Lanka,Italy,1,3,1
PM,Spain,Italy,0,1,0
VY,Italy,Denmark,0,2,0
LH,Croatia,Spain,1,0,1
SQ,Germany,,0,1,0
TP,Spain,Portugal,0,6,0
EY,United Arab Emirates,Italy,3,0,3
W6,Italy,Portugal,20,30,20
B6,United States,Aruba,0,2,0
AF,Germany,France,2,2,2
UX,Panama,,0,2,0
HV,Italy,,0,2,0
LX,Italy,China,0,3,0
OR,Netherlands,Greece,2,0,2
U2,Israel,Italy,4,0,4
OS,Italy,Hungary,2,1,2
MS,Italy,Rwanda,0,3,0
ET,Ethiopia,Jordan,1,0,1
G9,Italy,Nepal,1,0,1
UA,Republic of Ireland,,1,0,1
W6,Italy,Cyprus,0,1,0
SK,Norway,Greece,1,0,1
JA,Peru,Peru,0,1,0
EW,Germany,Austria,1,2,1
IW,Indonesia,Indonesia,0,6,0
WF,Norway,Italy,0,5,0
UX,Italy,Ecuador,1,0,1
IU,Indonesia,Turkey,0,1,0
NK,United States,Spain,0,1,0
BT,Finland,Greece,1,0,1
EK,Italy,,0,3,0
KL,Italy,Turkey,0,2,0
RJ,Jordan,Italy,0,2,0
J2,Italy,Azerbaijan,0,1,0
DY,Sweden,Sweden,0,1,0
AZ,France,Egypt,1,0,1
FR,Poland,Germany,0,1,0
D7,Indonesia,Malaysia,0,1,0
AZ,Italy,Lithuania,0,1,0
CA,Italy,China,1,147,1
BZ,Italy,Israel,0,1,0
PC,Turkey,Italy,10,31,10
TP,Italy,Cape Verde,2,12,2
W6,France,Spain,0,1,0
XY,Saudi Arabia,Georgia,0,1,0
LJ,Japan,South Korea,0,1,0
FY,Malaysia,Singapore,2,0,2
MS,Italy,Saudi Arabia,0,2,0
BT,Latvia,Italy,1,0,1
FR,Germany,Poland,1,0,1
JT,Indonesia,Indonesia,0,28,0
OZ,Italy,South Korea,5,1,5
AZ,Italy,Portugal,4,2,4
OD,Malaysia,Taiwan,0,1,0
LH,Italy,Czech Republic,2,6,2
PC,Italy,Bahrain,0,2,0
PC,Turkey,Turkey,0,8,0
AZ,Italy,Tanzania,0,7,0
NK,Peru,Italy,0,1,0
4Z,South Africa,,0,1,0
F9,United States,Italy,0,4,0
FR,Portugal,France,1,2,1
FR,Italy,Japan,0,1,0
JU,Slovenia,Greece,0,1,0
OS,Poland,United States,2,0,2
DL,Peru,Italy,2,0,2
PM,Spain,Spain,3,0,3
LX,Italy,Turkey,0,1,0
OS,Italy,Egypt,3,11,3
ET,Italy,Spain,0,2,0
QR,Italy,Bangladesh,0,1,0
FR,Portugal,Germany,1,0,1
TK,Italy,Philippines,7,5,7
CI,Germany,Japan,1,0,1
LX,Belgium,Germany,3,0,3
AF,Peru,Italy,2,1,2
ZG,Japan,United States,0,1,0
TK,Italy,South Africa,2,2,2
T6,Philippines,,0,1,0
W4,Italy,United Arab Emirates,0,5,0
AZ,Jordan,Italy,3,0,3
LX,Italy,Germany,14,7,14
MH,Italy,Thailand,0,1,0
CI,Japan,Italy,2,1,2
Q9,Nigeria,Nigeria,0,2,0
FR,United Kingdom,Portugal,0,4,0
CZ,Italy,Philippines,0,1,0
BY,United Kingdom,Spain,3,1,3
XQ,Switzerland,Turkey,0,2,0
ET,Austria,Denmark,1,4,1
ZB,Albania,Turkey,0,3,0
TX,France,Guadeloupe,1,0,1
LH,Germany,Colombia,0,1,0
W6,Hungary,Belgium,0,1,0
JU,Italy,Hungary,0,1,0
TP,Italy,Portugal,55,155,54
FR,Croatia,Italy,6,9,6
AZ,Albania,Italy,2,6,2
EK,Italy,Maldives,9,14,9
GF,Italy,Bangladesh,0,2,0
SN,Italy,United Kingdom,0,8,0
AZ,Italy,Turkey,3,5,3
WY,Italy,Tanzania,0,11,0
PC,Turkey,Iran,4,0,4
IB,Italy,Venezuela,1,1,1
LH,Sweden,Italy,1,2,1
ET,Italy,Benin,1,2,1
W6,Italy,Kuwait,1,0,1
TP,France,Portugal,1,0,1
AT,Italy,Cape Verde,0,1,0
FR,United Kingdom,Republic of Ireland,5,0,5
LH,Italy,Kenya,13,0,13
UX,Spain,United States,0,1,0
AZ,Italy,Ecuador,0,6,0
"",Spain,United States,4,0,4
VY,Italy,Senegal,2,0,2
AT,Ivory Coast,Italy,0,2,0
NT,Italy,Senegal,0,1,0
SV,Saudi Arabia,Indonesia,1,0,1
6E,India,,0,1,0
W4,Portugal,Italy,0,1,0
LS,Italy,United Kingdom,18,15,18
TK,Italy,Jordan,4,5,4
KS,Italy,Italy,7,2,7
AR,Italy,Uruguay,0,1,0
I5,India,,0,2,0
HV,France,,0,4,0
FR,Italy,Moldova,0,2,0
U2,Italy,Canada,3,1,3
TX,France,Martinique,1,0,1
FR,United Kingdom,Cyprus,1,0,1
LA,Spain,Bolivia,0,1,0
FR,Malta,Cyprus,0,1,0
W2,Italy,Italy,0,1,0
U2,Czech Republic,Italy,10,0,10
NO,Italy,Italy,4,9,4
LY,Italy,Israel,18,3,18
OR,Mexico,Italy,0,1,0
LX,Italy,Spain,11,15,11
JU,Sweden,Italy,0,1,0
CM,United States,Honduras,0,1,0
AC,Italy,Chile,0,2,0
W6,Italy,Nepal,0,6,0
BA,Germany,United Kingdom,1,0,1
BN,Italy,Italy,0,1,0
AT,Italy,Western Sahara,0,1,0
FR,Italy,Colombia,0,2,0
OG,United States,France,0,1,0
5W,Turkey,Uzbekistan,0,1,0
W6,Hungary,Greece,0,1,0
V7,Italy,France,118,68,117
LH,Germany,Germany,1,7,1
3O,Morocco,Italy,36,9,36
AP,Italy,Cape Verde,0,4,0
AZ,Italy,Albania,11,61,11
FO,Argentina,Argentina,6,6,6
T7,Italy,France,0,2,0
LH,Italy,Indonesia,0,2,0
EI,Republic of Ireland,United States,1,0,1
FR,Slovakia,Croatia,1,0,1
CX,Taiwan,Hong Kong,0,3,0
LH,Germany,Costa Rica,0,1,0
ET,Italy,Kenya,5,4,5
KQ,Kenya,United Arab Emirates,1,1,1
SK,Norway,Iceland,0,1,0
5J,Philippines,Japan,1,0,1
W4,Italy,Luxembourg,2,0,2
WY,Oman,Oman,1,0,1
TK,Slovenia,Uzbekistan,0,4,0
2W,Mexico,Italy,0,1,0
AC,United States,Canada,1,10,1
K6,Cambodia,Vietnam,0,4,0
LH,Egypt,Italy,1,0,1
OG,United States,Italy,0,1,0
FR,Bosnia and Herzegovina,Italy,0,1,0
AZ,Italy,Ivory Coast,2,1,2
Z2,Hong Kong,Philippines,0,2,0
OU,Croatia,Croatia,1,0,1
AA,Colombia,United States,1,0,1
ID,Singapore,Indonesia,0,1,0
FR,Italy,El Salvador,0,1,0
AF,France,Mexico,2,0,2
2W,Spain,Cuba,0,1,0
AZ,Italy,Argentina,9,53,9
EY,Italy,South Korea,4,6,4
BR,Italy,,0,1,0
LX,Germany,United States,0,6,0
G3,Paraguay,Italy,0,2,0
TK,Italy,Brazil,1,0,1
TK,Italy,Ghana,0,1,0
AV,Ecuador,Italy,0,1,0
W4,Italy,Canada,0,1,0
SK,Denmark,Netherlands,1,0,1
U2,Israel,France,1,0,1
PC,Switzerland,Iran,0,1,0
EE,Italy,Germany,0,2,0
IB,Italy,Guatemala,0,2,0
OZ,Italy,Japan,1,0,1
LY,Israel,Egypt,0,1,0
SY,United States,United States,0,1,0
IV,France,Republic of Kosovo,0,2,0
AZ,Italy,Cuba,0,3,0
KL,Netherlands,Germany,2,2,2
MU,Japan,China,0,1,0
VY,Croatia,Spain,0,1,0
BA,Italy,Dominican Republic,0,2,0
X3,Germany,Italy,0,8,0
TB,France,Morocco,0,1,0
FZ,Italy,United Arab Emirates,10,30,10
MH,Malaysia,Malaysia,6,4,6
AS,United States,,0,3,0
BT,Italy,Latvia,9,1,9
EY,Italy,Oman,2,1,2
FR,Spain,Bulgaria,0,1,0
VY,Senegal,Italy,0,1,0
HV,Belgium,Spain,0,1,0
SQ,France,Australia,2,1,2
KL,Portugal,Norway,1,0,1
QR,Italy,Saudi Arabia,1,0,1
AV,Brazil,Spain,0,1,0
KE,France,South Korea,0,1,0
KL,Italy,Netherlands,91,97,90
W4,Israel,Italy,3,2,3
IB,Chile,Italy,0,3,0
TR,Singapore,Malaysia,0,1,0
BT,Italy,Uzbekistan,0,3,0
AV,Colombia,Italy,0,4,0
AF,France,Cameroon,1,0,1
FR,Greece,Cyprus,1,0,1
LH,Italy,Cambodia,0,1,0
7C,South Korea,Argentina,0,1,0
EY,Italy,United Arab Emirates,25,3,25
XZ,Greece,Italy,14,0,14
DY,Norway,Italy,0,8,0
EY,United Arab Emirates,Malaysia,0,5,0
A3,Egypt,Italy,0,8,0
AM,Netherlands,El Salvador,0,2,0
EN,Italy,Turkey,0,3,0
MS,Egypt,Spain,0,1,0
FR,Italy,Isle of Man,0,1,0
KL,Luxembourg,Italy,1,0,1
BA,Canada,Italy,0,3,0
AT,Cameroon,France,1,0,1
LH,Germany,Japan,0,1,0
KL,Italy,Morocco,0,1,0
JU,Austria,United Arab Emirates,0,1,0
CY,Egypt,Austria,0,1,0
IB,Italy,Dominican Republic,19,17,19
FR,Austria,Lithuania,0,2,0
AY,Italy,Norway,0,1,0
QR,Italy,Philippines,4,5,4
QR,Japan,Italy,2,0,2
MS,Italy,Bangladesh,0,4,0
QF,Italy,Australia,0,4,0
QR,Italy,South Africa,5,2,5
RJ,Italy,Egypt,0,3,0
PD,Canada,Canada,2,2,2
TK,Iraq,Turkey,1,0,1
FZ,Italy,Thailand,0,1,0
W6,Israel,Greece,1,1,1
SV,Egypt,Saudi Arabia,0,1,0
V7,Italy,Argentina,0,1,0
UA,United Kingdom,United States,1,0,1
SK,Norway,Republic of Ireland,1,0,1
KL,Italy,Peru,4,27,4
LH,Greece,Albania,0,3,0
AZ,Italy,Vietnam,0,5,0
AR,Italy,,0,5,0
TU,Tunisia,France,0,6,0
A3,Italy,,0,9,0
ET,Italy,Nigeria,0,1,0
TK,Slovenia,Malaysia,0,1,0
SK,Sweden,Netherlands,0,3,0
UA,Mexico,United States,1,0,1
TK,United States,Italy,0,3,0
VY,Italy,Cuba,0,1,0
HV,France,Algeria,0,2,0
AV,Spain,El Salvador,0,1,0
CX,Australia,Italy,0,2,0
EW,Italy,Egypt,0,1,0
U2,Cyprus,Italy,2,0,2
N0,Italy,,0,4,0
A3,Egypt,,0,11,0
DE,Italy,Germany,0,1,0
QR,Turkey,Seychelles,3,0,3
EK,Italy,Sri Lanka,0,3,0
GF,Italy,Maldives,0,2,0
AZ,Italy,Madagascar,0,1,0
JQ,Australia,Indonesia,1,0,1
U2,Italy,Switzerland,41,2,41
UX,Spain,Spain,7,13,7
W6,Italy,Turkey,0,13,0
AV,Spain,Peru,0,1,0
OS,Italy,United States,3,5,3
N0,Italy,Canada,0,1,0
AF,Mexico,Italy,2,3,2
LY,Israel,Italy,4,2,4
MF,Netherlands,United States,0,1,0
LH,Albania,China,0,1,0
OS,Serbia,Italy,1,0,1
UK,India,Turkey,0,1,0
PG,Thailand,Thailand,36,29,36
DD,Thailand,Thailand,3,7,3
OB,Bolivia,Brazil,0,3,0
AT,Italy,The Gambia,2,6,2
AZ,Italy,Malta,2,13,2
XZ,Romania,Italy,3,0,3
OR,Netherlands,Cape Verde,1,0,1
EK,United Arab Emirates,Australia,0,1,0
LA,Bolivia,Peru,0,1,0
BA,Italy,Guatemala,0,2,0
MK,Mauritius,Mauritius,0,1,0
LY,Israel,,0,1,0
FR,Italy,Bulgaria,21,42,21
AZ,Italy,France,14,66,14
2W,Cuba,Spain,0,6,0
EK,Italy,Singapore,0,3,0
LH,Poland,Italy,1,0,1
LH,Italy,Chile,0,4,0
EK,Germany,Thailand,2,0,2
VB,Mexico,Cuba,0,3,0
OS,Italy,France,1,0,1
TK,Italy,Sri Lanka,0,1,0
SK,Italy,Netherlands,1,0,1
A3,Jordan,Greece,0,1,0
TK,Pakistan,Italy,0,1,0
VY,Spain,Netherlands,0,1,0
W6,Italy,Pakistan,0,8,0
LX,Italy,Switzerland,18,45,18
LH,Italy,Canada,6,20,6
QR,Italy,United Arab Emirates,5,6,5
W6,France,Romania,0,1,0
QR,Italy,Qatar,0,2,0
SV,Italy,South Korea,0,5,0
W6,Austria,Italy,0,2,0
AF,Canada,Czech Republic,0,1,0
VY,United Kingdom,Spain,1,0,1
KL,Italy,Belgium,1,0,1
HV,Greece,Italy,0,1,0
FR,Malta,Italy,17,18,17
SK,Italy,Canada,5,2,5
S4,Portugal,Portugal,2,6,2
OS,Moldova,United Kingdom,1,0,1
KS,Romania,Austria,0,1,0
UA,Costa Rica,France,0,2,0
FO,Brazil,Argentina,0,1,0
UX,Italy,Paraguay,1,1,1
AZ,Argentina,Spain,2,2,2
W4,Italy,India,0,6,0
FB,Germany,Italy,0,12,0
SV,Italy,Thailand,13,46,13
WY,Italy,Thailand,1,28,1
G9,Italy,India,12,17,12
VY,Italy,France,226,116,224
W4,Italy,Morocco,32,45,32
W4,Italy,Germany,10,10,10
TK,Italy,Iran,0,5,0
UA,Guatemala,Italy,0,6,0
FB,Bulgaria,Italy,0,1,0
W4,France,Romania,1,2,1
KI,Malaysia,Malaysia,0,2,0
KL,Switzerland,Serbia,0,1,0
U2,France,Jordan,0,1,0
U2,Germany,Netherlands,0,1,0
U2,Italy,Japan,0,1,0
CM,Cuba,Costa Rica,0,1,0
OD,Malaysia,Singapore,0,1,0
CA,Italy,Singapore,0,2,0
WF,Norway,Norway,0,9,0
MS,India,Italy,0,2,0
WY,Italy,Maldives,0,1,0
NO,Madagascar,Italy,0,1,0
MM,Japan,Japan,0,6,0
LH,Belgium,Italy,5,4,5
UX,Italy,,0,2,0
OS,Cyprus,Austria,2,0,2
AM,Italy,Colombia,0,1,0
FR,Republic of Ireland,Republic of Ireland,0,1,0
LA,Argentina,Italy,1,6,1
TB,Belgium,Italy,2,0,2
EY,Italy,United States,0,1,0
AF,Italy,Morocco,1,1,1
RJ,Italy,Jordan,0,7,0
UA,Germany,United States,1,0,1
VY,Netherlands,Denmark,0,1,0
XZ,Italy,Croatia,0,1,0
LX,Poland,Italy,1,3,1
W4,Italy,Iceland,50,21,50
F2,Kenya,Tanzania,1,0,1
KL,Italy,Norway,4,4,4
AV,Colombia,Brazil,0,1,0
EY,Italy,Sri Lanka,1,3,1
OS,Austria,Denmark,1,0,1
TP,Switzerland,Brazil,0,1,0
BA,France,United States,0,1,0
H4,Italy,Moldova,0,27,0
DE,Germany,Spain,3,6,3
TP,Ghana,Italy,0,7,0
U2,Luxembourg,Italy,9,1,9
LX,Italy,Hong Kong,0,1,0
KL,Colombia,Belgium,1,0,1
LA,Peru,Mexico,0,1,0
KL,Spain,Germany,1,0,1
MH,Malaysia,Italy,0,1,0
GF,Italy,France,0,5,0
SV,Italy,Pakistan,0,4,0
OS,Italy,Serbia,1,1,1
FZ,United Arab Emirates,Maldives,2,0,2
JU,Italy,Maldives,0,1,0
KL,Italy,Luxembourg,0,3,0
SG,India,India,1,0,1
CX,Italy,Japan,2,0,2
ET,Seychelles,Italy,0,2,0
5J,Japan,Philippines,1,1,1
FR,Czech Republic,Italy,22,7,22
U2,Italy,Germany,84,15,83
A3,Germany,Greece,0,1,0
UA,Italy,,18,1,18
MH,United Kingdom,,0,1,0
HV,France,Portugal,4,1,4
VA,Australia,Australia,2,7,2
W6,Bosnia and Herzegovina,Germany,1,2,1
LH,Estonia,Italy,2,0,2
CA,Singapore,Italy,0,1,0
VT,French Polynesia,French Polynesia,0,1,0
2W,Dominican Republic,Italy,0,1,0
AY,Finland,Faroe Islands,0,9,0
SQ,Italy,,0,1,0
BY,United Kingdom,Cape Verde,1,0,1
KL,Netherlands,Brazil,1,0,1
UO,Hong Kong,Vietnam,0,3,0
MU,China,,0,2,0
"",Colombia,Costa Rica,1,0,1
XZ,Italy,Italy,552,37,547
W4,Italy,Turkey,0,12,0
TK,Italy,Ethiopia,0,2,0
KL,Italy,China,3,2,3
KL,Italy,Portugal,2,5,2
LH,Italy,Cuba,0,2,0
IB,Italy,Uruguay,3,0,3
SM,Italy,Uzbekistan,0,1,0
5W,Israel,United Arab Emirates,0,1,0
GF,Italy,United Arab Emirates,0,9,0
AI,United Arab Emirates,Indonesia,0,1,0
AV,United States,Ecuador,2,0,2
SV,United Kingdom,Saudi Arabia,1,0,1
FR,France,Portugal,3,1,3
U2,Morocco,Italy,12,1,12
LX,Switzerland,France,2,0,2
LH,Italy,Belgium,0,5,0
LX,Switzerland,Netherlands,0,1,0
SN,France,Senegal,1,0,1
FR,Italy,Algeria,0,1,0
W6,Italy,Maldives,0,13,0
KE,South Korea,France,2,0,2
UA,Switzerland,United States,2,0,2
HY,Kazakhstan,Uzbekistan,0,1,0
VY,Portugal,Spain,2,1,2
PK,Italy,Pakistan,1,0,1
MS,Italy,Jordan,0,1,0
RO,Italy,Romania,0,1,0
AZ,Italy,Malaysia,0,3,0
SV,Italy,Singapore,0,5,0
KQ,United Arab Emirates,Tanzania,2,0,2
UA,United States,United States,9,6,9
N0,United States,Italy,3,8,3
IB,Switzerland,Spain,4,2,4
EW,Spain,Italy,0,1,0
DL,Italy,Canada,1,0,1
LX,Germany,Spain,1,0,1
SV,Italy,Egypt,1,0,1
W4,Spain,Italy,73,52,72
SK,Italy,Denmark,3,23,3
W6,Iceland,Italy,0,2,0
5J,Philippines,Philippines,0,1,0
W6,Serbia,Italy,0,2,0
A3,Italy,Israel,1,0,1
FR,Belgium,Germany,2,0,2
QR,Italy,Ghana,1,0,1
PC,Italy,Egypt,1,4,1
LO,Italy,Poland,1,8,1
FR,Italy,Peru,0,2,0
V7,Luxembourg,France,1,1,1
KL,Italy,Spain,12,10,12
LH,Italy,Colombia,0,5,0
LX,Italy,Aruba,0,1,0
OS,Italy,Bosnia and Herzegovina,1,1,1
LH,South Africa,Italy,5,0,5
V7,Italy,Greece,372,354,368
FR,United Kingdom,France,2,5,2
EY,Italy,Japan,7,3,7
KE,Italy,Japan,10,2,10
Q2,India,Maldives,2,0,2
DD,Thailand,,0,4,0
SK,Italy,China,2,3,2
TK,The Gambia,Italy,0,1,0
KU,Thailand,Italy,1,0,1
LH,Germany,United Kingdom,1,0,1
EK,Spain,Japan,1,0,1
KU,Italy,Nepal,0,2,0
OS,Italy,Poland,3,7,3
AZ,Italy,Dominican Republic,0,11,0
U2,Switzerland,Italy,14,1,14
KQ,Kenya,Kenya,5,3,5
W6,Italy,Norway,0,3,0
UX,United States,Italy,0,4,0
NH,Italy,Japan,2,9,2
VY,Italy,Iceland,0,1,0
I2,Republic of Ireland,Spain,3,0,3
FZ,Croatia,Sri Lanka,1,0,1
VY,Netherlands,Italy,1,0,1
LH,United States,Dominican Republic,0,1,0
EW,Denmark,Czech Republic,0,2,0
FR,Republic of Ireland,Italy,15,24,15
NO,Italy,Kenya,1,1,1
UK,India,India,3,1,3
W6,Italy,Azerbaijan,0,2,0
U2,Croatia,France,1,0,1
FR,Sweden,Spain,0,3,0
LH,Italy,Malta,1,5,1
AF,Italy,Benin,3,1,3
LX,Italy,Cuba,0,1,0
SK,Iceland,Italy,1,0,1
JU,Italy,Republic of Macedonia,0,4,0
HB,Hong Kong,South Korea,0,1,0
KL,Italy,Germany,3,2,3
EN,Italy,Argentina,0,1,0
LX,Switzerland,Spain,0,3,0
AZ,Italy,Chile,0,3,0
W4,Italy,Republic of Ireland,0,2,0
FR,Spain,Morocco,4,1,4
SN,Belgium,Spain,1,0,1
V7,Italy,United States,0,3,0
BA,Italy,Canada,1,2,1
EK,Italy,South Korea,1,0,1
KQ,Italy,Mauritius,0,1,0
BF,France,United States,2,0,2
RO,Moldova,Greece,0,2,0
UK,India,Italy,0,2,0
OG,Iceland,Italy,1,3,1
VY,United States,Italy,0,2,0
U2,Spain,France,1,0,1
SN,Italy,Senegal,2,0,2
EK,United Arab Emirates,Italy,3,10,3
DE,United States,Italy,2,2,2
LH,France,Brazil,0,1,0
VY,Italy,Guatemala,1,0,1
EN,Italy,Malta,0,1,0
NZ,Australia,New Zealand,2,2,2
LH,Italy,France,11,4,11
FR,Italy,Egypt,0,20,0
SQ,Italy,Indonesia,7,6,7
PG,Cambodia,Thailand,2,0,2
CI,Italy,Philippines,0,2,0
EW,Croatia,Italy,0,1,0
LH,Italy,Sweden,8,7,8
DE,Italy,Cuba,4,5,4
FZ,Italy,Tanzania,2,6,2
G9,Italy,Sri Lanka,6,11,6
SK,Denmark,Norway,0,2,0
FR,Italy,United Arab Emirates,0,8,0
AZ,Malta,Italy,1,6,1
MK,Madagascar,Mauritius,0,1,0
LH,Italy,Peru,0,1,0
TK,Italy,Turkmenistan,0,1,0
SS,France,Réunion,1,0,1
T6,Philippines,Japan,0,1,0
TK,Italy,Venezuela,4,5,4
UA,Belgium,United States,1,0,1
OS,Italy,Cyprus,2,3,2
SK,Belgium,,1,0,1
FB,Italy,Bulgaria,0,11,0
AK,Malaysia,Malaysia,0,6,0
LH,Netherlands,Germany,1,0,1
PC,Netherlands,Saudi Arabia,1,0,1
W6,Poland,Malta,1,0,1
NO,Greece,Italy,1,0,1
AV,Dominican Republic,Colombia,0,1,0
KL,Italy,Mexico,3,5,3
LH,Italy,Austria,2,7,2
"",France,Argentina,3,0,3
UX,Spain,Portugal,2,3,2
W4,Norway,Romania,0,1,0
VY,Italy,United States,4,5,4
WY,Italy,Indonesia,1,0,1
KL,Netherlands,Indonesia,1,0,1
W4,Italy,China,0,1,0
W4,Republic of Kosovo,Italy,0,1,0
SN,Italy,Egypt,0,1,0
JA,Brazil,Chile,0,1,0
I2,France,Spain,2,0,2
IB,Germany,Morocco,0,1,0
LH,Italy,Denmark,6,10,6
9U,Moldova,Italy,0,20,0
ET,Italy,Zimbabwe,0,2,0
TK,Canada,India,0,2,0
OS,Italy,Slovakia,2,0,2
XY,Saudi Arabia,Saudi Arabia,1,2,1
RJ,Saudi Arabia,Italy,0,1,0
V7,Italy,Dominican Republic,0,1,0
BA,United Kingdom,Spain,1,0,1
DL,Italy,,2,0,2
FR,Bulgaria,Malta,0,1,0
AZ,Italy,China,0,25,0
EW,Italy,Spain,1,15,1
AF,Italy,France,112,113,111
EK,Italy,Seychelles,5,0,5
U2,France,Netherlands,18,0,18
W6,Italy,Uzbekistan,0,5,0
U2,Spain,Germany,1,0,1
FR,Denmark,Portugal,2,1,2
1L,Thailand,Turkey,0,1,0
QR,Saudi Arabia,Germany,0,1,0
UX,Spain,Senegal,0,1,0
1L,Thailand,Thailand,0,1,0
TP,Brazil,France,5,2,5
W6,Italy,India,0,26,0
U2,Italy,Denmark,11,2,11
ZB,Italy,Albania,0,51,0
AF,France,Tunisia,0,2,0
SN,Sweden,Belgium,1,1,1
KL,Switzerland,Brazil,0,1,0
LH,Belgium,United States,1,0,1
EW,Germany,Republic of Ireland,1,0,1
PC,Italy,Saudi Arabia,2,0,2
