carrier,origin_country,destination_country,clicks_travix,clicks_competitor,clicks_airlines
AZ,Italy,Italy,608,1505,602
FR,Italy,Italy,4258,7468,4216
FR,Italy,Spain,2210,4620,2188
W6,Italy,Italy,1025,1184,1015
FR,Italy,Morocco,134,264,133
NO,Italy,Egypt,74,37,73
NO,Italy,Spain,26,26,26
LA,Italy,Brazil,7,56,7
DX,Italy,Italy,0,126,0
AZ,Italy,Morocco,25,76,25
EK,Italy,Indonesia,67,53,66
AZ,Italy,,0,87,0
W6,Italy,Egypt,182,199,180
TU,Italy,Tunisia,0,53,0
AZ,Italy,United States,210,726,208
IB,Italy,Spain,207,172,205
W6,Italy,Morocco,56,64,55
V7,Italy,Italy,744,651,737
EK,Italy,,0,7,0
AZ,Italy,Tunisia,10,48,10
AT,Italy,Morocco,45,99,45
EY,Italy,Seychelles,41,34,41
SQ,United Arab Emirates,Indonesia,4,7,4
UG,Italy,Tunisia,0,11,0
LH,Italy,Germany,194,303,192
W6,Italy,United Arab Emirates,79,68,78
FR,Italy,Greece,551,1239,546
TU,Tunisia,Italy,0,11,0
NO,Egypt,Italy,22,4,22
BA,Italy,United States,216,481,214
TK,Italy,Turkey,109,253,108
FR,Italy,Poland,84,160,83
QR,Italy,,0,22,0
SM,Egypt,Italy,9,35,9
AF,Italy,,0,22,0
AY,Italy,,0,5,0
FR,Italy,Croatia,81,162,80
W6,Italy,Jordan,39,46,39
FR,Italy,Belgium,212,226,210
H2,Peru,Peru,0,2,0
FR,Italy,Germany,251,315,249
AT,Morocco,Italy,14,16,14
SM,Italy,Egypt,46,227,46
U2,Italy,Italy,1706,264,1689
KM,Malta,Italy,0,27,0
EI,Italy,United States,21,10,21
LH,Italy,Sri Lanka,0,1,0
FR,Italy,France,397,621,393
FR,Italy,Malta,358,742,354
TK,Italy,Australia,0,23,0
NO,United States,Italy,4,0,4
ET,Italy,,0,10,0
LH,Italy,United States,120,142,119
KL,Italy,,4,33,4
AZ,Italy,Spain,24,126,24
FR,Italy,Austria,246,296,244
IB,Spain,Italy,58,48,57
UX,Guatemala,,0,2,0
JU,Italy,Serbia,28,22,28
TP,Italy,United States,14,22,14
FR,Italy,Czech Republic,135,247,134
IB,Italy,,5,12,5
VN,Italy,,0,1,0
AZ,Italy,France,26,59,26
AC,Canada,Italy,1,11,1
EK,Italy,Japan,27,28,27
AZ,Egypt,Italy,6,9,6
TK,United States,Italy,2,11,2
LH,Norway,Italy,7,2,7
AR,Argentina,Argentina,0,4,0
TK,Italy,,0,30,0
NO,Italy,Maldives,4,1,4
IB,Italy,United States,13,121,13
NO,Spain,Italy,4,0,4
UX,Spain,Spain,7,9,7
EY,Italy,Indonesia,15,30,15
ET,Italy,Eritrea,3,4,3
4N,Canada,Canada,0,1,0
AI,India,India,0,6,0
FR,Italy,United Kingdom,317,590,314
SK,Italy,Canada,3,15,3
FR,Netherlands,Italy,16,25,16
MS,Egypt,Egypt,0,20,0
IB,Portugal,Italy,2,6,2
JL,Italy,Japan,5,17,5
EY,United Arab Emirates,Turkey,0,7,0
FR,Italy,Denmark,104,208,103
LH,Italy,,0,39,0
KU,Italy,Thailand,7,6,7
LH,Italy,Latvia,3,8,3
EY,Spain,Pakistan,0,0,0
EW,Germany,Italy,61,88,60
TG,Thailand,Thailand,10,12,10
LO,Poland,Poland,1,1,1
NO,Italy,Mexico,5,7,5
JU,Serbia,Bosnia and Herzegovina,1,1,1
UX,Italy,Spain,4,61,4
TS,Italy,Canada,47,19,47
U2,Italy,Greece,699,136,692
TP,Italy,Brazil,39,150,39
NZ,Italy,,0,2,0
NT,Portugal,Portugal,0,0,0
JU,Italy,Turkey,2,13,2
IB,Italy,Portugal,9,7,9
AV,Colombia,Spain,6,5,6
LH,Italy,Brazil,36,44,36
LA,Brazil,Italy,19,56,19
LH,Italy,Canada,3,19,3
SV,Philippines,Italy,0,2,0
TU,France,Tunisia,0,8,0
VS,Netherlands,United States,0,0,0
EY,Italy,,5,4,5
HC,Italy,Senegal,0,9,0
TG,Thailand,Singapore,0,0,0
AR,Italy,Argentina,0,37,0
NO,Italy,Dominican Republic,9,1,9
CM,Peru,Colombia,0,3,0
AZ,Dominican Republic,Italy,0,0,0
MH,Malaysia,Malaysia,3,11,3
EW,Italy,Germany,128,120,127
EK,Thailand,Italy,7,2,7
FR,Italy,Jordan,36,58,36
LA,Colombia,Colombia,6,17,6
UP,The Bahamas,The Bahamas,0,0,0
EK,Indonesia,,0,0,0
SV,Italy,Thailand,30,58,30
SK,Italy,Sweden,9,18,9
LA,Peru,Peru,0,7,0
BA,Italy,,29,49,29
IB,Italy,Peru,22,28,22
NO,Italy,United States,22,8,22
SV,Egypt,Saudi Arabia,0,1,0
ET,Mozambique,,0,0,0
NH,Indonesia,Japan,0,0,0
TK,Switzerland,,0,0,0
EK,Italy,United States,78,21,77
UA,Guatemala,,0,1,0
W6,Italy,United Kingdom,108,128,107
AZ,Italy,Algeria,1,2,1
LA,Colombia,Peru,1,3,1
AM,Mexico,Italy,0,15,0
FR,Italy,Norway,10,54,10
BA,Brazil,Republic of Ireland,0,0,0
JU,Albania,Spain,0,3,0
UU,Mauritius,,0,0,0
EY,Italy,Sri Lanka,0,4,0
AC,Italy,Canada,10,71,10
KE,Italy,,0,8,0
KE,Italy,Japan,11,20,11
QR,Italy,Indonesia,38,68,38
U2,Germany,United Kingdom,3,0,3
LA,United States,Peru,0,1,0
AS,United States,United States,0,12,0
U2,Spain,Portugal,9,1,9
TK,Italy,New Zealand,0,6,0
W6,United Kingdom,Romania,4,11,4
FR,Italy,Sweden,38,116,38
SK,Italy,United States,26,49,26
UX,Italy,Brazil,2,16,2
LH,Slovenia,Colombia,0,0,0
3U,China,Italy,0,4,0
LH,Italy,Thailand,14,25,14
LG,Italy,Luxembourg,5,4,5
CZ,China,Netherlands,0,1,0
MU,China,Italy,0,0,0
TP,Italy,Senegal,3,5,3
MH,Malaysia,Thailand,0,0,0
SV,Italy,,2,1,2
LA,United States,Colombia,0,0,0
JZ,Peru,Peru,0,0,0
1L,Austria,Italy,0,0,0
JL,Finland,,0,0,0
LY,Italy,Israel,12,3,12
IB,Italy,Dominican Republic,16,14,16
LA,Ecuador,Ecuador,1,6,1
EY,Spain,Singapore,0,0,0
BA,Italy,Mexico,7,21,7
OU,Croatia,Austria,0,1,0
FR,Italy,Hungary,152,178,150
EK,Italy,Australia,20,5,20
AZ,Tunisia,Italy,1,12,1
MH,Italy,Malaysia,0,19,0
EK,Vietnam,Italy,1,1,1
LH,Poland,Panama,0,0,0
TK,Cyprus,Egypt,3,0,3
TP,Portugal,Portugal,2,3,2
W6,Italy,Spain,324,589,321
NO,Italy,Madagascar,3,2,3
VY,Belgium,Spain,5,1,5
SQ,Italy,,0,30,0
JL,Japan,Japan,7,4,7
U2,United Kingdom,Italy,113,15,112
LX,Italy,United States,18,68,18
AT,The Gambia,Italy,0,12,0
TK,Germany,,0,0,0
KL,Italy,Peru,14,32,14
TK,Italy,United States,4,8,4
EK,United Arab Emirates,Japan,0,0,0
QR,Ghana,Italy,0,4,0
AZ,Italy,Japan,38,217,38
FR,Spain,Belgium,5,1,5
BA,Mexico,United States,0,2,0
TK,Italy,India,0,1,0
IB,Spain,France,2,1,2
OS,United States,Italy,0,0,0
LH,Belgium,Italy,1,6,1
EY,Egypt,United Arab Emirates,0,0,0
BR,Philippines,Taiwan,0,0,0
LH,Italy,Egypt,3,17,3
IB,Italy,Brazil,0,2,0
AZ,Italy,Egypt,7,13,7
W6,Italy,France,88,140,87
FR,Bulgaria,Italy,12,16,12
9U,Italy,Moldova,0,29,0
AF,Mexico,Italy,3,8,3
NP,Egypt,Egypt,0,5,0
LH,Italy,Tunisia,0,0,0
FR,Romania,Italy,17,24,17
KU,Italy,Philippines,9,46,9
TP,Italy,,0,18,0
ID,Indonesia,Malaysia,0,6,0
BA,Italy,Japan,0,0,0
AH,Italy,Ivory Coast,0,1,0
AI,Italy,Thailand,0,28,0
KU,Italy,Kuwait,0,0,0
FR,Italy,Netherlands,64,86,63
FR,Portugal,Italy,50,68,50
AZ,Italy,Dominican Republic,0,7,0
MS,Italy,Kenya,0,9,0
LH,Italy,Hungary,0,0,0
PK,Pakistan,United Arab Emirates,0,0,0
W6,Italy,Albania,303,337,300
AM,Mexico,,0,0,0
XQ,Italy,Turkey,6,2,6
CA,Australia,Germany,0,0,0
XK,France,France,0,1,0
EK,Malaysia,Italy,10,1,10
HX,South Korea,Hong Kong,0,0,0
U2,Italy,Egypt,130,36,129
JU,Serbia,Italy,7,3,7
TU,Tunisia,,0,0,0
AF,United States,Italy,5,3,5
EK,South Africa,Italy,9,0,9
EY,Thailand,Italy,4,5,4
ET,Italy,South Africa,10,2,10
SV,Italy,Philippines,6,12,6
FR,Italy,Portugal,337,601,334
LH,Italy,Japan,21,49,21
NH,Hong Kong,Japan,1,0,1
BA,Chile,Italy,0,0,0
PG,Thailand,Thailand,19,13,19
AF,Italy,Martinique,4,2,4
LA,Peru,Costa Rica,0,0,0
EK,Italy,Vietnam,3,4,3
UX,Italy,Dominican Republic,8,27,8
MS,Egypt,,0,0,0
AF,Italy,Panama,5,2,5
PU,Spain,Peru,0,2,0
LH,Italy,Saudi Arabia,1,0,1
ID,Indonesia,Italy,0,0,0
V7,Italy,France,94,69,93
LH,Italy,Republic of Ireland,4,4,4
AZ,Italy,Israel,2,4,2
AZ,Italy,Australia,0,2,0
TP,Italy,Mexico,4,8,4
CI,Malaysia,Italy,0,0,0
AF,Italy,Colombia,3,11,3
OS,Austria,Sweden,0,0,0
AZ,Mexico,United States,0,0,0
LA,Chile,Italy,1,16,1
LA,Colombia,Spain,0,3,0
AF,Puerto Rico,Italy,1,0,1
UA,Italy,United States,38,33,38
AC,Germany,United States,0,1,0
FR,Italy,Cyprus,33,53,33
RJ,United Arab Emirates,Italy,0,1,0
AZ,Italy,Belgium,11,42,11
W6,Spain,Italy,85,36,84
AM,Peru,Italy,0,0,0
LH,Italy,Belgium,5,4,5
LA,Brazil,Peru,0,0,0
FR,Greece,Italy,57,58,56
FR,France,Italy,53,86,52
MS,Italy,Egypt,0,59,0
JU,Greece,Serbia,0,0,0
LH,Italy,Luxembourg,2,6,2
SK,Italy,Iceland,3,14,3
AY,Italy,United States,32,247,32
TU,Tunisia,Turkey,0,1,0
TK,Italy,Egypt,8,4,8
ID,Malaysia,Indonesia,0,0,0
AM,Mexico,Mexico,0,21,0
AM,Netherlands,El Salvador,0,1,0
IB,Italy,Uruguay,1,1,1
CY,Cyprus,Egypt,0,0,0
U2,France,Italy,156,42,154
AH,France,Algeria,0,0,0
U2,Italy,France,834,159,826
AZ,Italy,Brazil,8,51,8
LH,Germany,Italy,50,51,50
TK,Pakistan,Greece,0,0,0
J2,Belarus,Italy,0,0,0
FR,Italy,Albania,0,17,0
WS,Italy,,0,1,0
HV,Spain,Netherlands,1,1,1
SM,Germany,Egypt,0,1,0
OA,Greece,Greece,3,13,3
BA,Romania,Belgium,2,0,2
FR,United Kingdom,Canada,0,2,0
OZ,Japan,Italy,1,4,1
FR,Spain,Sweden,0,1,0
EK,United Arab Emirates,Thailand,1,0,1
AT,Italy,Guinea-Bissau,0,1,0
VY,Spain,United Kingdom,3,0,3
SQ,Indonesia,Switzerland,1,0,1
FZ,United Arab Emirates,Slovenia,1,0,1
EK,Italy,United Arab Emirates,23,24,23
W6,Belgium,Bulgaria,0,1,0
AI,Canada,India,0,1,0
VY,Portugal,France,2,1,2
VY,France,Argentina,0,2,0
BY,United Kingdom,Italy,7,1,7
JQ,Thailand,Singapore,0,1,0
UA,Sweden,United States,2,0,2
LO,Romania,Sweden,0,3,0
MS,Egypt,Colombia,0,1,0
SN,Italy,Cameroon,1,1,1
TP,Angola,Italy,0,1,0
EY,South Korea,Italy,2,0,2
AZ,Italy,Cameroon,1,0,1
B6,Aruba,United States,0,1,0
FR,Italy,Senegal,0,1,0
ET,Tanzania,Italy,1,2,1
CA,Italy,Thailand,0,9,0
U2,Italy,Denmark,12,2,12
U2,Portugal,Portugal,8,1,8
QR,Australia,Italy,8,6,8
OS,Austria,United States,0,1,0
IB,Spain,Armenia,0,6,0
AZ,Italy,Portugal,0,4,0
W6,Italy,Ivory Coast,0,1,0
W6,Netherlands,Republic of Macedonia,2,0,2
AH,Algeria,France,0,1,0
EY,United Arab Emirates,Thailand,1,0,1
AV,Bolivia,Colombia,0,1,0
AF,France,United Kingdom,0,1,0
AT,Italy,Cape Verde,0,1,0
BA,Germany,Mexico,1,1,1
EK,France,South Korea,0,1,0
VY,United Kingdom,Spain,3,2,3
AZ,Italy,Switzerland,4,22,4
W6,Italy,Bulgaria,32,30,32
AF,Italy,Switzerland,1,0,1
VN,Hong Kong,Vietnam,0,1,0
DE,Italy,Canada,5,0,5
TU,Italy,Mali,0,2,0
IB,Germany,Spain,2,0,2
QR,Switzerland,Indonesia,0,1,0
IB,Spain,Panama,2,0,2
5J,Philippines,Philippines,13,7,13
KL,Italy,Canada,5,7,5
QR,Saudi Arabia,Bangladesh,1,1,1
BA,Belgium,Brazil,1,0,1
KL,Italy,Japan,14,9,14
CA,Germany,China,1,0,1
PC,Saudi Arabia,Italy,1,2,1
FR,Sweden,Austria,1,0,1
LO,Egypt,Denmark,0,5,0
WY,Italy,Malaysia,7,21,7
SN,Italy,Ivory Coast,4,3,4
TK,Italy,Kuwait,0,2,0
MS,Italy,,0,10,0
"",Chile,Spain,1,0,1
FR,Poland,United Kingdom,3,2,3
FR,Malta,Spain,3,1,3
V7,Italy,Morocco,0,1,0
A3,Slovenia,Greece,0,3,0
FR,United Kingdom,Morocco,0,1,0
VY,Spain,Malta,0,1,0
CM,Ecuador,Netherlands,0,1,0
OS,Austria,Colombia,0,1,0
EW,Italy,Denmark,0,1,0
EI,Italy,,0,1,0
FR,Republic of Ireland,Germany,1,2,1
W6,Italy,Latvia,0,2,0
LX,Italy,Bosnia and Herzegovina,0,1,0
SA,South Africa,Italy,0,2,0
FR,Italy,Romania,90,235,89
TK,Italy,Bangladesh,0,3,0
A3,Malta,Greece,0,1,0
OS,Italy,Thailand,19,13,19
WY,Australia,Italy,0,1,0
LH,Canada,Italy,3,1,3
LH,Italy,Cuba,0,3,0
FR,France,Austria,0,1,0
TG,Thailand,Italy,1,0,1
AZ,Italy,Aruba,0,1,0
TK,France,Saudi Arabia,0,1,0
QR,Italy,Vietnam,5,12,5
LH,Italy,Singapore,6,1,6
AF,Italy,Dominican Republic,0,2,0
KL,Canada,Italy,5,3,5
ET,Eritrea,Italy,2,0,2
ET,Madagascar,Tunisia,0,2,0
KL,Netherlands,Spain,1,0,1
V7,Italy,Canada,0,1,0
X3,Germany,Greece,0,1,0
TP,Spain,United States,0,1,0
KL,Italy,Ghana,2,3,2
TK,Italy,Kyrgyzstan,5,1,5
AV,Argentina,Italy,0,2,0
JU,Romania,,2,0,2
"",Cuba,Colombia,0,2,0
U2,United Kingdom,Greece,3,0,3
HO,China,China,0,4,0
A3,Greece,Albania,0,1,0
7P,Panama,Panama,0,1,0
U2,Italy,Iceland,52,9,51
UX,Honduras,Italy,0,2,0
FR,Italy,Saudi Arabia,0,14,0
AZ,Belgium,Italy,5,16,5
EK,Slovenia,Indonesia,0,1,0
ET,Italy,Namibia,6,2,6
LH,Norway,Germany,1,0,1
5Z,South Africa,South Africa,0,1,0
QR,Italy,Qatar,1,3,1
TK,New Zealand,Italy,0,1,0
FR,Germany,France,0,4,0
NT,Spain,Spain,0,6,0
TK,Turkey,Malta,0,8,0
PC,Turkey,Bosnia and Herzegovina,1,0,1
TK,Italy,Sri Lanka,0,2,0
AV,Spain,Argentina,1,0,1
FR,Italy,China,0,1,0
W6,Czech Republic,United Kingdom,0,1,0
U2,Italy,Venezuela,0,1,0
LX,Italy,Lithuania,1,0,1
XZ,Italy,Romania,24,0,24
GF,Italy,Bahrain,0,1,0
IB,Italy,Chile,1,4,1
W6,Israel,Greece,1,0,1
AT,Spain,Morocco,0,1,0
MH,Thailand,Malaysia,0,2,0
LX,Italy,Czech Republic,1,4,1
KL,Italy,Lithuania,0,1,0
VU,Vietnam,Thailand,0,2,0
CI,Germany,Japan,0,1,0
FZ,United Arab Emirates,Italy,0,1,0
IB,Spain,Israel,1,0,1
KM,France,Malta,0,1,0
TK,Netherlands,Turkey,0,1,0
VY,Morocco,Spain,0,1,0
BY,France,Germany,0,1,0
OS,Romania,Austria,0,2,0
EK,United Arab Emirates,Italy,5,0,5
LX,Italy,Belgium,1,0,1
AK,Indonesia,Malaysia,0,1,0
FD,Malaysia,Thailand,0,3,0
9C,Japan,China,2,0,2
AF,Italy,Uruguay,0,1,0
W6,Romania,Greece,0,1,0
X3,Spain,Germany,0,1,0
IB,Germany,Portugal,1,0,1
UA,United States,Singapore,1,0,1
V7,Italy,Germany,3,4,3
IB,Spain,Switzerland,1,0,1
LX,Italy,Brazil,5,12,5
LH,Italy,Dominican Republic,1,3,1
LH,Spain,United States,0,1,0
DL,United States,Bermuda,2,0,2
KL,Panama,,4,0,4
KQ,Kenya,Kenya,1,0,1
MS,Egypt,Germany,0,5,0
PC,Turkey,Greece,1,0,1
OZ,South Korea,Italy,0,1,0
U2,Netherlands,Czech Republic,3,0,3
G9,Italy,Bangladesh,2,0,2
TP,Italy,Argentina,0,7,0
U2,Italy,Switzerland,62,13,61
EW,Spain,Switzerland,1,0,1
AZ,Italy,El Salvador,0,1,0
AZ,Spain,Italy,8,17,8
U2,Italy,Canada,1,0,1
GM,Spain,Switzerland,2,0,2
MH,Italy,Australia,0,1,0
U2,Israel,Italy,3,1,3
U2,France,Greece,0,1,0
W2,Italy,Israel,0,1,0
LH,Sweden,Greece,1,0,1
IB,Morocco,Italy,1,0,1
KL,Italy,United States,52,154,51
FR,Hungary,Italy,24,16,24
T3,United Kingdom,United Kingdom,1,2,1
TR,Indonesia,Italy,0,2,0
UL,United Arab Emirates,Sri Lanka,3,3,3
AZ,Italy,Serbia,1,3,1
TR,Greece,Indonesia,1,0,1
TP,Mexico,Portugal,0,1,0
FR,Germany,Denmark,0,1,0
AF,Spain,Italy,3,1,3
LH,Italy,El Salvador,0,1,0
ID,Indonesia,Thailand,0,1,0
FR,Germany,Republic of Ireland,0,1,0
RO,Romania,Italy,0,1,0
W6,Italy,Hungary,160,128,158
FR,Germany,Italy,78,133,77
LY,Israel,Italy,1,4,1
H4,Moldova,Italy,0,8,0
SQ,Italy,New Zealand,0,4,0
"",Dominican Republic,Colombia,1,0,1
I2,Denmark,Spain,1,0,1
TR,Australia,Italy,0,4,0
RJ,Greece,United Arab Emirates,0,1,0
DL,Argentina,Italy,1,0,1
TX,France,United States,1,0,1
SN,Italy,Belgium,52,78,51
VB,Colombia,Mexico,3,10,3
FR,Greece,Belgium,0,2,0
G3,Brazil,Brazil,0,4,0
MH,Vietnam,Italy,0,1,0
TK,Italy,Philippines,4,8,4
AF,Italy,Guadeloupe,3,5,3
QZ,Thailand,Indonesia,0,2,0
AT,Spain,The Gambia,0,1,0
EK,Sri Lanka,Maldives,1,0,1
ET,Nigeria,Italy,0,2,0
UX,Belgium,Spain,1,0,1
BA,Italy,Netherlands,0,1,0
SK,Denmark,Norway,1,0,1
LH,Germany,United States,10,16,10
FR,Spain,Republic of Ireland,2,6,2
VY,France,Morocco,0,3,0
PC,Greece,Turkey,1,1,1
FR,Republic of Ireland,Belgium,0,2,0
TC,Tanzania,,0,1,0
AC,Italy,Peru,0,3,0
AV,Colombia,Argentina,0,1,0
W6,Norway,Italy,0,2,0
LH,Italy,Vietnam,0,1,0
FD,Thailand,Singapore,0,2,0
AZ,Italy,Cuba,0,4,0
FI,United States,Italy,0,1,0
LA,Argentina,France,0,1,0
AY,South Korea,Italy,1,0,1
3O,Morocco,Morocco,1,0,1
OS,Germany,,0,3,0
U2,Croatia,Italy,2,1,2
UX,Venezuela,Italy,1,1,1
SG,India,India,3,0,3
AT,Ivory Coast,Italy,0,2,0
EI,Germany,United States,3,0,3
"",Tanzania,Tanzania,2,4,2
OK,Italy,Czech Republic,0,1,0
KL,Norway,Italy,2,0,2
KL,Italy,Aruba,0,2,0
FR,Austria,Greece,1,0,1
PC,Germany,Iran,0,1,0
IB,Spain,United States,1,0,1
AA,Italy,,2,0,2
RJ,Italy,Thailand,4,6,4
AF,France,Poland,1,0,1
RJ,Thailand,Italy,1,5,1
SM,Egypt,Saudi Arabia,0,2,0
MS,Saudi Arabia,Egypt,0,1,0
V7,Italy,Cuba,0,1,0
OS,Belgium,Italy,0,1,0
SQ,Malaysia,Singapore,1,0,1
SN,Italy,Togo,0,1,0
KL,Turkey,Netherlands,1,0,1
VB,Mexico,United States,1,0,1
XZ,Italy,Italy,741,70,734
XJ,Australia,Thailand,0,1,0
LA,Argentina,Italy,9,20,9
EY,Germany,United Arab Emirates,0,1,0
LH,Italy,Iceland,2,2,2
CM,Peru,Venezuela,1,0,1
TG,Switzerland,Thailand,0,1,0
N0,France,United States,1,0,1
QR,Malaysia,Cyprus,1,0,1
5W,United Arab Emirates,Sri Lanka,0,2,0
SN,Italy,Senegal,1,0,1
MS,France,Kenya,0,1,0
XZ,Albania,Italy,14,0,14
LX,Italy,China,1,16,1
L9,Italy,Italy,0,29,0
EI,United Kingdom,Republic of Ireland,1,2,1
LH,Italy,Greece,0,2,0
AV,United States,Colombia,3,2,3
DL,Cuba,United States,1,0,1
MS,Kenya,Egypt,0,1,0
VY,Italy,China,0,1,0
SK,Sweden,Netherlands,0,1,0
TR,Greece,Australia,1,2,1
VY,Italy,Argentina,6,14,6
WS,United Kingdom,Canada,0,2,0
OS,Italy,Taiwan,0,1,0
WB,Italy,Tanzania,0,1,0
EI,Republic of Ireland,United States,1,1,1
DY,Sweden,Norway,0,1,0
AV,Costa Rica,Italy,0,1,0
LO,Lithuania,Italy,0,1,0
AT,Italy,Ivory Coast,0,4,0
FR,Lithuania,Italy,1,0,1
LH,Italy,France,13,11,13
AZ,Italy,French Polynesia,0,2,0
UO,Japan,Hong Kong,0,5,0
BJ,Tunisia,France,0,1,0
FR,Malta,Austria,0,1,0
G9,Qatar,Sri Lanka,0,1,0
UX,Argentina,Italy,1,1,1
DL,Italy,Turks and Caicos Islands,1,0,1
G9,Bahrain,Kenya,0,1,0
LX,Hong Kong,Italy,1,0,1
KM,Italy,Italy,0,1,0
LH,Italy,Spain,23,20,23
FZ,Italy,Tanzania,7,6,7
FZ,Italy,Sri Lanka,6,7,6
DY,Denmark,Italy,0,7,0
U2,France,Germany,3,0,3
SQ,Germany,Singapore,1,0,1
EK,Tanzania,Italy,0,1,0
IU,Indonesia,Italy,0,1,0
TK,Switzerland,Kenya,1,0,1
AK,Malaysia,Thailand,0,1,0
"",Spain,United States,2,0,2
HV,Greece,France,1,1,1
EI,Germany,Republic of Ireland,0,1,0
EY,Italy,Singapore,25,6,25
FR,Morocco,Spain,3,2,3
U2,Czech Republic,Italy,7,0,7
EW,Italy,Greece,1,1,1
LH,Italy,The Bahamas,0,2,0
KQ,United Arab Emirates,Mauritius,0,1,0
LH,Republic of Ireland,Germany,1,0,1
KL,United Arab Emirates,Italy,0,1,0
EW,Germany,Greece,0,1,0
IB,Dominican Republic,Italy,0,4,0
AC,Colombia,Canada,1,0,1
DL,The Bahamas,Netherlands,1,0,1
UA,United States,United States,12,5,12
OS,Poland,Italy,1,1,1
AF,Italy,Germany,2,3,2
NO,Senegal,Italy,1,1,1
TB,Italy,Morocco,0,7,0
PC,Turkey,Kazakhstan,1,0,1
BA,Germany,Chile,2,0,2
W6,Hungary,Montenegro,1,0,1
VR,Portugal,Cape Verde,0,2,0
4Z,South Africa,South Africa,1,0,1
2W,Dominican Republic,Spain,0,3,0
FR,Malta,Italy,19,43,19
DE,United States,Italy,3,8,3
EK,Italy,Maldives,13,12,13
U2,Spain,Romania,0,1,0
LY,Italy,United States,0,8,0
BN,Italy,Germany,0,1,0
EY,Japan,Italy,3,2,3
MU,Taiwan,Italy,0,1,0
FI,United Kingdom,Iceland,1,0,1
GF,India,Saudi Arabia,0,1,0
LH,Poland,Italy,0,1,0
W6,Czech Republic,Italy,25,7,25
BF,France,United States,5,3,5
UA,United Kingdom,United States,0,2,0
AZ,Italy,Puerto Rico,0,1,0
TK,Qatar,Italy,0,2,0
6E,Vietnam,India,0,2,0
VY,Greece,Italy,3,4,3
FD,Cambodia,Thailand,0,2,0
JQ,Philippines,Singapore,2,0,2
EK,Taiwan,Italy,1,0,1
FD,Thailand,Laos,0,1,0
LA,Brazil,Brazil,4,25,4
SK,Denmark,Germany,2,0,2
QZ,Indonesia,,0,2,0
5W,Maldives,United Arab Emirates,0,5,0
SV,Italy,Kenya,2,3,2
TK,Italy,Eritrea,0,4,0
FR,Malta,Netherlands,0,3,0
HV,France,United Kingdom,1,0,1
7C,South Korea,South Korea,5,2,5
CI,Italy,Australia,1,1,1
AV,Ecuador,Germany,0,1,0
G8,India,Maldives,0,1,0
EI,Italy,Canada,0,1,0
FR,Germany,Bulgaria,1,0,1
HV,Italy,Netherlands,36,33,36
AV,Costa Rica,Spain,3,0,3
CY,Italy,Cyprus,4,21,4
FR,Belgium,Morocco,0,5,0
W6,Saudi Arabia,Italy,8,12,8
AF,Sint Maarten,France,0,1,0
PC,Turkey,Egypt,1,1,1
PC,Spain,Turkey,15,0,15
FB,Bulgaria,Bulgaria,0,1,0
PC,Italy,Azerbaijan,1,2,1
FI,Denmark,Iceland,2,0,2
FR,Poland,Poland,1,0,1
HV,Austria,Spain,0,3,0
NT,Spain,Armenia,0,1,0
KM,Italy,Spain,0,1,0
AF,Peru,Israel,1,0,1
AY,Norway,Poland,0,2,0
FR,Italy,Finland,10,32,10
TK,Italy,Mauritius,1,7,1
AF,Italy,Ecuador,2,3,2
LH,Italy,Romania,7,11,7
QR,United Kingdom,Singapore,1,0,1
"",Italy,Argentina,1,0,1
FR,Romania,Germany,0,2,0
LH,Germany,Kenya,1,0,1
D7,India,Australia,0,2,0
QR,United Kingdom,Maldives,1,0,1
KL,Germany,Norway,1,0,1
OS,Romania,United States,1,0,1
LH,Germany,Lebanon,0,1,0
GF,India,Italy,0,14,0
ET,South Africa,Italy,1,1,1
EW,Italy,Spain,0,6,0
LO,Italy,Poland,3,24,3
SV,Italy,Saudi Arabia,0,2,0
EY,Germany,Pakistan,0,2,0
A3,Greece,Turkey,4,4,4
JQ,Singapore,Thailand,0,1,0
TP,Portugal,Germany,0,1,0
V7,France,France,5,0,5
AR,Spain,Argentina,0,3,0
PC,Pakistan,Romania,2,0,2
UX,Italy,Panama,0,1,0
SQ,Philippines,Italy,0,1,0
FR,Romania,Greece,0,1,0
FR,Italy,Iran,0,5,0
W6,Italy,Maldives,0,15,0
LX,Hungary,Italy,1,0,1
JQ,Australia,Vietnam,2,0,2
LX,Spain,United States,1,0,1
W2,Greece,Italy,0,1,0
A3,Italy,Egypt,1,14,1
AY,Italy,Finland,69,8,68
A3,Italy,Cyprus,1,4,1
DL,United States,The Bahamas,3,0,3
AZ,Italy,Costa Rica,0,1,0
DM,Colombia,Dominican Republic,0,1,0
LX,Italy,Denmark,3,3,3
U2,Italy,Australia,1,3,1
DY,Czech Republic,Sweden,0,1,0
TP,Cape Verde,Italy,0,1,0
LY,Thailand,Italy,0,1,0
DL,Switzerland,United States,1,0,1
AZ,United Kingdom,Italy,3,16,3
U2,Italy,United States,7,17,7
TK,Turkey,Italy,5,19,5
KL,Italy,Panama,3,6,3
EI,United States,Italy,3,5,3
EK,Italy,China,1,7,1
OS,Italy,Jordan,2,1,2
5J,Philippines,Italy,0,2,0
HV,France,Greece,4,1,4
IB,Sweden,Spain,1,0,1
W6,Italy,Portugal,45,51,45
U2,Italy,Morocco,41,12,41
LX,Italy,Luxembourg,8,2,8
EY,United Arab Emirates,India,0,1,0
OS,Austria,Italy,14,4,14
EK,Italy,Bangladesh,1,2,1
TP,Germany,Portugal,3,0,3
EN,Italy,Japan,0,4,0
F3,Saudi Arabia,Italy,0,1,0
AV,Brazil,Italy,0,1,0
QR,Austria,Kenya,1,0,1
VY,Italy,Brazil,0,1,0
W6,Italy,Iceland,77,81,76
AA,United States,Italy,1,0,1
FR,United Kingdom,France,2,0,2
AF,Italy,Sierra Leone,1,2,1
SV,Italy,Pakistan,0,2,0
W6,Poland,Denmark,0,1,0
LX,Switzerland,Greece,1,0,1
AF,Switzerland,,0,3,0
VY,Spain,Albania,0,2,0
AF,Republic of Ireland,United States,1,0,1
EY,Maldives,Italy,0,1,0
SV,Saudi Arabia,Thailand,0,1,0
AY,Switzerland,Japan,0,1,0
SK,Norway,Italy,12,14,12
W6,Israel,Italy,11,13,11
FR,Austria,Germany,2,0,2
FR,Serbia,Malta,1,0,1
AT,Italy,Senegal,1,18,1
EW,France,Germany,1,5,1
OS,Germany,Italy,6,0,6
CM,Brazil,Ecuador,1,2,1
LO,Germany,United States,0,1,0
TK,Venezuela,Italy,1,3,1
IB,Italy,Senegal,1,4,1
AF,Tunisia,Italy,0,1,0
FR,Belgium,Spain,1,6,1
HV,Denmark,France,1,0,1
WS,United States,,0,1,0
SV,Egypt,Indonesia,0,1,0
KU,Italy,,0,1,0
TK,Italy,Dominican Republic,0,2,0
NO,Italy,Senegal,1,4,1
GA,Indonesia,Indonesia,0,3,0
AT,Italy,Nigeria,1,2,1
HA,United States,United States,0,6,0
LH,Austria,Italy,0,1,0
BA,United Kingdom,United Kingdom,2,0,2
CX,Netherlands,,0,1,0
LX,Germany,Switzerland,1,0,1
"",The Bahamas,The Bahamas,0,2,0
W9,Portugal,United Kingdom,3,0,3
QR,Singapore,Spain,3,1,3
OS,Italy,Republic of Macedonia,5,0,5
Z0,United States,France,1,0,1
CM,Venezuela,Peru,2,3,2
VY,Italy,Chile,10,9,10
MS,Iraq,Italy,0,2,0
VY,Italy,Switzerland,0,1,0
U2,Italy,Uzbekistan,0,1,0
VY,Italy,United Kingdom,98,52,97
BA,United Kingdom,Germany,3,4,3
TK,Italy,Japan,14,20,14
AY,Iceland,Italy,1,0,1
TP,Mexico,Italy,0,4,0
IB,Spain,Austria,1,1,1
AM,Italy,Colombia,0,3,0
DY,Norway,Norway,0,1,0
LX,Italy,Paraguay,0,1,0
VY,Austria,Spain,1,0,1
W6,Uzbekistan,Italy,0,1,0
EK,India,Portugal,1,0,1
MH,Vietnam,Malaysia,1,0,1
SQ,Italy,Japan,0,1,0
KL,Italy,China,3,8,3
SV,Saudi Arabia,Saudi Arabia,0,5,0
SQ,Australia,Italy,16,3,16
LX,Italy,Egypt,1,1,1
PC,Italy,,0,5,0
F9,United States,United States,3,6,3
PC,Italy,Kazakhstan,1,1,1
EW,Sweden,Italy,2,1,2
LH,Luxembourg,Italy,1,4,1
VY,Switzerland,Spain,4,3,4
MU,Italy,Australia,0,1,0
BY,Italy,United Kingdom,4,0,4
W6,Lithuania,Italy,1,4,1
SN,Italy,Germany,1,2,1
W6,Georgia,Italy,1,2,1
FR,Italy,Canada,0,8,0
DE,Lebanon,Germany,0,2,0
EI,Austria,United States,2,0,2
FR,Italy,Montenegro,0,1,0
Z2,Philippines,Hong Kong,0,1,0
EW,Italy,Iceland,0,1,0
KC,Kazakhstan,Italy,0,1,0
EK,Germany,United Arab Emirates,0,1,0
KS,Italy,Italy,2,0,2
EI,Republic of Ireland,Italy,11,5,11
TK,Senegal,Italy,2,11,2
WY,Italy,Maldives,0,1,0
LA,Paraguay,Italy,0,3,0
AI,Italy,Singapore,0,9,0
VJ,Indonesia,Vietnam,0,3,0
AA,United States,The Bahamas,3,0,3
DL,United States,Canada,3,0,3
EN,Italy,Mauritius,0,1,0
AY,Italy,Sweden,2,0,2
FR,Luxembourg,Italy,4,5,4
W6,Italy,Germany,5,9,5
AF,France,,0,2,0
FR,Greece,,0,1,0
"",Germany,Republic of Kosovo,6,0,6
VY,Italy,Cuba,0,4,0
6H,Czech Republic,Israel,0,2,0
U2,Italy,Faroe Islands,0,2,0
KE,Turkey,South Korea,1,0,1
AF,Greece,France,1,0,1
GQ,Germany,Greece,1,0,1
AF,Italy,Norway,0,1,0
AZ,Italy,Albania,9,53,9
LH,United States,United States,0,17,0
BT,Italy,Latvia,8,6,8
AF,Italy,Brazil,17,26,17
PC,Italy,Iraq,1,3,1
FR,Germany,Greece,0,1,0
W6,Albania,Spain,1,1,1
FR,Czech Republic,United Kingdom,1,0,1
KM,Italy,Switzerland,0,2,0
W6,Estonia,Italy,1,3,1
AV,Ecuador,Costa Rica,0,2,0
TK,Italy,South Africa,0,1,0
BA,Italy,Ghana,0,2,0
U2,United Kingdom,Spain,2,1,2
FR,Republic of Ireland,Italy,13,45,13
PC,Italy,United Arab Emirates,1,4,1
LO,Italy,South Korea,0,7,0
UX,Cuba,Italy,1,1,1
EY,Oman,United Arab Emirates,0,1,0
ET,Argentina,Italy,5,0,5
LA,Colombia,Italy,0,8,0
V7,France,Spain,3,1,3
KL,South Korea,Germany,0,3,0
BA,United Arab Emirates,Italy,0,1,0
TP,Portugal,,0,1,0
TF,Denmark,Sweden,1,0,1
V7,Greece,Italy,31,18,31
AZ,Italy,Netherlands,37,80,37
IB,Italy,Guatemala,3,2,3
AZ,Switzerland,Italy,5,10,5
5J,Philippines,Taiwan,2,4,2
U2,Italy,French Polynesia,0,1,0
CA,Japan,Italy,0,1,0
TK,Tunisia,Kyrgyzstan,1,0,1
DL,Dominican Republic,United States,2,0,2
LH,Switzerland,Greece,0,1,0
Y9,Canada,Canada,0,1,0
AK,Maldives,Malaysia,0,1,0
3F,Georgia,Italy,0,1,0
MH,Australia,Italy,0,1,0
TB,Cape Verde,Belgium,0,4,0
QH,Vietnam,Vietnam,4,1,4
MS,Italy,South Africa,0,9,0
TK,Slovenia,Maldives,1,0,1
U2,United Kingdom,United Kingdom,4,0,4
FR,Italy,Faroe Islands,0,1,0
EY,Austria,Thailand,1,0,1
KL,Italy,Sri Lanka,0,1,0
KL,Norway,Germany,1,0,1
TK,Turkey,Turkey,41,4,41
ZB,Albania,Italy,0,11,0
CX,Italy,Hong Kong,2,4,2
LA,Peru,Colombia,0,2,0
6H,Italy,Egypt,0,1,0
SV,Italy,Mauritius,0,3,0
A3,Denmark,Greece,2,0,2
FR,Germany,Poland,1,0,1
PC,Italy,Cyprus,0,1,0
AM,Spain,Mexico,0,1,0
LO,Poland,Lithuania,2,0,2
"",Argentina,Spain,2,0,2
LH,Denmark,Italy,1,0,1
IB,Spain,Maldives,1,0,1
FR,Morocco,Italy,44,86,44
LX,Italy,France,2,5,2
3U,Italy,Vietnam,0,3,0
A3,Egypt,Denmark,0,1,0
SN,Italy,United Kingdom,1,2,1
WY,Italy,Philippines,0,3,0
UX,Italy,Honduras,0,2,0
OS,Austria,Germany,2,0,2
NO,Italy,Jordan,1,1,1
BA,Cyprus,United States,1,0,1
VY,Italy,Senegal,0,1,0
W6,Italy,Thailand,0,8,0
LX,Switzerland,United States,3,3,3
FR,Croatia,Malta,3,0,3
W2,Italy,Italy,0,3,0
U2,Greece,United Kingdom,1,0,1
PC,Italy,Pakistan,1,0,1
4Y,Italy,South Africa,2,0,2
QZ,Indonesia,Singapore,0,1,0
W6,Sweden,Poland,0,3,0
N0,Germany,United States,1,0,1
QR,Italy,South Korea,3,4,3
QZ,Indonesia,Thailand,0,4,0
NZ,Japan,French Polynesia,0,1,0
CI,Italy,Vietnam,1,2,1
TX,Martinique,France,0,1,0
A3,Italy,Turkey,0,1,0
CI,Thailand,United States,1,0,1
WJ,Argentina,Brazil,0,2,0
KI,Malaysia,Malaysia,0,2,0
AV,Spain,,0,2,0
U2,Italy,Norway,0,3,0
W9,Italy,United Kingdom,11,4,11
LH,Italy,Costa Rica,0,5,0
LH,Italy,Israel,2,0,2
TX,United States,Italy,0,2,0
IB,Chile,Italy,2,1,2
6E,Italy,Vietnam,0,1,0
LX,Republic of Kosovo,Italy,0,1,0
LA,Bolivia,Italy,0,1,0
UK,India,Italy,0,1,0
Y4,United States,Mexico,0,2,0
BA,United Kingdom,Gibraltar,0,1,0
TK,Poland,Maldives,0,1,0
LH,Brazil,Poland,1,0,1
PC,Pakistan,Italy,0,2,0
UA,United States,Cuba,2,0,2
IB,Italy,Costa Rica,4,13,4
HV,France,Italy,29,24,29
EK,Italy,Sri Lanka,4,12,4
AF,Italy,Peru,22,23,22
G9,United Arab Emirates,Egypt,0,2,0
EY,Israel,Kuwait,0,1,0
TB,Cape Verde,Italy,0,3,0
TK,Turkey,Uzbekistan,0,1,0
FR,Republic of Ireland,,0,2,0
BG,Bangladesh,Australia,0,2,0
FR,France,Portugal,1,0,1
TK,Georgia,Italy,2,0,2
QR,Vietnam,Italy,1,0,1
AV,Colombia,Italy,0,6,0
5J,United Arab Emirates,Philippines,5,13,5
8B,Indonesia,Indonesia,0,22,0
E9,Cuba,Spain,0,2,0
T7,France,Italy,0,4,0
EN,Germany,Italy,0,1,0
IB,Italy,Honduras,0,1,0
BR,Indonesia,Taiwan,0,1,0
A3,Greece,Germany,2,1,2
AZ,United States,,0,1,0
VY,Italy,The Gambia,0,3,0
AF,Canada,France,1,1,1
WO,Canada,Canada,0,1,0
FR,Germany,Netherlands,0,1,0
G9,Italy,India,30,36,30
AC,Canada,United States,4,6,4
U2,France,Tunisia,0,1,0
EK,Cambodia,Italy,0,1,0
UA,Italy,,4,1,4
CA,Italy,Vietnam,0,5,0
FR,United Kingdom,Republic of Ireland,0,3,0
2W,Cuba,Italy,0,4,0
VY,Italy,Indonesia,0,1,0
KL,Italy,Czech Republic,1,1,1
QZ,Indonesia,Indonesia,0,5,0
KL,Peru,Italy,3,4,3
TN,United States,French Polynesia,0,3,0
FR,Belgium,Czech Republic,0,2,0
EK,United Arab Emirates,Singapore,0,1,0
DY,Norway,,0,1,0
BR,Italy,Cambodia,0,1,0
VB,United States,Mexico,0,1,0
OA,Greece,Italy,0,2,0
OZ,South Korea,Japan,1,0,1
EK,United States,Italy,1,1,1
HV,France,Morocco,3,0,3
AC,Italy,Mexico,1,13,1
BA,Italy,India,1,0,1
FR,Norway,Spain,0,3,0
LA,Peru,Italy,0,14,0
W6,Germany,Hungary,2,0,2
FR,Sweden,Estonia,2,0,2
LX,Italy,Greece,1,4,1
FR,Belgium,Bulgaria,1,0,1
SS,Guadeloupe,Italy,0,1,0
N3,El Salvador,Mexico,0,2,0
BA,Italy,Brazil,0,2,0
J9,Saudi Arabia,,0,1,0
JQ,Singapore,Malaysia,1,1,1
LO,Croatia,Poland,1,0,1
EK,Italy,South Africa,1,6,1
LH,Italy,Poland,8,8,8
N0,United States,Germany,4,0,4
CA,China,Italy,0,6,0
NT,Italy,Spain,0,14,0
EK,Hong Kong,Italy,5,1,5
LO,Bulgaria,Germany,0,2,0
TK,Bosnia and Herzegovina,Italy,0,1,0
FR,Cyprus,Italy,6,2,6
LH,Italy,Kenya,6,2,6
TG,Germany,Thailand,4,1,4
XC,Turkey,Italy,0,2,0
FR,Italy,Indonesia,0,5,0
HV,Tunisia,Italy,0,4,0
W6,Italy,Cambodia,0,1,0
KL,Republic of Ireland,Netherlands,0,1,0
NO,Israel,Italy,1,1,1
QR,Malaysia,Italy,1,0,1
2W,Cuba,Spain,0,5,0
LH,Poland,Spain,0,2,0
A3,Egypt,Italy,0,3,0
"",Turkey,Montenegro,0,2,0
TR,Singapore,China,0,1,0
OS,Bosnia and Herzegovina,Austria,0,2,0
V7,Italy,United Arab Emirates,0,1,0
U2,Italy,United Kingdom,276,56,273
AD,Italy,Brazil,0,15,0
JA,Chile,Uruguay,1,0,1
BA,United States,Spain,4,0,4
LX,Switzerland,Israel,1,1,1
AF,Italy,Netherlands,7,2,7
FR,Italy,Mexico,0,3,0
SV,Italy,United Arab Emirates,0,11,0
LS,United Kingdom,Spain,0,1,0
FD,Thailand,,0,2,0
GF,Italy,Maldives,0,6,0
NO,Italy,India,1,2,1
BA,United States,,0,1,0
5J,United Arab Emirates,Japan,1,0,1
AF,France,Peru,1,0,1
TK,Nigeria,Italy,0,1,0
KL,Netherlands,Suriname,1,0,1
QR,Philippines,Italy,1,2,1
AA,Italy,United States,35,0,35
BR,Italy,Philippines,0,7,0
TS,Spain,Canada,6,0,6
W6,Italy,Finland,7,2,7
DL,Italy,,19,0,19
W6,Turkey,Italy,0,5,0
DY,Italy,Finland,0,4,0
U2,France,Belgium,1,0,1
3O,Spain,,0,1,0
SN,United Kingdom,Senegal,2,0,2
AY,Italy,Singapore,4,1,4
UX,France,Italy,0,1,0
BA,Italy,The Bahamas,1,0,1
SN,Italy,Sweden,2,1,2
TP,Portugal,Italy,19,38,19
UX,Italy,Mexico,1,15,1
LX,Italy,Dominican Republic,0,2,0
W9,France,United Kingdom,6,0,6
KL,Germany,South Africa,0,1,0
AA,Turks and Caicos Islands,United States,1,0,1
AF,United Kingdom,France,1,0,1
MS,Kenya,Italy,0,1,0
XZ,Italy,Greece,127,18,126
QZ,Malaysia,Indonesia,0,13,0
XC,Germany,Greece,0,1,0
6E,Italy,,0,2,0
AY,Italy,India,3,1,3
UA,French Polynesia,United States,1,0,1
AF,France,Martinique,1,0,1
AI,Italy,Japan,0,4,0
9U,Moldova,Italy,0,4,0
AA,United States,Jamaica,2,0,2
SQ,United Arab Emirates,Japan,1,0,1
VY,Italy,,0,20,0
LH,Hong Kong,Italy,2,2,2
HU,China,Italy,0,4,0
NF,New Caledonia,Vanuatu,0,2,0
VJ,Vietnam,Italy,0,5,0
6Y,Italy,Germany,0,3,0
AF,Japan,Italy,1,0,1
IB,Peru,Spain,1,0,1
PC,Germany,Albania,2,0,2
LH,Italy,Oman,0,1,0
KL,Finland,Italy,3,1,3
EW,Germany,Sweden,0,1,0
QZ,Singapore,Indonesia,0,22,0
EK,Italy,Spain,0,1,0
FR,United Kingdom,Cyprus,0,3,0
NZ,New Zealand,French Polynesia,0,1,0
"",Italy,United States,3,0,3
KC,United Kingdom,Uzbekistan,1,0,1
EY,Switzerland,Thailand,1,0,1
SV,Italy,South Korea,1,0,1
OS,Italy,Canada,0,1,0
BR,Thailand,United Kingdom,0,1,0
LH,France,Germany,1,0,1
AA,United States,Belize,1,0,1
VJ,Thailand,Vietnam,0,1,0
W6,Italy,Netherlands,19,24,19
KL,France,South Africa,3,0,3
PD,Canada,United States,3,0,3
KM,Malta,United Kingdom,0,1,0
MU,Italy,Philippines,0,1,0
NO,Italy,Italy,2,0,2
TK,United States,Jordan,0,1,0
JQ,Malaysia,Singapore,1,1,1
AI,United Kingdom,India,0,2,0
TK,Italy,Malaysia,3,5,3
FY,Malaysia,Malaysia,0,1,0
W6,Montenegro,Italy,1,0,1
TW,South Korea,Philippines,0,1,0
KQ,Italy,,0,8,0
U2,Portugal,United Kingdom,4,0,4
LX,Sweden,Italy,4,0,4
AF,Germany,Italy,2,11,2
AZ,Italy,Zambia,0,1,0
XQ,Turkey,Turkey,1,1,1
XC,Germany,Germany,0,1,0
H2,Colombia,,0,1,0
EK,Australia,Italy,1,7,1
PC,Turkey,Italy,18,19,18
U2,Spain,Greece,0,1,0
EK,United Arab Emirates,Tunisia,0,1,0
EW,Italy,Norway,1,0,1
LH,Cyprus,Italy,6,1,6
AF,France,Brazil,0,1,0
TK,Cameroon,Portugal,0,1,0
QR,Italy,Thailand,15,51,15
"",Colombia,Colombia,9,6,9
CZ,Italy,China,0,1,0
AC,Italy,Costa Rica,0,2,0
FR,Italy,Vietnam,0,4,0
KM,Italy,Sweden,0,3,0
IB,Peru,France,2,0,2
MU,Hungary,Japan,0,1,0
SV,United Arab Emirates,Malaysia,1,0,1
FR,Portugal,Belgium,1,0,1
AF,Argentina,Italy,0,1,0
AZ,Portugal,Italy,0,1,0
AD,Brazil,Italy,0,1,0
FR,France,Morocco,2,4,2
TP,Republic of Ireland,Portugal,0,3,0
TK,Turkey,Bosnia and Herzegovina,0,4,0
U2,Italy,Cyprus,18,6,18
EW,Italy,United Kingdom,1,2,1
AZ,Italy,Turkey,1,0,1
UA,Mexico,Italy,2,0,2
SK,Greece,Denmark,1,0,1
U2,Italy,Tunisia,0,2,0
IB,Italy,France,0,1,0
NK,United States,United States,16,19,16
VY,Italy,Martinique,0,5,0
LH,Spain,Mexico,0,8,0
AF,Italy,Spain,3,0,3
3O,Spain,Morocco,0,1,0
XQ,Italy,,0,5,0
FR,Italy,Cape Verde,0,2,0
LX,Italy,Costa Rica,0,1,0
A3,Greece,Italy,15,31,15
W6,Republic of Kosovo,Italy,2,1,2
LH,Norway,Bulgaria,1,0,1
KL,United States,United States,0,5,0
VS,Germany,United States,0,1,0
LH,Italy,Indonesia,0,2,0
EK,United Kingdom,Maldives,1,0,1
TK,Philippines,Germany,0,1,0
FR,Greece,Germany,1,0,1
WS,United States,Italy,1,4,1
KL,Italy,Dominican Republic,0,24,0
AR,Argentina,Chile,0,1,0
AI,Italy,Nepal,0,4,0
G9,Pakistan,Italy,1,0,1
AA,Italy,Puerto Rico,1,0,1
V7,Spain,Italy,6,8,6
NT,Spain,Cape Verde,0,3,0
EY,United Arab Emirates,Italy,5,0,5
W6,Romania,United Arab Emirates,2,1,2
LH,Italy,China,0,12,0
W6,Italy,Croatia,0,8,0
AD,Portugal,Brazil,0,1,0
"",United States,Italy,1,0,1
TW,South Korea,Japan,0,1,0
IB,Senegal,Italy,0,1,0
XJ,Thailand,Japan,0,1,0
VY,France,Portugal,0,1,0
AT,Italy,Burkina Faso,0,1,0
LO,Latvia,Moldova,0,2,0
W6,Cyprus,Italy,2,13,2
AT,Italy,The Gambia,0,2,0
V7,Italy,Brazil,0,4,0
JU,Italy,Croatia,1,5,1
AZ,Italy,China,0,22,0
OS,Slovakia,Italy,0,1,0
RJ,Tunisia,Jordan,1,0,1
LS,Croatia,United Kingdom,0,1,0
KQ,France,Tanzania,1,0,1
U2,Italy,,0,22,0
AF,Italy,Canada,13,10,13
KL,Germany,Morocco,3,1,3
VY,Germany,Spain,2,1,2
FR,Poland,Sweden,3,1,3
XQ,Switzerland,Turkey,1,0,1
W6,France,Poland,0,1,0
EK,Italy,Canada,0,1,0
W6,Austria,Kuwait,0,1,0
W6,Italy,Serbia,4,8,4
AF,Switzerland,Japan,0,1,0
AZ,Italy,Poland,0,5,0
TP,Portugal,Israel,0,6,0
LH,Italy,Ecuador,0,2,0
LH,Italy,Czech Republic,5,2,5
QR,United Kingdom,Seychelles,1,0,1
SN,Belgium,Cameroon,5,0,5
TP,Italy,Spain,2,13,2
BT,Latvia,Italy,1,1,1
U2,Italy,Lebanon,0,2,0
OS,Italy,Slovakia,0,1,0
VY,Italy,Republic of Ireland,0,1,0
U2,Greece,France,1,0,1
FR,Croatia,Belgium,1,1,1
TK,Turkey,Kenya,1,0,1
GQ,Italy,Greece,18,85,18
FR,Lithuania,Spain,0,1,0
K6,Vietnam,Cambodia,0,5,0
BA,Mexico,Italy,3,5,3
LO,China,Italy,1,0,1
FD,Laos,Thailand,0,1,0
FR,Latvia,Italy,0,4,0
EW,Italy,,0,2,0
CM,Ecuador,,0,1,0
EN,Italy,Puerto Rico,0,1,0
CA,Italy,Australia,0,1,0
EW,Italy,Sweden,19,7,19
FR,Denmark,Italy,26,51,26
FR,Morocco,Portugal,1,3,1
SK,Sweden,Sweden,0,1,0
FR,Italy,Slovakia,20,28,20
TK,Kuwait,Italy,2,5,2
AM,Cuba,Italy,0,1,0
7M,Brazil,,0,3,0
SQ,Malaysia,Italy,1,0,1
TP,Austria,Portugal,0,1,0
EK,Germany,Thailand,0,1,0
FR,Italy,Switzerland,0,2,0
FI,Iceland,Italy,1,0,1
TK,Turkey,Argentina,0,1,0
VY,Italy,Spain,594,932,588
BA,Italy,United Kingdom,106,55,105
LX,Luxembourg,Italy,3,0,3
EK,Japan,Italy,12,3,12
EY,Italy,Japan,2,8,2
XR,Germany,Greece,2,2,2
EK,United Arab Emirates,Philippines,2,0,2
MH,Malaysia,Italy,0,2,0
UX,Spain,Portugal,0,1,0
TU,Italy,Libya,0,1,0
AZ,Italy,Lithuania,0,1,0
XZ,Italy,Sweden,0,1,0
AF,France,Denmark,0,1,0
JQ,Australia,Indonesia,2,0,2
SK,Norway,Belgium,1,1,1
EY,Italy,Vietnam,2,0,2
TG,Australia,Italy,0,1,0
KM,Italy,Malta,0,338,0
LH,Italy,Bolivia,0,10,0
W6,Maldives,Italy,0,1,0
FY,Singapore,Malaysia,1,2,1
ET,Italy,Mozambique,1,0,1
AA,Italy,Mexico,1,0,1
FR,France,France,1,6,1
FR,Italy,Turkey,0,15,0
FR,Croatia,Austria,1,0,1
TR,Indonesia,Singapore,1,1,1
W6,Italy,Lithuania,10,7,10
TK,Italy,Mali,2,4,2
SN,Germany,France,0,1,0
BA,Portugal,United States,1,1,1
FO,Argentina,Argentina,5,0,5
SK,Sweden,Finland,0,1,0
FR,Italy,Armenia,0,1,0
KQ,Kenya,Italy,0,2,0
VY,Croatia,Italy,2,2,2
TK,Italy,Maldives,12,2,12
TK,Italy,Ivory Coast,1,2,1
LA,Chile,Chile,1,5,1
AP,Italy,Egypt,0,1,0
D7,Malaysia,Italy,0,1,0
GF,Italy,Sri Lanka,0,1,0
LX,France,Italy,1,0,1
FR,Malta,United Kingdom,0,1,0
VY,Italy,Croatia,29,22,29
AZ,Italy,Indonesia,1,6,1
AH,Algeria,Morocco,0,1,0
TK,Italy,Hong Kong,0,2,0
PC,Turkey,Bulgaria,1,0,1
LH,Italy,Bulgaria,2,0,2
TK,Germany,Italy,0,1,0
HV,Italy,Greece,0,1,0
W6,Italy,Czech Republic,65,80,64
AZ,Italy,United Kingdom,6,13,6
CA,Italy,Hong Kong,0,2,0
TP,Portugal,Spain,3,0,3
WY,Oman,Italy,4,0,4
KM,Italy,Greece,0,1,0
LA,Ecuador,Italy,0,1,0
KL,Ecuador,Italy,0,1,0
FR,Germany,Belgium,1,0,1
FR,Romania,Sweden,0,1,0
JQ,Australia,Australia,9,5,9
GF,Italy,Thailand,0,17,0
AF,France,Spain,3,0,3
LH,Italy,United Kingdom,13,7,13
VY,Italy,Canada,1,2,1
W6,Italy,Pakistan,0,5,0
GQ,Bulgaria,Greece,0,1,0
EK,Italy,India,1,0,1
BA,United Kingdom,Spain,0,1,0
KL,Italy,Curaçao,1,0,1
SQ,Italy,Spain,28,4,28
W6,Germany,Albania,6,3,6
7C,South Korea,Japan,5,8,5
EK,India,Italy,3,4,3
TK,Georgia,United States,1,0,1
MS,Tunisia,Egypt,0,3,0
TP,Portugal,Cape Verde,0,1,0
RJ,Jordan,Jordan,2,0,2
D7,Indonesia,Italy,0,4,0
IB,United States,Italy,2,0,2
A3,Romania,Greece,0,1,0
FR,France,Netherlands,1,0,1
KL,Netherlands,Thailand,1,0,1
LX,Greece,Switzerland,0,1,0
Q4,Cuba,Cuba,0,1,0
TP,Italy,Cape Verde,10,18,10
5W,Sri Lanka,United Arab Emirates,0,2,0
EY,Italy,United Arab Emirates,66,2,65
TP,Italy,Morocco,1,4,1
VZ,Thailand,Cambodia,0,4,0
AZ,Argentina,United Kingdom,0,1,0
9C,Taiwan,China,1,0,1
TK,Italy,Uzbekistan,3,7,3
LO,Poland,United States,0,3,0
LH,Italy,Australia,0,1,0
IB,Peru,Italy,1,3,1
G9,India,Italy,0,1,0
W6,Italy,Oman,0,1,0
EN,Italy,Maldives,0,2,0
HV,Italy,,0,1,0
MM,Japan,Japan,1,8,1
MM,Japan,Thailand,0,1,0
SK,Denmark,Sweden,2,1,2
VJ,Vietnam,Vietnam,0,16,0
KL,Italy,Germany,9,2,9
QR,France,Maldives,2,0,2
RO,Serbia,Italy,0,1,0
FR,Poland,Norway,0,2,0
GQ,Greece,Greece,18,31,18
W6,France,Italy,25,28,25
LY,Czech Republic,Israel,1,0,1
CI,Taiwan,Italy,3,3,3
LA,Italy,Paraguay,0,5,0
HV,Morocco,Italy,0,1,0
U2,Switzerland,Greece,2,0,2
TK,Turkey,Republic of Kosovo,1,0,1
G9,Italy,Kenya,3,2,3
DY,Norway,Italy,0,10,0
U2,United Kingdom,Netherlands,4,0,4
DL,United States,Italy,12,0,12
PC,Georgia,Italy,2,1,2
KE,Switzerland,Japan,0,1,0
DE,France,Germany,0,1,0
IB,Italy,El Salvador,0,2,0
XJ,Thailand,New Zealand,0,1,0
AI,Maldives,Thailand,0,1,0
XZ,Greece,Italy,18,2,18
FR,Norway,Finland,0,4,0
AR,Argentina,Italy,0,5,0
W6,Poland,Sweden,0,1,0
AZ,Italy,Singapore,0,1,0
FR,Israel,Austria,1,0,1
XY,Egypt,Saudi Arabia,4,0,4
QR,Kazakhstan,Italy,0,2,0
TK,Italy,Lebanon,3,2,3
FR,Sweden,Italy,12,19,12
UX,Dominican Republic,Italy,1,2,1
OB,Bolivia,Italy,0,4,0
EK,United Kingdom,Singapore,4,0,4
DL,United States,Mexico,1,0,1
MS,Kenya,Greece,0,1,0
KL,France,Netherlands,1,0,1
FR,Luxembourg,Portugal,0,1,0
SK,Lithuania,Norway,1,0,1
KL,Netherlands,El Salvador,0,11,0
AZ,Italy,The Bahamas,0,2,0
PC,Egypt,Turkey,1,0,1
UP,The Bahamas,Colombia,0,1,0
LX,Italy,Spain,4,9,4
AT,Italy,,0,3,0
LO,Lithuania,Poland,3,0,3
IB,France,Italy,0,2,0
TK,Italy,Kenya,7,10,7
EW,Italy,Czech Republic,21,7,21
VY,Italy,Algeria,0,1,0
QR,Italy,Philippines,1,4,1
KL,Netherlands,France,3,0,3
W6,Poland,France,1,0,1
FR,Italy,Moldova,0,8,0
SY,United States,United States,0,1,0
DT,South Africa,Italy,0,1,0
UO,Hong Kong,Japan,0,1,0
AF,Malta,Cuba,1,0,1
VJ,Malaysia,,0,1,0
U2,Greece,Italy,107,6,106
FR,Italy,Israel,13,37,13
A3,Italy,Greece,72,192,71
W6,Italy,Romania,183,209,181
TK,Italy,Indonesia,18,14,18
FR,United Kingdom,Spain,11,10,11
OS,Italy,Iceland,3,0,3
PC,Cyprus,Italy,1,0,1
AV,Ecuador,Ecuador,3,1,3
FR,Spain,Malta,2,1,2
BF,France,French Polynesia,1,0,1
PG,Thailand,Cambodia,1,0,1
LO,Estonia,Italy,0,1,0
DE,Italy,Armenia,1,0,1
W6,Romania,France,1,0,1
SL,Thailand,Thailand,0,8,0
AF,France,Mexico,2,0,2
FR,Italy,Tunisia,0,7,0
TR,Malaysia,Singapore,1,1,1
5J,Philippines,Japan,3,2,3
EK,Italy,Seychelles,6,4,6
VN,Italy,Vietnam,0,3,0
FR,Luxembourg,Spain,1,2,1
EY,Switzerland,Indonesia,0,3,0
OZ,Italy,Australia,1,3,1
FR,Poland,Austria,0,1,0
9U,Georgia,Italy,0,1,0
VY,Spain,Switzerland,3,1,3
BA,United Kingdom,France,1,0,1
AF,Italy,Estonia,0,1,0
UG,Tunisia,Malta,0,1,0
IB,France,Cuba,0,1,0
A3,Sweden,Greece,0,1,0
BA,United Kingdom,Italy,29,20,29
QR,Italy,Hong Kong,1,3,1
W6,France,Albania,2,3,2
W6,Italy,Republic of Kosovo,5,9,5
PD,United States,Canada,7,8,7
OG,Iceland,Italy,3,3,3
AZ,Italy,Finland,0,1,0
DL,United Kingdom,United States,1,0,1
AH,France,Ivory Coast,0,1,0
SN,Italy,United States,0,1,0
RO,United Kingdom,Romania,0,1,0
KQ,Italy,Kenya,13,15,13
W6,Portugal,Italy,7,2,7
W6,Austria,Italy,4,5,4
W6,Romania,Hungary,1,1,1
SK,Germany,United Kingdom,0,6,0
DY,Denmark,Netherlands,0,1,0
U2,Denmark,Netherlands,1,0,1
BY,United Kingdom,Spain,1,0,1
FI,Italy,Canada,1,0,1
U2,Italy,Malta,48,23,48
KL,Italy,The Bahamas,0,5,0
U2,France,Spain,9,11,9
LH,Italy,Sweden,20,12,20
MU,Italy,Thailand,0,7,0
FR,Italy,Serbia,0,4,0
KQ,Cameroon,China,1,0,1
CA,Italy,South Korea,0,1,0
LX,Italy,Norway,0,2,0
FZ,Italy,,0,1,0
U2,Italy,Belgium,0,2,0
NO,Mexico,Italy,0,1,0
SN,Denmark,Belgium,1,1,1
TK,Pakistan,Spain,0,1,0
LH,Italy,Turkey,4,0,4
U2,Italy,Republic of Ireland,0,6,0
QR,Japan,Italy,0,1,0
EW,Albania,Germany,1,0,1
AM,Italy,Peru,0,2,0
AF,Germany,United States,1,7,1
W6,Albania,Italy,60,54,59
EK,United Kingdom,United Arab Emirates,2,2,2
W6,Jordan,Italy,7,2,7
CA,Italy,Taiwan,0,4,0
FR,Germany,United Kingdom,3,6,3
9C,China,China,6,4,6
WS,Canada,United States,1,2,1
TK,Switzerland,Indonesia,0,1,0
DY,Sweden,Finland,0,4,0
ID,Indonesia,Singapore,0,2,0
XY,Saudi Arabia,United Arab Emirates,0,1,0
AZ,Italy,Chile,0,2,0
WY,Italy,Indonesia,0,1,0
WB,Italy,Zambia,0,1,0
B6,United States,Aruba,0,1,0
WF,Norway,Norway,0,2,0
TK,Ghana,Italy,0,7,0
"",Spain,Argentina,4,0,4
SK,Finland,Sweden,0,1,0
FR,Spain,France,9,5,9
OU,Italy,Croatia,2,3,2
AF,Italy,Costa Rica,4,8,4
UX,Italy,Portugal,2,1,2
U2,Malta,Italy,5,0,5
IB,Senegal,Portugal,0,1,0
Y4,Costa Rica,Mexico,0,1,0
FR,France,Republic of Ireland,3,0,3
TK,Italy,United Arab Emirates,7,17,7
IB,Spain,United Kingdom,0,1,0
VY,Algeria,Spain,2,0,2
3U,Italy,China,0,5,0
FR,Italy,Iceland,0,12,0
QR,Italy,Nepal,2,1,2
J9,Kuwait,Italy,0,1,0
SK,Spain,Denmark,1,0,1
V7,Italy,United States,0,1,0
MT,Egypt,Italy,0,2,0
TK,Indonesia,Italy,0,2,0
KL,Netherlands,Chile,0,1,0
UL,Maldives,Sri Lanka,3,0,3
EW,Germany,Germany,3,1,3
VY,Spain,Germany,1,1,1
AT,Senegal,Italy,1,2,1
UG,Malta,Tunisia,0,3,0
AF,Italy,Malaysia,0,1,0
ET,United Arab Emirates,Kenya,1,0,1
QR,France,Indonesia,0,1,0
U2,Spain,Italy,128,11,127
TK,Italy,Vietnam,0,13,0
JU,Hungary,Italy,0,4,0
LX,Italy,Netherlands,0,5,0
TR,Singapore,Malaysia,1,1,1
KL,Italy,Cuba,1,7,1
FR,Italy,India,0,2,0
FR,Denmark,Republic of Ireland,1,0,1
AC,Italy,United States,0,6,0
QR,Italy,New Zealand,0,1,0
LX,Spain,Switzerland,0,1,0
A3,Turkey,Egypt,0,1,0
ET,Guinea,Italy,1,0,1
W2,Spain,Spain,0,1,0
KQ,Italy,Madagascar,0,1,0
FR,Italy,Cuba,0,5,0
KL,Italy,Chile,1,0,1
WY,Philippines,Italy,11,0,11
KL,Italy,Iceland,3,3,3
SQ,Germany,,0,1,0
AF,France,South Africa,0,1,0
IB,Spain,Colombia,1,0,1
AM,Peru,Mexico,0,1,0
PR,Saudi Arabia,Philippines,1,0,1
JU,Italy,Hungary,0,2,0
A3,Italy,Lebanon,0,1,0
AF,Finland,Tunisia,0,1,0
GF,Sri Lanka,Maldives,0,1,0
DY,Portugal,,0,1,0
TP,Italy,Venezuela,2,2,2
MF,Italy,China,0,7,0
VY,Spain,France,12,7,12
OW,Kenya,Kenya,5,4,5
UA,Canada,United States,2,1,2
6E,Italy,India,11,18,11
F2,Kenya,,0,1,0
LO,Poland,Italy,3,2,3
MF,Italy,Argentina,0,1,0
UX,Dominican Republic,Spain,1,0,1
W6,Egypt,Italy,31,18,31
FR,Hungary,Portugal,0,3,0
W9,United Kingdom,Italy,5,3,5
JQ,Australia,Japan,1,0,1
TK,Italy,Azerbaijan,4,2,4
JL,Italy,,0,4,0
IB,Italy,United Kingdom,0,1,0
SQ,Spain,Italy,1,0,1
IB,Spain,Portugal,2,0,2
BA,Italy,Antigua and Barbuda,0,1,0
UA,Turks and Caicos Islands,Switzerland,1,0,1
BA,Italy,Maldives,0,1,0
FR,Italy,Estonia,4,14,4
PC,Italy,Egypt,1,4,1
FR,Belgium,Germany,0,4,0
VY,Chile,Italy,1,3,1
SK,Sweden,Norway,0,2,0
JU,Czech Republic,Greece,2,0,2
MS,Egypt,United Arab Emirates,0,1,0
SV,United Arab Emirates,Thailand,1,0,1
EK,Spain,Indonesia,1,0,1
PG,United Arab Emirates,Thailand,0,4,0
AF,Italy,South Africa,6,1,6
LH,China,Italy,2,1,2
LH,Italy,Slovenia,1,0,1
VY,Spain,Netherlands,2,3,2
SN,Burkina Faso,France,0,1,0
JU,Italy,Uzbekistan,0,1,0
U2,Portugal,Luxembourg,4,0,4
KL,Italy,Sweden,1,0,1
QR,Italy,Seychelles,4,3,4
AZ,Italy,Luxembourg,0,1,0
TP,Italy,Canada,0,1,0
7C,Taiwan,Italy,0,1,0
UA,Germany,United States,12,3,12
U2,Portugal,Italy,34,18,34
W6,Italy,India,0,25,0
LH,Thailand,Italy,10,6,10
DM,Dominican Republic,Mexico,0,2,0
QZ,Indonesia,Malaysia,0,8,0
BJ,France,Tunisia,0,3,0
KL,Netherlands,Germany,1,0,1
B6,United States,Barbados,0,1,0
I2,Spain,Italy,8,1,8
HY,Italy,Uzbekistan,0,1,0
KL,Poland,Netherlands,1,0,1
PC,Serbia,Turkey,1,0,1
V7,Italy,Austria,0,1,0
FR,Morocco,Saudi Arabia,0,1,0
U2,Italy,Croatia,97,6,96
U2,Morocco,Italy,14,2,14
KL,Italy,Colombia,2,23,2
HV,France,Spain,0,5,0
AZ,Italy,Tanzania,0,1,0
MU,China,China,0,3,0
IB,Switzerland,Spain,2,2,2
KL,Italy,Denmark,3,2,3
OS,Italy,China,2,9,2
FA,South Africa,South Africa,0,8,0
MK,Italy,,0,1,0
PR,Thailand,Colombia,0,1,0
G8,India,Italy,0,1,0
TK,United Kingdom,Turkey,0,1,0
ET,Ethiopia,Seychelles,0,1,0
CA,Italy,Japan,0,60,0
HV,United Arab Emirates,Netherlands,1,0,1
LH,Italy,Philippines,0,1,0
KU,Italy,India,1,1,1
LH,Italy,Switzerland,9,1,9
AF,Italy,Guatemala,0,8,0
CY,Cyprus,Italy,2,1,2
IB,Spain,Peru,2,0,2
KL,Italy,Thailand,4,0,4
DY,Denmark,Finland,0,1,0
AZ,Italy,Slovakia,0,1,0
FR,Italy,Uzbekistan,0,2,0
W6,Germany,Pakistan,0,1,0
AT,Italy,Mali,1,0,1
FR,Denmark,United Kingdom,2,0,2
FR,Austria,Denmark,2,0,2
NT,Spain,Italy,0,6,0
NO,Dominican Republic,Italy,2,3,2
LO,Italy,,0,1,0
LG,Italy,Portugal,0,1,0
UX,Switzerland,Dominican Republic,0,4,0
KE,France,,0,1,0
KM,Italy,Israel,0,1,0
JU,Italy,Netherlands,0,1,0
HV,Greece,Italy,0,1,0
QR,Italy,Japan,5,8,5
QR,Italy,Singapore,6,11,6
FR,United Kingdom,United Kingdom,2,1,2
TK,Belgium,Turkey,3,1,3
HV,United Kingdom,France,2,0,2
EK,Indonesia,Italy,1,2,1
LO,Georgia,Poland,0,2,0
FR,Poland,Spain,0,1,0
UA,Italy,Mexico,1,1,1
AV,Colombia,Aruba,6,0,6
EW,Lebanon,Germany,0,1,0
EK,Germany,Malaysia,1,0,1
PK,Pakistan,Italy,5,2,5
TK,Philippines,Italy,1,2,1
UK,United Arab Emirates,Thailand,3,0,3
"",Italy,Italy,0,3,0
KE,Italy,Australia,2,1,2
OK,Egypt,Italy,0,1,0
SV,Italy,Bangladesh,0,2,0
CM,Argentina,Panama,0,1,0
A2,Greece,Romania,0,1,0
AF,Germany,Singapore,0,1,0
ET,Zambia,Italy,1,0,1
DL,Italy,United States,55,0,54
LH,Italy,Colombia,0,10,0
KL,Italy,Belgium,1,0,1
AZ,India,Italy,0,5,0
OS,Italy,Montenegro,3,3,3
AC,Italy,Dominican Republic,0,2,0
LX,Italy,Bolivia,0,2,0
MS,Morocco,Egypt,0,3,0
ET,Italy,Ethiopia,4,1,4
OS,Italy,United Arab Emirates,0,1,0
AC,Canada,Canada,10,1,10
FZ,Turkey,Sri Lanka,1,0,1
VY,Italy,Dominican Republic,0,3,0
FR,Hungary,Spain,0,2,0
N0,Italy,,0,1,0
FR,Italy,Republic of Macedonia,0,1,0
QR,Italy,South Africa,2,0,2
AZ,Algeria,Italy,2,0,2
MS,Italy,Sudan,0,1,0
AT,Canada,Italy,0,1,0
FR,Lithuania,Norway,0,1,0
EK,Maldives,Sri Lanka,1,0,1
W6,Republic of Macedonia,Italy,0,5,0
UX,Italy,Bolivia,0,3,0
KL,Slovenia,Mexico,0,2,0
EN,Italy,United States,0,6,0
RO,Romania,Lebanon,0,6,0
G9,Italy,Pakistan,7,10,7
LH,Germany,Greece,1,2,1
A3,Greece,Greece,1,8,1
JU,Serbia,Albania,2,0,2
PC,Albania,Georgia,3,0,3
AF,Italy,Benin,3,1,3
UA,Italy,El Salvador,1,0,1
S4,Germany,Portugal,1,0,1
FR,United Kingdom,,0,1,0
KL,Norway,South Africa,1,0,1
TP,Italy,Portugal,73,182,72
FD,Thailand,Indonesia,0,13,0
DL,United States,United States,38,0,38
W6,Israel,France,0,1,0
AZ,Italy,Romania,0,5,0
W6,Romania,Germany,3,0,3
FR,Portugal,Morocco,2,1,2
AF,Italy,South Korea,3,5,3
SK,France,Denmark,0,1,0
AF,Germany,Mexico,1,2,1
CI,Italy,Japan,3,13,3
KL,Italy,Finland,1,0,1
LO,Italy,India,0,3,0
FR,Netherlands,United Kingdom,1,0,1
MU,Netherlands,Indonesia,0,6,0
OS,Italy,Czech Republic,3,4,3
A3,Cyprus,Greece,1,0,1
W6,Albania,France,0,3,0
TB,France,Morocco,0,1,0
EW,Italy,Portugal,0,1,0
KU,Kuwait,Qatar,1,0,1
S8,New Zealand,New Zealand,1,0,1
SK,Sweden,,0,1,0
W6,Italy,Armenia,36,22,36
TK,Italy,Iran,1,7,1
BA,United States,Italy,20,4,20
VY,Egypt,Spain,2,9,2
5J,Philippines,United Arab Emirates,2,0,2
LH,United Kingdom,Italy,3,0,3
SV,Netherlands,Philippines,0,1,0
SV,Saudi Arabia,Indonesia,1,0,1
SK,Denmark,Belgium,0,1,0
JU,Republic of Macedonia,Italy,0,1,0
FR,France,Latvia,2,0,2
FR,Austria,Italy,38,26,38
FI,Italy,United States,0,1,0
U2,Spain,France,7,3,7
VY,Argentina,Spain,7,8,7
NO,Italy,Cape Verde,7,7,7
FB,Italy,Bulgaria,0,2,0
UX,Spain,Italy,2,16,2
PR,Philippines,Philippines,2,8,2
ET,Italy,Madagascar,12,9,12
VY,Netherlands,Italy,1,0,1
Q2,Maldives,Maldives,1,0,1
FR,Portugal,Israel,0,6,0
BA,Italy,Dominican Republic,0,1,0
AZ,Italy,Colombia,0,4,0
SQ,Japan,Italy,2,3,2
FR,Italy,Kenya,0,1,0
IB,Cuba,Italy,1,0,1
SN,United Kingdom,Belgium,1,0,1
IW,Indonesia,Indonesia,0,1,0
KL,Portugal,Netherlands,0,1,0
EI,Republic of Ireland,Netherlands,1,0,1
SK,Luxembourg,Denmark,0,4,0
AC,Mexico,Italy,0,1,0
TK,Mexico,Thailand,0,2,0
OU,Croatia,Bosnia and Herzegovina,1,2,1
EK,Italy,Pakistan,1,0,1
TK,Turkey,,0,2,0
OS,Cyprus,Italy,2,1,2
SN,Italy,Spain,1,0,1
BA,Sint Maarten,United States,0,1,0
ET,Ghana,Italy,1,0,1
BA,United Kingdom,The Bahamas,5,2,5
PC,Turkey,Spain,0,1,0
DY,Italy,Denmark,1,31,1
DE,Italy,Cuba,3,0,3
KL,United States,Italy,7,0,7
UX,Portugal,Italy,3,2,3
AT,Italy,Ghana,1,8,1
A3,Greece,France,1,0,1
VJ,India,Vietnam,0,6,0
A3,Germany,Greece,0,1,0
EK,Brazil,Egypt,1,0,1
SK,Norway,Netherlands,0,2,0
AA,United States,,1,0,1
NO,Greece,Italy,0,1,0
QR,Thailand,Brazil,1,0,1
VY,Italy,Morocco,0,6,0
LX,Italy,Singapore,19,10,19
JU,Italy,Republic of Macedonia,3,1,3
W6,Italy,Philippines,0,15,0
S4,Switzerland,Portugal,0,1,0
VA,Australia,Poland,2,0,2
W6,France,Austria,1,0,1
TX,France,Martinique,0,1,0
MK,Mauritius,Réunion,0,2,0
G3,Argentina,Italy,2,1,2
CM,Venezuela,Panama,1,0,1
AV,Brazil,Dominican Republic,1,0,1
AM,Costa Rica,Mexico,0,1,0
VE,Colombia,Colombia,0,1,0
CX,Italy,Japan,4,2,4
AF,Italy,France,247,218,245
LX,Italy,Thailand,26,37,26
MF,Italy,Australia,0,3,0
JQ,Indonesia,Australia,3,3,3
LA,Italy,Peru,0,6,0
UA,Italy,Canada,1,3,1
ET,India,Seychelles,1,0,1
IB,Portugal,Spain,1,2,1
AZ,Vietnam,Italy,0,1,0
YW,Italy,Spain,0,1,0
OG,Republic of Ireland,Iceland,0,1,0
QZ,Indonesia,Italy,0,1,0
5J,Thailand,,0,1,0
AZ,Malta,Italy,0,3,0
LO,Italy,Canada,0,4,0
VN,Vietnam,France,1,0,1
EY,Saudi Arabia,Italy,1,0,1
Z9,Malaysia,Malaysia,0,5,0
BT,Lithuania,Latvia,1,0,1
VN,Thailand,Vietnam,0,1,0
Z0,United States,,0,3,0
AH,Mali,Italy,0,1,0
AY,Italy,China,2,1,2
LH,Italy,Taiwan,0,1,0
WS,France,Canada,1,0,1
SQ,Switzerland,Indonesia,1,0,1
V7,Italy,Greece,390,420,386
W6,Iceland,Italy,14,4,14
U2,France,Denmark,3,0,3
AF,Chile,Italy,2,1,2
A3,Italy,Jordan,2,0,2
SQ,Indonesia,Singapore,1,0,1
NK,United States,Costa Rica,1,0,1
MS,Italy,Uganda,0,3,0
ET,Ethiopia,Eritrea,0,1,0
KL,Italy,Cambodia,0,1,0
U2,Portugal,France,4,0,4
TK,Italy,Argentina,1,0,1
BT,Latvia,Germany,1,0,1
UX,Peru,Italy,0,6,0
AC,United States,Canada,2,8,2
TK,Italy,Kazakhstan,2,9,2
AK,Malaysia,Malaysia,0,19,0
AY,Finland,Germany,1,0,1
AA,Aruba,United States,1,0,1
AF,Colombia,Italy,0,1,0
OS,Italy,Bosnia and Herzegovina,1,0,1
ET,Eritrea,Ethiopia,1,0,1
U2,Albania,Switzerland,0,1,0
WY,Italy,Singapore,0,1,0
WY,Oman,Oman,0,1,0
DY,Italy,Latvia,0,1,0
CU,Cuba,,0,1,0
AZ,Italy,United Arab Emirates,0,1,0
TB,Belgium,Spain,0,1,0
SN,France,Italy,1,0,1
U2,France,Netherlands,8,2,8
SK,Italy,Estonia,1,1,1
TK,Turkey,Egypt,0,1,0
NO,Italy,Canada,3,2,3
TK,Thailand,Italy,0,2,0
"",Republic of Kosovo,Germany,1,0,1
AF,Democratic Republic of the Congo,France,1,0,1
AC,Jamaica,Italy,0,3,0
AY,Italy,Japan,0,4,0
TK,Estonia,Italy,1,0,1
UX,United States,Spain,0,1,0
CA,Australia,Italy,0,6,0
Y4,Mexico,Mexico,0,5,0
OS,Italy,Germany,5,10,5
KL,Mexico,Italy,1,2,1
SQ,Singapore,India,1,0,1
PC,Georgia,Turkey,0,1,0
AV,Colombia,,0,1,0
W6,Italy,United States,0,1,0
BT,Norway,Italy,1,0,1
KE,China,South Korea,0,1,0
AY,Finland,Italy,14,3,14
AZ,Bulgaria,Italy,3,3,3
BT,Estonia,Denmark,1,0,1
AC,United States,Italy,1,6,1
U2,United Kingdom,France,3,0,3
VZ,Thailand,Vietnam,0,1,0
QR,Italy,Oman,0,4,0
AF,Italy,Guinea,1,0,1
PC,Turkey,Morocco,0,1,0
FR,Croatia,Italy,16,18,16
OS,Germany,Austria,2,0,2
SQ,Germany,Australia,1,0,1
AV,Aruba,Italy,0,1,0
FR,Poland,Italy,19,44,19
SM,Egypt,Egypt,0,10,0
KL,Italy,Portugal,2,2,2
TP,Switzerland,Portugal,1,0,1
BT,Italy,,0,3,0
OZ,Vietnam,Italy,0,1,0
5F,Armenia,Italy,0,2,0
NO,Italy,,0,4,0
EK,France,Thailand,1,1,1
TR,Thailand,Singapore,0,2,0
FR,Malta,Poland,0,1,0
W6,Italy,Poland,42,26,42
EK,Italy,Thailand,82,10,81
NO,Italy,Greece,18,27,18
KL,Italy,Poland,0,4,0
FR,Austria,,0,4,0
SK,Estonia,Denmark,1,0,1
TK,Bosnia and Herzegovina,Turkey,0,1,0
6E,Oman,Maldives,1,0,1
FR,Germany,Morocco,0,2,0
BA,United States,United Kingdom,2,0,2
DE,Italy,Mexico,9,0,9
ME,Italy,Lebanon,3,8,3
DY,Italy,Sweden,0,9,0
2B,Albania,Italy,0,11,0
EW,Romania,Germany,0,1,0
AF,Italy,French Polynesia,1,1,1
TR,Philippines,Spain,0,3,0
TP,Portugal,United States,1,2,1
HA,United States,,0,1,0
BA,United States,Mexico,0,1,0
GF,Italy,Philippines,0,1,0
DL,Germany,United States,2,0,2
A3,Turkey,Jordan,1,1,1
LH,Italy,Argentina,8,14,8
SK,Belgium,Denmark,2,0,2
KE,Japan,Italy,1,8,1
OV,United Arab Emirates,Thailand,0,3,0
KL,Denmark,Italy,0,1,0
CA,Denmark,China,0,2,0
LH,Brazil,Germany,1,0,1
S4,Portugal,Portugal,0,2,0
EY,India,Italy,1,4,1
VB,Mexico,Mexico,10,11,10
MS,Egypt,Italy,0,16,0
LX,Italy,Republic of Ireland,4,1,4
KL,Netherlands,,2,0,2
AM,Italy,,0,1,0
JL,United Kingdom,Japan,0,1,0
IB,United Kingdom,Spain,5,1,5
AM,Italy,Mexico,0,16,0
AS,United States,,0,1,0
FR,Italy,Colombia,0,1,0
A3,Italy,Tanzania,0,1,0
SN,Italy,Canada,0,2,0
EK,United Arab Emirates,Kuwait,0,2,0
TK,India,Moldova,0,2,0
2W,Spain,Cuba,0,12,0
UX,Bolivia,Italy,1,9,1
W6,Italy,Luxembourg,1,0,1
EW,Austria,Italy,3,0,3
MS,Lebanon,Egypt,0,2,0
QR,Italy,India,0,6,0
AK,Malaysia,,0,2,0
EW,Switzerland,Germany,0,2,0
AM,United States,United States,0,1,0
HD,Japan,Japan,0,3,0
IB,France,Spain,5,2,5
BY,United Kingdom,Morocco,2,0,2
S4,Portugal,United States,1,0,1
FR,Czech Republic,Italy,30,22,30
AZ,Italy,Peru,0,3,0
U2,France,Portugal,10,2,10
LH,Italy,Armenia,2,2,2
EK,Italy,Armenia,1,0,1
B2,Belarus,Turkey,0,2,0
MU,Italy,,0,3,0
ET,Somalia,Italy,0,3,0
BA,United Kingdom,Belgium,0,2,0
EY,Italy,Thailand,29,37,29
CI,Italy,Taiwan,0,2,0
RO,Hungary,Romania,0,2,0
BA,United States,United States,0,3,0
LX,Switzerland,Netherlands,0,1,0
FR,Belgium,Malta,0,1,0
OV,Thailand,Italy,0,2,0
LF,United States,United States,0,1,0
AZ,Italy,Jordan,1,2,1
WS,United States,Canada,0,1,0
FR,United Kingdom,Czech Republic,0,1,0
G8,India,India,0,3,0
PC,Italy,Oman,0,1,0
AZ,Italy,Saudi Arabia,0,1,0
W6,Italy,,0,43,0
AF,Italy,Cuba,15,24,15
FR,Italy,Egypt,0,19,0
LH,Italy,Croatia,2,1,2
PW,Tanzania,Italy,0,1,0
LX,Italy,Australia,0,3,0
EK,Italy,South Korea,1,0,1
SK,Denmark,Faroe Islands,1,0,1
KL,Luxembourg,Italy,0,1,0
U2,Italy,India,0,1,0
SQ,Singapore,Australia,1,0,1
OD,Indonesia,Italy,0,1,0
TK,Belgium,Iran,0,1,0
MS,Italy,Tanzania,0,11,0
AF,Italy,Faroe Islands,0,5,0
U2,France,United Kingdom,12,1,12
KL,Italy,Argentina,8,8,8
DY,Denmark,Spain,0,1,0
AF,Italy,Japan,5,12,5
FR,Spain,Portugal,4,7,4
W6,Sweden,Italy,1,0,1
CZ,China,China,0,3,0
UX,Argentina,,0,3,0
FR,Slovakia,Greece,0,1,0
LH,Germany,Sweden,4,1,4
KM,Malta,Croatia,0,1,0
KL,Poland,Panama,1,0,1
JQ,Australia,Singapore,2,0,2
JU,Italy,Greece,1,41,1
FR,Italy,United Arab Emirates,0,10,0
A3,United Kingdom,Albania,0,2,0
V7,Italy,Chile,0,1,0
EY,Belgium,Australia,1,0,1
GF,Italy,United Arab Emirates,0,8,0
W6,Spain,Hungary,2,0,2
EK,Italy,Philippines,0,3,0
SN,Italy,Ghana,2,0,2
U2,Italy,Maldives,0,1,0
7C,South Korea,,0,2,0
FD,Thailand,Vietnam,0,3,0
SV,Morocco,Saudi Arabia,1,2,1
KE,Italy,South Korea,10,13,10
IB,Italy,Panama,9,10,9
FR,Sweden,Poland,1,3,1
3L,India,Italy,0,4,0
LO,India,Italy,0,1,0
AP,Italy,Italy,0,8,0
BR,Italy,Vietnam,0,1,0
PW,Tanzania,Tanzania,0,3,0
AC,Italy,Guadeloupe,0,1,0
TK,Slovenia,Singapore,0,3,0
RO,Germany,Romania,0,3,0
TK,Germany,Spain,0,1,0
OG,United States,Italy,1,1,1
SN,Italy,France,0,1,0
IB,Spain,Argentina,0,2,0
BA,Costa Rica,Italy,1,0,1
TK,Italy,Israel,2,0,2
V7,Italy,Romania,0,1,0
OS,Italy,Sweden,3,0,3
LH,Finland,Italy,2,1,2
CX,Italy,China,0,1,0
AU,Canada,United States,0,1,0
LA,Italy,,0,1,0
VY,United Kingdom,France,0,1,0
QZ,Australia,Indonesia,0,1,0
BR,Italy,Japan,0,8,0
AF,Italy,Australia,0,9,0
G4,United States,United States,1,3,1
OS,Italy,Maldives,0,1,0
AF,Romania,Indonesia,2,1,2
I2,Netherlands,Spain,1,0,1
EK,Spain,Sri Lanka,0,1,0
EK,Switzerland,Thailand,0,1,0
JU,Italy,Egypt,0,19,0
SN,Belgium,Italy,16,9,16
KL,Netherlands,Italy,20,11,20
SK,Italy,Thailand,0,8,0
AZ,Italy,Vietnam,0,7,0
SN,Belgium,Greece,1,0,1
TR,Singapore,Vietnam,1,0,1
VS,United Kingdom,United States,12,2,12
TR,Malaysia,Greece,1,1,1
SK,Italy,Finland,0,2,0
A3,Greece,Czech Republic,1,1,1
VJ,Vietnam,South Korea,0,1,0
TK,Italy,Ethiopia,0,1,0
OK,Czech Republic,Egypt,0,1,0
W6,Italy,Greece,201,275,199
W6,Italy,Saudi Arabia,23,38,23
SK,Italy,Norway,2,37,2
AF,Italy,Saint Barthélemy,0,4,0
TK,Singapore,Italy,1,2,1
EY,United Arab Emirates,Indonesia,1,0,1
CM,United States,Dominican Republic,1,0,1
W6,Italy,Switzerland,0,1,0
BZ,Israel,Hungary,2,0,2
W6,Bulgaria,Saudi Arabia,1,0,1
W6,Austria,Greece,1,0,1
OS,Thailand,Italy,0,1,0
FR,Belgium,Romania,0,1,0
DM,Dominican Republic,Peru,0,1,0
A3,Spain,Greece,5,2,5
AF,Italy,United Kingdom,1,1,1
EY,Italy,Philippines,1,5,1
SK,Norway,Greece,0,1,0
RJ,Italy,United Arab Emirates,2,1,2
AF,Spain,Brazil,0,1,0
TK,Germany,Turkey,1,2,1
LH,Germany,Singapore,1,0,1
WE,Singapore,Thailand,0,1,0
N0,Italy,United States,53,12,52
AZ,Israel,Italy,0,8,0
SK,Denmark,Iceland,1,0,1
LX,Italy,Hong Kong,4,6,4
EW,Sweden,Germany,1,1,1
AZ,Italy,Jamaica,0,3,0
DY,Sweden,Italy,0,2,0
DD,Thailand,,0,2,0
TS,Canada,Italy,0,2,0
AF,Switzerland,Costa Rica,1,0,1
SQ,Italy,Australia,45,0,45
VY,France,Italy,43,12,43
AR,Argentina,Dominican Republic,0,2,0
OS,Italy,Hungary,1,3,1
AF,Italy,Madagascar,2,3,2
PC,Bosnia and Herzegovina,Turkey,0,2,0
QR,Lebanon,Malaysia,0,1,0
LX,Belgium,Italy,2,0,2
FR,Spain,Germany,3,2,3
LA,Argentina,Germany,0,1,0
TR,Hong Kong,Singapore,1,0,1
LO,China,Switzerland,1,0,1
MS,Saudi Arabia,Libya,0,1,0
AQ,China,China,0,2,0
BX,South Korea,Japan,0,2,0
5W,United Arab Emirates,Uzbekistan,2,0,2
V7,France,Greece,0,1,0
LH,Germany,Spain,0,2,0
AZ,Italy,Iceland,0,1,0
AF,Brazil,France,1,1,1
TK,Italy,Brazil,0,1,0
AF,France,United States,2,3,2
LX,Costa Rica,Italy,0,1,0
AF,Austria,France,0,1,0
QR,Japan,Switzerland,1,0,1
BT,Italy,Finland,0,1,0
VS,France,Barbados,1,0,1
GQ,Greece,Italy,6,12,6
U2,Italy,El Salvador,0,1,0
U2,Denmark,Germany,4,0,4
V7,Italy,,0,20,0
UX,Colombia,Italy,4,3,4
EK,Philippines,Italy,0,1,0
U2,Spain,Switzerland,2,0,2
W6,Belgium,Albania,1,1,1
AM,Italy,Honduras,0,2,0
LH,United Kingdom,Argentina,0,2,0
AZ,Italy,Canada,0,5,0
FR,Greece,France,0,1,0
FR,Belgium,Italy,39,60,39
TK,Italy,China,0,2,0
PC,Iraq,Italy,0,2,0
Y4,Mexico,Italy,0,1,0
AZ,Jordan,Italy,0,2,0
NO,India,Italy,0,1,0
FR,Republic of Ireland,United Kingdom,2,0,2
AA,Germany,,1,0,1
OZ,Italy,South Korea,0,3,0
X1,Kenya,Kenya,0,2,0
UX,Spain,France,1,1,1
AT,Guinea-Bissau,Mozambique,0,1,0
OS,Italy,Croatia,0,1,0
BR,Taiwan,South Korea,0,1,0
OS,Italy,Japan,18,47,18
W6,Poland,Italy,12,16,12
SN,Belgium,Canada,0,5,0
FR,Spain,Morocco,3,1,3
BA,Italy,Iceland,0,1,0
RO,Romania,Greece,0,5,0
NO,Italy,Kenya,2,2,2
SQ,Italy,Vietnam,0,6,0
CM,Mexico,Peru,1,0,1
KL,Netherlands,Hong Kong,1,0,1
JT,Indonesia,Italy,0,3,0
BA,Italy,Barbados,1,0,1
ZB,Italy,Albania,0,42,0
ET,Uganda,Somalia,0,5,0
AK,Thailand,Australia,0,3,0
VY,Italy,Mexico,0,3,0
U2,Spain,Netherlands,0,1,0
G3,Brazil,Italy,0,7,0
VY,Italy,Portugal,1,9,1
MS,Italy,United Arab Emirates,0,1,0
YS,Tanzania,Tanzania,2,0,2
AT,Italy,United States,0,4,0
LO,Italy,Moldova,0,1,0
XY,India,Italy,0,1,0
KL,France,Italy,1,1,1
QR,Singapore,Italy,1,1,1
KL,Italy,Singapore,4,0,4
U2,Germany,Netherlands,1,0,1
AV,Argentina,Dominican Republic,0,1,0
GQ,Italy,Cyprus,1,0,1
KL,Sweden,Ghana,0,1,0
LX,Switzerland,United Kingdom,1,3,1
EK,Italy,Nepal,0,4,0
AF,Switzerland,France,1,0,1
LX,Denmark,Italy,1,0,1
KL,Bahrain,Kuwait,0,1,0
OS,Moldova,Italy,1,1,1
KM,Malta,France,0,2,0
NH,Italy,,0,4,0
RC,Faroe Islands,Iceland,0,1,0
E5,Egypt,Italy,9,7,9
LX,Italy,,0,10,0
CY,Egypt,Italy,0,1,0
FI,Switzerland,United States,2,1,2
KL,South Africa,Italy,1,0,1
HV,Netherlands,France,0,1,0
OS,Italy,Mauritius,1,1,1
FR,Hungary,Sweden,0,1,0
LH,Romania,Italy,1,0,1
Y4,Colombia,Mexico,0,1,0
FR,Austria,Morocco,0,1,0
W6,Italy,Georgia,3,3,3
VY,United States,Italy,4,4,4
FR,Belgium,Portugal,1,5,1
W6,Bulgaria,Italy,8,6,8
VN,Vietnam,Vietnam,6,0,6
HY,Turkey,Uzbekistan,0,1,0
OS,Mexico,Greece,0,1,0
DY,Denmark,Greece,0,1,0
AF,Brazil,Poland,1,0,1
I2,Spain,Republic of Ireland,1,0,1
VZ,Thailand,Thailand,0,34,0
EY,Italy,Malaysia,13,1,13
VY,Spain,Denmark,2,0,2
UX,Spain,United States,1,0,1
KE,Italy,New Zealand,0,2,0
AZ,Italy,Lebanon,0,2,0
OG,Iceland,United States,1,0,1
FR,Belgium,Montenegro,1,0,1
KU,Kuwait,Italy,0,1,0
FR,Spain,Italy,370,420,366
CA,Italy,,0,7,0
2B,Italy,Albania,0,70,0
FD,Thailand,Cambodia,0,3,0
BA,Aruba,United Kingdom,1,0,1
OS,Austria,Austria,1,0,1
U2,Spain,Kenya,0,1,0
OD,Malaysia,Thailand,0,4,0
FR,United Kingdom,Portugal,3,0,3
BA,United Kingdom,,2,0,2
UA,United States,Mexico,1,0,1
FR,United Kingdom,Greece,2,2,2
ME,Lebanon,Germany,0,1,0
FZ,Saudi Arabia,Sri Lanka,2,2,2
AZ,Italy,Argentina,11,68,11
HV,Netherlands,Italy,13,10,13
RJ,Israel,Egypt,0,3,0
KC,Kazakhstan,Kazakhstan,2,1,2
SK,Norway,France,1,0,1
SK,Lithuania,Italy,0,2,0
BA,Italy,Australia,4,2,4
LH,Italy,Maldives,0,2,0
BA,Switzerland,United States,10,1,10
AV,Dominican Republic,Italy,0,1,0
KL,Italy,Puerto Rico,0,1,0
HV,Senegal,Italy,0,1,0
TK,Italy,Canada,0,1,0
XZ,Italy,Albania,50,5,50
LO,Moldova,Germany,0,1,0
N0,United States,Italy,6,2,6
AZ,Italy,Greece,15,117,15
XZ,Italy,Netherlands,0,1,0
FR,Italy,,0,135,0
D7,Indonesia,Malaysia,0,4,0
FR,Portugal,France,6,1,6
TK,Italy,Qatar,0,1,0
S4,Portugal,Italy,0,2,0
XY,United Arab Emirates,Italy,0,1,0
AF,Germany,France,4,6,4
CM,Venezuela,United States,0,1,0
QR,South Korea,Germany,1,1,1
TK,China,Italy,0,1,0
5W,United Arab Emirates,Kazakhstan,0,2,0
EW,Germany,Denmark,2,1,2
OD,Australia,Italy,0,1,0
KL,Netherlands,Portugal,1,0,1
CX,Hong Kong,Philippines,0,1,0
U2,Italy,The Gambia,0,1,0
LO,Italy,Egypt,1,8,1
PC,France,Turkey,1,2,1
F8,United States,Canada,0,1,0
TG,Thailand,Germany,0,8,0
AT,Morocco,Morocco,1,1,1
I2,Italy,Spain,43,1,43
U2,Italy,Brazil,0,1,0
AP,Italy,Greece,0,3,0
TP,Spain,Mexico,0,1,0
LH,Italy,Aruba,0,2,0
LH,Romania,Germany,1,2,1
VY,Portugal,Italy,0,3,0
FR,Jordan,Hungary,1,0,1
U2,United Kingdom,Switzerland,1,0,1
AF,France,Cuba,2,0,2
FR,Spain,Spain,70,60,69
IB,Morocco,Spain,2,7,2
AI,India,Italy,0,8,0
LX,Italy,Sweden,3,2,3
UX,Spain,Peru,0,1,0
KL,Italy,Spain,14,21,14
QR,Thailand,Italy,6,4,6
CX,Australia,Italy,0,5,0
NZ,New Zealand,New Zealand,1,0,1
AV,Uruguay,Spain,0,1,0
TK,Italy,Jordan,1,2,1
VZ,Thailand,Singapore,0,3,0
BA,Czech Republic,United States,0,2,0
EN,Italy,Germany,2,0,2
VY,Italy,Czech Republic,1,0,1
KL,Switzerland,Sweden,1,0,1
AM,Colombia,Spain,0,5,0
LX,Italy,Japan,10,9,10
KL,Italy,Costa Rica,2,4,2
KM,Italy,Netherlands,0,3,0
SV,Italy,Tanzania,1,0,1
OS,China,Italy,1,0,1
B6,United States,The Bahamas,0,2,0
FR,Republic of Ireland,Portugal,1,1,1
JU,Turkey,United States,0,1,0
WY,Italy,India,0,1,0
W6,Italy,Republic of Macedonia,6,16,6
AZ,Italy,Germany,32,57,32
W6,Greece,Italy,34,25,34
FR,Greece,Greece,3,2,3
Z0,United States,Italy,2,5,2
KL,Germany,Italy,3,5,3
BA,United Kingdom,Mexico,2,2,2
FR,Estonia,Italy,3,4,3
H4,Italy,Moldova,0,12,0
EY,France,Seychelles,1,0,1
MK,Italy,Mauritius,10,4,10
IB,Spain,Germany,1,0,1
WS,Italy,United States,0,2,0
HM,Israel,Seychelles,0,1,0
TK,Austria,Turkey,0,1,0
7C,South Korea,Taiwan,1,0,1
QR,France,Japan,0,1,0
ET,Senegal,Italy,1,1,1
FI,Italy,Iceland,3,9,3
W6,Italy,Nepal,0,10,0
BA,Italy,Madagascar,0,1,0
EK,Kenya,Italy,1,0,1
QR,Italy,Maldives,5,5,5
AZ,Italy,Uruguay,0,1,0
"",Colombia,Mexico,2,0,2
AY,Italy,Norway,5,0,5
AF,Italy,Morocco,2,1,2
TK,Tunisia,Turkey,0,2,0
UL,Malaysia,United Arab Emirates,0,2,0
B6,United States,Turks and Caicos Islands,0,2,0
WF,Norway,,0,1,0
J2,Uzbekistan,Italy,0,1,0
FR,France,Spain,3,6,3
LX,Switzerland,Serbia,0,4,0
IB,Italy,Mexico,4,5,4
CZ,Italy,Argentina,0,1,0
LO,Poland,Hungary,1,0,1
W6,Italy,Uzbekistan,0,3,0
XY,United Arab Emirates,Saudi Arabia,1,0,1
W6,Germany,Italy,7,10,7
AV,Colombia,Ecuador,1,0,1
A3,Greece,Denmark,4,0,4
LH,Italy,India,5,9,5
LX,Italy,Portugal,5,0,5
PC,Albania,Turkey,1,0,1
DL,Italy,Canada,5,0,5
AK,Hong Kong,Malaysia,0,1,0
KE,Italy,Thailand,0,2,0
PC,Spain,Albania,1,0,1
VY,Spain,Spain,64,47,63
TK,Italy,Senegal,2,4,2
AF,Italy,Mexico,9,16,9
1L,Italy,Germany,0,3,0
TK,Pakistan,Italy,0,1,0
V7,France,Italy,18,26,18
AC,Germany,Canada,1,3,1
JU,Italy,Israel,0,1,0
AF,France,France,9,7,9
VJ,South Korea,Vietnam,0,2,0
A1,Italy,Moldova,0,2,0
OS,Italy,Romania,6,6,6
LX,Japan,Italy,0,1,0
SN,Belgium,Armenia,1,0,1
RJ,Italy,Egypt,2,5,2
SK,Sweden,Luxembourg,1,0,1
AY,Italy,South Korea,8,6,8
U2,Sweden,Germany,1,0,1
AC,Spain,Canada,1,0,1
DL,Italy,Jamaica,1,0,1
BA,Spain,United Kingdom,2,0,2
NO,Cape Verde,Italy,2,0,2
LH,Italy,Honduras,0,1,0
VY,Italy,Peru,0,1,0
EY,Egypt,India,1,0,1
FZ,United Arab Emirates,Saudi Arabia,1,0,1
4Y,Germany,Mauritius,0,1,0
BA,Albania,United Kingdom,1,0,1
IB,Italy,Morocco,2,6,2
W6,Morocco,Italy,14,3,14
W6,Armenia,Italy,8,1,8
VY,Spain,Belgium,0,3,0
BA,Italy,Canada,3,7,3
QR,Germany,South Africa,2,0,2
DL,Chile,Italy,2,0,2
W6,Italy,Dominican Republic,0,4,0
AF,Spain,Cuba,3,0,3
FR,Spain,Norway,0,4,0
EW,Germany,Spain,1,2,1
LH,Republic of Ireland,Brazil,0,1,0
V7,Italy,Norway,0,1,0
AK,Malaysia,Vietnam,0,2,0
FS,Italy,Norway,0,1,0
AA,United States,Anguilla,1,0,1
WY,Italy,Thailand,1,53,1
NO,Italy,Tanzania,5,1,5
EW,Denmark,Switzerland,0,1,0
W6,Hungary,Italy,23,12,23
W6,Romania,Italy,55,55,54
U2,Portugal,Spain,5,2,5
B6,Dominican Republic,United States,0,1,0
QR,Thailand,Qatar,0,1,0
LX,Bulgaria,Portugal,0,1,0
EW,Italy,Finland,0,1,0
FR,Spain,Netherlands,0,1,0
EY,Singapore,Italy,0,1,0
EK,Italy,Mauritius,1,91,1
BA,United Kingdom,Pakistan,0,1,0
DD,Thailand,Thailand,2,9,2
FR,Italy,Australia,0,4,0
TP,Spain,Italy,1,6,1
E9,Cuba,Italy,0,6,0
JU,Greece,Italy,0,6,0
JQ,Japan,Japan,6,2,6
LH,Kenya,Italy,1,1,1
EY,Belgium,Japan,1,0,1
LO,United Kingdom,Poland,0,1,0
IB,Spain,Morocco,0,1,0
MU,Italy,New Zealand,0,1,0
FR,Poland,Belgium,0,1,0
AZ,Italy,Thailand,0,3,0
EW,Norway,Morocco,0,2,0
QR,Netherlands,Indonesia,0,1,0
FD,Maldives,Thailand,0,2,0
PC,Armenia,Spain,2,0,2
CY,Lebanon,Italy,0,1,0
G9,Italy,United Arab Emirates,3,1,3
KL,Italy,Norway,4,6,4
LA,Argentina,Spain,1,7,1
FR,Finland,Italy,2,6,2
BZ,Israel,Italy,2,8,2
IB,Italy,Ecuador,7,0,7
BA,Italy,Chile,0,4,0
EK,Sri Lanka,Italy,1,1,1
VN,Vietnam,Thailand,1,0,1
LH,Germany,Germany,0,2,0
QR,Italy,Bangladesh,1,4,1
CX,Malaysia,Italy,1,0,1
LH,Italy,Portugal,5,2,5
MT,Italy,Egypt,0,7,0
TK,Uzbekistan,Iran,0,2,0
LX,Italy,Slovenia,0,1,0
F8,United States,,0,1,0
W6,Austria,Spain,1,1,1
OS,Germany,Mexico,1,0,1
AM,Brazil,Spain,0,1,0
AZ,Italy,India,3,14,3
IB,Italy,Italy,0,1,0
SK,Sweden,Germany,1,0,1
A3,Italy,Armenia,0,2,0
QR,Germany,Thailand,0,3,0
MS,Austria,Egypt,0,1,0
FZ,Italy,Nepal,0,5,0
U2,Italy,Luxembourg,28,0,28
W6,Italy,Turkey,0,5,0
AV,Colombia,Mexico,3,1,3
ET,Belgium,Seychelles,1,0,1
CA,China,,0,1,0
AY,Italy,Thailand,1,0,1
W6,Romania,United Kingdom,0,1,0
LX,United Kingdom,Italy,1,1,1
FM,China,China,0,1,0
EW,Lebanon,Italy,1,0,1
AC,Canada,Romania,0,1,0
3O,Morocco,Italy,54,9,53
FR,Republic of Ireland,Spain,2,2,2
VY,Greece,Spain,2,0,2
3F,Italy,Armenia,0,2,0
FR,Italy,Maldives,0,2,0
U2,Sweden,Italy,0,1,0
KL,Indonesia,Singapore,5,0,5
U2,Italy,Colombia,0,1,0
AV,Peru,Italy,0,1,0
QZ,Indonesia,Japan,0,1,0
IB,United States,United States,0,1,0
FI,Republic of Ireland,Iceland,0,1,0
LA,Italy,Colombia,0,1,0
EY,Malaysia,Italy,4,1,4
PR,Thailand,United States,1,0,1
AZ,Bosnia and Herzegovina,Italy,0,6,0
LX,Italy,Iceland,1,3,1
J2,Turkey,Azerbaijan,0,1,0
QF,Australia,,0,1,0
OU,Croatia,Croatia,0,1,0
WY,Italy,Tanzania,1,4,1
W6,Italy,Vietnam,0,1,0
JU,Austria,Egypt,0,1,0
FR,Germany,,0,1,0
U2,Germany,Denmark,2,0,2
WY,Saudi Arabia,Bangladesh,0,1,0
AV,Peru,Spain,0,1,0
VY,Italy,Netherlands,9,4,9
5J,Indonesia,Philippines,3,3,3
TK,Italy,Ghana,3,2,3
FR,Austria,Croatia,3,0,3
PC,Italy,Turkey,96,127,95
AF,Italy,Argentina,11,6,11
UX,Italy,Venezuela,1,4,1
RJ,Egypt,Italy,0,2,0
U2,Netherlands,France,3,0,3
UK,Nepal,United Arab Emirates,1,0,1
SS,France,,0,1,0
6E,United Arab Emirates,India,0,1,0
QR,Germany,Japan,1,0,1
FD,Thailand,Thailand,0,46,0
7M,Brazil,Brazil,1,0,1
U2,Portugal,Germany,1,0,1
SQ,United Kingdom,Indonesia,2,2,2
OS,Italy,Armenia,3,0,3
AF,Italy,Portugal,1,3,1
AV,Mexico,Colombia,2,1,2
ZA,Cambodia,Thailand,0,1,0
XR,Egypt,Croatia,0,2,0
V7,France,Portugal,1,1,1
FR,Luxembourg,France,0,1,0
ZL,Australia,Australia,0,1,0
EN,Italy,Guatemala,0,1,0
LH,Italy,South Africa,5,1,5
TP,Brazil,Spain,0,2,0
BA,Italy,Belgium,0,1,0
W6,Italy,Uganda,0,1,0
V7,Italy,Denmark,1,0,1
AT,Italy,Western Sahara,0,1,0
KM,Germany,Italy,0,1,0
W6,United Kingdom,Italy,62,34,61
FR,Italy,Republic of Ireland,130,196,129
D7,Malaysia,Indonesia,0,4,0
TK,Vietnam,Italy,1,3,1
LH,Italy,Netherlands,9,14,9
KL,Switzerland,United States,0,4,0
IB,Mexico,Spain,2,0,2
G3,Italy,Costa Rica,0,1,0
AM,Spain,El Salvador,0,1,0
TK,Germany,Thailand,0,2,0
FR,Malta,Saudi Arabia,0,1,0
OS,Switzerland,Austria,0,1,0
AK,Thailand,Malaysia,0,2,0
AY,Thailand,Italy,4,0,4
KM,Italy,Portugal,0,2,0
OS,Italy,Denmark,1,1,1
FR,Portugal,Albania,0,1,0
XR,Egypt,France,0,1,0
5J,Philippines,,0,1,0
FR,United Kingdom,Italy,92,108,91
AY,Sweden,Italy,1,0,1
U2,Netherlands,Italy,56,23,55
AF,France,Greece,4,6,4
"",Argentina,Italy,11,0,11
AF,Italy,Bolivia,0,2,0
FB,Bulgaria,Italy,0,3,0
AT,Tunisia,Morocco,0,2,0
CM,Panama,El Salvador,0,3,0
SK,Germany,Sweden,0,1,0
TR,Australia,Vietnam,0,1,0
JQ,Indonesia,Italy,0,1,0
QR,Serbia,Thailand,0,1,0
PG,Cambodia,Thailand,0,2,0
4Y,Italy,Germany,0,7,0
EY,Italy,Australia,3,1,3
KL,Italy,Hong Kong,1,0,1
XZ,Italy,,0,1,0
TK,Slovenia,Thailand,1,0,1
UX,Italy,Tunisia,0,1,0
A3,Lebanon,Italy,1,0,1
VY,Spain,Italy,99,117,98
NO,Italy,Cuba,33,8,33
3O,France,Morocco,1,3,1
JU,Greece,Spain,0,1,0
RO,Romania,Romania,0,6,0
UA,United States,,0,1,0
W6,Austria,Cyprus,1,0,1
TK,Italy,Cambodia,0,2,0
DY,Norway,Spain,0,1,0
LX,United Kingdom,Switzerland,1,1,1
QP,India,India,0,1,0
AZ,Albania,Italy,2,0,2
U2,Italy,Austria,0,1,0
IT,Taiwan,South Korea,1,0,1
ET,Italy,Togo,1,0,1
ET,Italy,Tanzania,20,4,20
W6,Italy,Austria,38,82,38
U2,Switzerland,Italy,14,2,14
QR,Spain,Qatar,2,0,2
TK,Gabon,Italy,0,2,0
KL,Germany,Spain,0,2,0
LH,Greece,Italy,1,0,1
VJ,Vietnam,Malaysia,0,2,0
3U,China,China,0,4,0
W6,Italy,Mexico,0,2,0
5W,United Arab Emirates,Italy,0,3,0
W6,Belgium,Romania,1,0,1
LX,Spain,Luxembourg,1,0,1
XZ,Italy,Hungary,0,1,0
FR,Greece,Spain,0,1,0
BA,Germany,United Kingdom,4,2,4
AF,Sweden,Luxembourg,8,0,8
LO,Italy,Japan,0,15,0
AF,Italy,India,2,0,2
FR,Cyprus,Greece,1,2,1
AF,Italy,Algeria,1,0,1
LH,Germany,Canada,0,1,0
IB,Italy,Greece,0,1,0
LH,Italy,Estonia,3,1,3
Z2,Malaysia,Italy,0,2,0
LA,Brazil,Spain,0,4,0
SK,Italy,United Kingdom,1,0,1
DY,Austria,Norway,0,1,0
2B,Italy,United Arab Emirates,0,1,0
EW,United Kingdom,Italy,1,0,1
LH,Italy,Mexico,1,17,1
LX,Italy,Indonesia,0,8,0
VY,United Kingdom,Italy,17,7,17
SV,Italy,Malaysia,1,8,1
EK,Italy,Tanzania,17,3,17
FR,Italy,Thailand,0,7,0
LH,Italy,New Zealand,0,2,0
WE,Thailand,Thailand,5,6,5
AZ,Netherlands,Italy,5,14,5
PC,Italy,Republic of Kosovo,0,1,0
EK,Indonesia,United Arab Emirates,1,0,1
AC,United States,,0,1,0
LX,Switzerland,Portugal,2,0,2
A3,Turkey,Italy,0,1,0
EW,United Kingdom,Germany,0,1,0
LX,Belgium,Switzerland,0,3,0
CA,Italy,China,3,95,3
LO,Italy,Republic of Macedonia,0,4,0
AC,Italy,,0,5,0
6E,India,Vietnam,0,2,0
W6,Hungary,Portugal,1,0,1
BA,France,United States,0,1,0
TK,Germany,India,0,1,0
FR,Croatia,Portugal,0,1,0
W6,Poland,Cyprus,1,0,1
AV,Colombia,United States,1,0,1
LS,United Kingdom,Italy,13,7,13
FR,Austria,Spain,4,10,4
TP,Senegal,Italy,8,3,8
U2,Greece,Netherlands,1,0,1
DE,Italy,United States,4,0,4
AF,Italy,Nigeria,3,1,3
QR,France,South Korea,0,2,0
PC,Turkey,Albania,1,0,1
IE,Australia,,0,1,0
FR,Slovakia,Italy,4,2,4
PC,Italy,Kyrgyzstan,1,5,1
"",Colombia,Italy,0,7,0
TP,Spain,Portugal,1,4,1
W6,Albania,Germany,0,5,0
BA,United Kingdom,Switzerland,1,2,1
LO,Italy,United States,0,3,0
W6,Italy,Cyprus,7,9,7
GJ,China,China,0,3,0
QF,Australia,Italy,1,2,1
NO,Cuba,Italy,1,0,1
W9,United Kingdom,Cyprus,0,2,0
OS,Italy,Spain,1,1,1
TP,Germany,United States,1,0,1
SN,France,Sweden,1,0,1
TK,Italy,Cameroon,0,1,0
KL,Italy,Netherlands,103,102,102
QR,Italy,Kenya,2,0,2
KU,Turkey,Philippines,3,0,3
EY,Italy,Maldives,12,23,12
KL,Argentina,Italy,0,3,0
BA,Canada,Italy,10,2,10
TK,Moldova,Mauritius,0,5,0
PC,Italy,Lebanon,5,1,5
QR,Italy,United Arab Emirates,1,0,1
HV,Austria,Netherlands,0,1,0
U2,Iceland,Italy,3,1,3
LA,Spain,Brazil,0,2,0
LY,Italy,Cyprus,0,2,0
JU,Montenegro,Italy,1,0,1
EY,Italy,Bangladesh,0,1,0
AY,Belgium,Finland,1,0,1
SN,Italy,Norway,0,1,0
KE,Austria,Japan,0,2,0
G9,Italy,Malaysia,16,3,16
PC,Italy,Qatar,0,5,0
U2,Italy,China,0,1,0
2W,Dominican Republic,Italy,0,6,0
TK,Italy,Nepal,1,0,1
OS,United States,Austria,1,1,1
NO,Italy,China,0,2,0
G3,Bolivia,Italy,0,2,0
AR,Argentina,Spain,0,1,0
GQ,Italy,,0,1,0
SK,Poland,Italy,0,1,0
LY,United Kingdom,Israel,1,0,1
IB,Italy,Colombia,15,19,15
OS,Italy,Greece,1,8,1
AZ,Italy,Croatia,1,5,1
LH,Italy,Finland,8,3,8
FR,Jordan,Belgium,0,1,0
FD,Singapore,,0,1,0
5W,United Arab Emirates,Kuwait,1,0,1
LO,Slovenia,Poland,0,1,0
BA,Italy,Puerto Rico,0,1,0
EW,Germany,Austria,0,1,0
LY,Switzerland,Israel,0,3,0
WY,Italy,United Arab Emirates,1,0,1
AR,Chile,Italy,0,1,0
BF,France,Réunion,1,0,1
W2,Italy,Greece,0,4,0
FR,Netherlands,Portugal,2,3,2
TK,Italy,Thailand,25,33,25
AY,Finland,Sweden,2,0,2
KL,Sweden,France,1,0,1
XZ,Italy,Spain,0,4,0
AY,Norway,Italy,2,0,2
PK,Pakistan,Turkey,0,1,0
PR,Philippines,Indonesia,1,0,1
SK,Sweden,Italy,2,14,2
EW,Spain,Germany,6,5,6
TU,Mali,Italy,0,1,0
UA,Cuba,Italy,0,1,0
X3,Germany,Spain,0,3,0
T7,Italy,France,0,2,0
AF,Italy,Venezuela,0,4,0
EN,Italy,Cuba,0,2,0
TK,Greece,Taiwan,0,3,0
QV,Vietnam,Laos,0,1,0
OD,Singapore,Malaysia,0,3,0
VY,Morocco,Sweden,1,0,1
KL,Italy,Kenya,1,0,1
U2,Italy,Netherlands,352,44,349
LH,Italy,Mozambique,0,4,0
FR,Italy,Dominican Republic,0,5,0
SV,India,Italy,6,7,6
JU,Italy,Bosnia and Herzegovina,1,1,1
BR,Italy,Taiwan,0,1,0
EY,Italy,South Korea,14,0,14
V7,Spain,Portugal,0,2,0
EW,Italy,Georgia,0,1,0
FZ,Tanzania,Italy,0,3,0
AZ,Italy,Bulgaria,1,2,1
UX,Italy,Colombia,6,21,6
EY,Australia,Italy,2,2,2
HM,Seychelles,Seychelles,0,3,0
KL,United Kingdom,Germany,1,2,1
UA,Switzerland,United States,2,0,2
ET,Ethiopia,Ethiopia,1,0,1
JU,Italy,Denmark,0,1,0
BA,Brazil,Italy,3,0,3
U2,Italy,Czech Republic,33,6,33
IB,Dominican Republic,Spain,3,3,3
CM,Chile,Dominican Republic,0,1,0
KL,Italy,Jamaica,0,1,0
LH,Argentina,Italy,0,2,0
AM,Colombia,Italy,0,1,0
MF,Italy,Philippines,0,1,0
FR,Austria,Sweden,0,2,0
FR,Czech Republic,Hungary,0,4,0
FR,Jordan,Turkey,0,1,0
AK,Malaysia,Italy,0,1,0
Q6,Colombia,Italy,0,1,0
AF,United States,French Polynesia,0,1,0
TK,United Arab Emirates,Italy,0,1,0
W9,United Kingdom,Albania,0,1,0
SK,Norway,Norway,6,14,6
OS,Denmark,Italy,0,1,0
TK,Turkey,Georgia,1,1,1
QR,Italy,China,3,2,3
EI,Republic of Ireland,Belgium,1,0,1
AF,France,Guadeloupe,1,1,1
AM,United States,Mexico,0,1,0
W2,Italy,Romania,0,1,0
FD,Thailand,Maldives,0,2,0
FR,Portugal,Portugal,6,13,6
HV,Italy,France,71,104,70
TK,Italy,Singapore,1,4,1
AF,Peru,Italy,1,2,1
DY,Netherlands,,0,1,0
A3,Greece,Luxembourg,1,0,1
AF,Denmark,Italy,0,1,0
AK,India,Thailand,0,1,0
KL,Mexico,United States,0,1,0
QF,Italy,,0,1,0
W6,Denmark,Poland,1,0,1
TB,Morocco,Italy,0,1,0
TK,Italy,Madagascar,0,2,0
E9,Spain,Cuba,8,13,8
SN,Belgium,France,1,1,1
TP,Portugal,France,6,0,6
IZ,Italy,Israel,3,1,3
LH,Italy,Cambodia,0,1,0
FR,Romania,Austria,0,1,0
LX,Portugal,Italy,0,1,0
FZ,Italy,China,0,1,0
W6,Italy,Israel,22,48,22
JU,Bosnia and Herzegovina,Italy,1,10,1
U8,Italy,Israel,0,2,0
FR,Italy,Philippines,0,1,0
OG,United Kingdom,Iceland,4,4,4
PC,Turkey,Cyprus,1,1,1
EW,Iceland,Italy,1,1,1
EK,Italy,Malaysia,2,1,2
FR,Jordan,Italy,3,8,3
FR,United Kingdom,Germany,1,4,1
SK,Germany,Italy,1,0,1
MS,Italy,Mauritius,0,4,0
SQ,Italy,Indonesia,5,2,5
8P,Canada,Canada,0,1,0
NS,China,China,0,1,0
UK,Thailand,,0,1,0
A3,Italy,,0,1,0
EW,Germany,Lebanon,1,0,1
DY,Italy,Norway,0,64,0
TR,Madagascar,Madagascar,0,6,0
QR,Indonesia,Italy,1,5,1
TP,United States,Italy,10,5,10
TR,Germany,Thailand,0,4,0
U2,Egypt,Italy,23,0,23
SK,Italy,Poland,0,1,0
LH,Germany,Portugal,9,1,9
FR,Sweden,United Kingdom,1,0,1
MS,Spain,Egypt,0,1,0
AF,Italy,El Salvador,0,1,0
U2,Portugal,Switzerland,1,0,1
A3,Italy,Saudi Arabia,0,1,0
SN,Spain,Netherlands,0,2,0
JQ,Indonesia,Singapore,1,0,1
W6,Italy,Sweden,4,5,4
LH,Georgia,Italy,2,0,2
AF,Canada,Italy,2,0,2
QR,United Kingdom,Indonesia,1,0,1
TK,Italy,Nigeria,2,1,2
FR,Austria,Estonia,2,0,2
BA,Italy,Mauritius,5,0,5
ET,Japan,Italy,1,0,1
LH,Italy,Jamaica,0,1,0
AF,Italy,Burkina Faso,0,1,0
OD,Malaysia,Indonesia,0,1,0
U2,Italy,Réunion,0,1,0
LA,Argentina,,0,1,0
MS,Italy,Jordan,0,2,0
AV,Costa Rica,Guatemala,0,1,0
W6,Hungary,France,1,0,1
EY,Indonesia,Italy,0,3,0
IE,Australia,Solomon Islands,0,3,0
KL,Italy,South Korea,3,3,3
NH,Japan,Japan,0,5,0
KL,Germany,Denmark,1,2,1
FZ,Pakistan,Italy,0,1,0
BR,Austria,Philippines,0,2,0
SV,Switzerland,Thailand,0,1,0
6E,United Arab Emirates,Thailand,0,1,0
UX,Italy,,0,3,0
2W,Spain,Dominican Republic,0,7,0
W6,Italy,Azerbaijan,4,2,4
LH,Italy,Denmark,3,2,3
TK,Moldova,Switzerland,0,3,0
SK,Italy,China,2,0,2
NH,Italy,Japan,1,4,1
DY,Norway,Malta,0,1,0
5J,Philippines,Indonesia,0,1,0
AT,Morocco,France,0,3,0
3O,Italy,,0,1,0
FI,Norway,United States,1,0,1
VY,Algeria,Italy,0,1,0
U2,Belgium,France,1,0,1
AF,Italy,United Arab Emirates,4,1,4
OU,Croatia,Italy,0,6,0
ET,Italy,Seychelles,12,3,12
CA,China,China,0,3,0
TK,Italy,Mexico,0,1,0
FR,Spain,Greece,0,1,0
KL,Portugal,Italy,1,0,1
W6,Italy,Bangladesh,0,1,0
VY,Portugal,Spain,4,0,4
W6,Netherlands,Italy,4,6,4
EW,Germany,Thailand,0,2,0
UK,India,India,0,5,0
5F,Moldova,Italy,0,5,0
MS,Greece,Egypt,0,2,0
KM,Italy,Mexico,0,1,0
AT,France,Morocco,3,1,3
FR,France,Belgium,2,0,2
TR,Philippines,Italy,0,3,0
S4,Spain,,0,4,0
J2,Italy,Azerbaijan,0,2,0
EY,United Arab Emirates,Vietnam,0,1,0
VY,Italy,Greece,29,60,29
FR,Italy,Luxembourg,7,14,7
TK,Italy,Georgia,4,7,4
V7,Greece,Greece,4,1,4
KL,Italy,Morocco,1,2,1
LA,Italy,Argentina,3,29,3
TR,Philippines,Thailand,0,1,0
IB,Italy,China,0,3,0
WY,United Arab Emirates,Italy,0,4,0
OS,France,Austria,1,0,1
VR,Italy,Cape Verde,0,1,0
UX,Portugal,Spain,1,3,1
FR,Serbia,Greece,1,0,1
TR,Singapore,Japan,1,0,1
EK,United Arab Emirates,Maldives,1,0,1
F9,United States,,0,2,0
OS,Italy,Egypt,10,28,10
QF,Italy,Australia,0,10,0
5W,United Arab Emirates,Maldives,5,8,5
5W,United Arab Emirates,Oman,2,1,2
XQ,Italy,United Arab Emirates,0,1,0
R2,Guinea,Senegal,0,1,0
LA,Ecuador,United States,0,4,0
OS,Italy,Vietnam,0,1,0
W6,Germany,Serbia,1,0,1
SK,United Kingdom,Sweden,1,0,1
PC,Egypt,Italy,0,1,0
KL,United States,Mexico,0,1,0
AS,Italy,United States,0,1,0
LS,Italy,Spain,0,1,0
EW,Czech Republic,Italy,2,1,2
OS,Italy,Latvia,0,6,0
LO,Croatia,Netherlands,2,0,2
TK,Slovenia,Indonesia,0,2,0
A3,Albania,Greece,2,1,2
DL,France,United States,3,0,3
KL,Netherlands,Hungary,1,0,1
LH,United States,Aruba,0,1,0
FR,Denmark,Germany,2,2,2
U2,Germany,Italy,35,4,35
IB,Argentina,Italy,2,1,2
BZ,Italy,Israel,0,4,0
6E,Thailand,Italy,0,2,0
W6,Italy,Canada,0,1,0
E5,Italy,,0,1,0
LH,Brazil,Italy,1,1,1
CX,Hong Kong,Italy,1,0,1
NO,Italy,Kazakhstan,0,1,0
EY,United States,Maldives,2,0,2
B6,United States,Mexico,0,3,0
G3,Brazil,Germany,0,1,0
ZG,South Korea,Japan,0,1,0
XZ,Romania,Italy,4,1,4
WY,Italy,Australia,0,5,0
VY,Czech Republic,Spain,0,1,0
ET,Egypt,Tanzania,1,0,1
AF,Italy,Mali,1,0,1
TG,Sweden,,0,1,0
MU,Italy,China,0,14,0
SV,Italy,India,1,9,1
AZ,Italy,Mexico,0,35,0
FZ,Italy,United Arab Emirates,10,30,10
AZ,Italy,Maldives,1,9,1
AV,Spain,Colombia,7,2,7
G9,Italy,Nepal,2,3,2
BA,South Africa,Italy,1,4,1
W6,United Kingdom,Greece,0,1,0
QG,Indonesia,Indonesia,0,1,0
FR,Norway,Italy,1,5,1
J9,Egypt,Kuwait,1,0,1
A2,Romania,Greece,0,4,0
FZ,Italy,Bangladesh,0,1,0
6E,India,United Arab Emirates,0,1,0
EY,Italy,Pakistan,0,1,0
FR,Finland,United Kingdom,1,0,1
LA,Spain,Chile,1,0,1
AF,Italy,United States,69,120,68
FR,Italy,Lithuania,8,10,8
AI,Italy,Australia,0,8,0
AF,France,Netherlands,4,0,4
JU,Italy,Cyprus,1,2,1
EY,Philippines,Italy,3,3,3
ET,Thailand,Brazil,0,2,0
EK,Italy,New Zealand,1,1,1
PC,United Kingdom,Iraq,0,2,0
AI,Italy,,0,1,0
I2,Spain,Spain,25,0,25
WS,Italy,Canada,2,12,2
AV,Colombia,Canada,1,0,1
AF,Germany,Spain,0,1,0
KX,United States,Cayman Islands,0,2,0
PC,United Arab Emirates,Italy,3,4,3
FZ,United Arab Emirates,Maldives,1,0,1
TK,Hungary,Turkey,0,1,0
IB,Chile,Spain,0,3,0
KL,United Kingdom,Spain,0,1,0
AK,Malaysia,Cambodia,0,1,0
WN,United States,United States,0,10,0
LH,Italy,United Arab Emirates,0,5,0
W6,Italy,Indonesia,0,6,0
XK,Italy,France,0,1,0
SL,Malaysia,Thailand,0,1,0
AF,Italy,Chile,5,2,5
LO,Germany,Romania,0,4,0
DY,Finland,Italy,0,6,0
3F,Lebanon,Armenia,0,1,0
AH,Italy,Senegal,0,5,0
ID,Australia,Indonesia,0,1,0
V7,Italy,Portugal,0,5,0
VY,France,,0,1,0
LH,Italy,Lebanon,3,0,3
BR,Italy,Indonesia,0,3,0
AF,Spain,France,2,0,2
AF,Italy,Turkey,0,1,0
TP,United Kingdom,Senegal,0,1,0
KL,Italy,South Africa,15,6,15
SQ,Italy,Philippines,4,6,4
FR,Poland,Czech Republic,1,3,1
WY,Oman,Tanzania,1,0,1
EY,Italy,India,1,8,1
QR,Finland,Singapore,0,1,0
AF,Italy,Hong Kong,1,0,1
PU,Colombia,Spain,0,1,0
W9,United Kingdom,Thailand,0,1,0
BA,Argentina,United Kingdom,0,1,0
TK,United Arab Emirates,Germany,0,1,0
VY,Italy,Italy,26,37,26
QR,Italy,Malaysia,9,14,9
AI,Italy,India,0,23,0
EW,Czech Republic,Sweden,0,2,0
TK,Italy,South Korea,3,1,3
FR,Portugal,Lithuania,0,2,0
WJ,Argentina,Argentina,0,2,0
HY,Uzbekistan,Italy,0,1,0
TK,Turkey,Panama,0,6,0
FR,Italy,Bosnia and Herzegovina,0,1,0
AF,France,Morocco,0,1,0
CI,Cambodia,Italy,0,1,0
LH,Italy,Norway,19,19,19
PC,Turkey,Turkey,0,4,0
OG,Republic of Ireland,United States,1,3,1
QR,Bangladesh,Italy,3,0,3
HV,Germany,France,2,1,2
AZ,Italy,Kenya,0,9,0
AZ,Italy,Paraguay,0,1,0
VY,Spain,Argentina,0,2,0
NO,Italy,Mauritius,1,0,1
U2,Italy,Finland,0,1,0
SK,Denmark,Greece,0,1,0
U2,France,France,21,0,21
ME,Lebanon,Italy,0,8,0
QR,Lebanon,Indonesia,0,1,0
JT,Indonesia,Indonesia,0,20,0
NU,Japan,Japan,7,0,7
U2,Croatia,Switzerland,4,1,4
LA,Brazil,Germany,0,3,0
TK,Italy,Tanzania,3,3,3
FR,Belgium,Greece,2,1,2
SQ,Indonesia,Italy,2,0,2
ET,Italy,Djibouti,1,0,1
LX,Italy,United Arab Emirates,0,1,0
U2,Italy,Spain,949,193,940
TP,Brazil,Italy,10,45,10
W6,Italy,Malaysia,0,3,0
FR,Germany,Spain,7,6,7
QF,Australia,Australia,3,0,3
LX,Italy,South Africa,3,3,3
BA,Italy,Jamaica,0,2,0
KL,Italy,Indonesia,4,0,4
BA,Netherlands,United Kingdom,1,0,1
FD,Vietnam,Thailand,0,5,0
AZ,Italy,Madagascar,0,2,0
XZ,Italy,Israel,3,0,3
LH,Japan,Italy,0,1,0
W6,Italy,Eritrea,0,1,0
BQ,Italy,Germany,1,0,1
DE,Canada,Poland,0,1,0
I2,Spain,United Kingdom,2,0,2
PC,Italy,Georgia,1,2,1
IB,Colombia,Italy,0,18,0
W6,Italy,Sri Lanka,0,6,0
AR,Italy,Uruguay,0,3,0
AM,Germany,Mexico,0,1,0
UA,Italy,Costa Rica,0,2,0
U2,Italy,Turkey,0,1,0
XQ,Turkey,Italy,1,0,1
AF,South Korea,Italy,0,1,0
AZ,France,Italy,6,13,6
VA,Australia,Australia,2,2,2
VY,Lebanon,Italy,1,0,1
PC,Italy,Iran,13,15,13
LH,United States,Italy,3,9,3
AF,Brazil,Italy,1,6,1
JL,Brazil,Japan,0,1,0
BT,Estonia,Italy,0,1,0
CI,Italy,Indonesia,0,5,0
KL,Italy,Paraguay,0,6,0
KE,South Korea,Italy,2,4,2
LH,France,Italy,12,3,12
U2,Italy,Indonesia,2,6,2
"",Chile,Italy,1,0,1
TK,Italy,Oman,0,8,0
AF,United States,France,2,0,2
ET,India,Italy,2,0,2
AF,France,Germany,2,1,2
EK,Italy,Kenya,0,2,0
TK,India,Italy,0,1,0
UK,Thailand,India,0,1,0
A3,Turkey,Greece,5,2,5
J9,Saudi Arabia,Bangladesh,1,2,1
AH,Senegal,Italy,0,4,0
VZ,Thailand,,0,1,0
ET,Italy,Uganda,0,1,0
U2,Luxembourg,Italy,2,2,2
6H,Italy,Israel,0,2,0
E5,Italy,Indonesia,0,1,0
KE,South Korea,China,1,0,1
ZH,China,China,0,6,0
SK,Iceland,Italy,0,1,0
TP,Spain,Canada,1,0,1
W9,Czech Republic,United Kingdom,1,0,1
F3,United Arab Emirates,Saudi Arabia,0,1,0
ID,Singapore,Indonesia,0,1,0
NK,United States,Colombia,1,2,1
SQ,Italy,Thailand,7,7,7
W6,Italy,Montenegro,8,6,8
SK,Italy,,2,9,2
UJ,Egypt,Egypt,0,6,0
UX,Italy,El Salvador,0,3,0
TR,Australia,,0,3,0
OS,Austria,Belgium,0,1,0
WE,Vietnam,Thailand,1,0,1
TP,Canada,Italy,0,2,0
EK,United Kingdom,Mauritius,1,0,1
ET,Italy,Argentina,1,0,1
5W,United Arab Emirates,,0,1,0
AF,Costa Rica,Italy,0,1,0
GF,United Arab Emirates,,0,1,0
FZ,Nepal,Italy,1,3,1
VA,Australia,Italy,1,0,1
LO,Moldova,Estonia,0,2,0
A3,Italy,Portugal,0,1,0
UX,Italy,Argentina,7,19,7
OG,Italy,Iceland,6,12,6
FR,Italy,Bulgaria,34,67,34
BA,Romania,United Kingdom,2,1,2
U2,Italy,Philippines,0,2,0
SK,Norway,United Kingdom,0,1,0
W6,Germany,Spain,0,1,0
IB,Spain,Indonesia,0,1,0
U2,Italy,United Arab Emirates,0,1,0
FR,Portugal,Germany,0,2,0
AF,Ivory Coast,Italy,1,0,1
AI,India,Nepal,0,1,0
6E,India,India,8,12,8
MS,Italy,Ethiopia,0,3,0
LG,Italy,,0,2,0
FR,Greece,Cyprus,0,1,0
AT,Tunisia,Sierra Leone,0,1,0
AZ,Italy,Nepal,0,1,0
FA,South Africa,Mauritius,0,1,0
TP,Belgium,United States,1,0,1
W6,United Arab Emirates,Italy,10,16,10
F8,Canada,Canada,0,25,0
EK,United Kingdom,Malaysia,2,0,2
ET,Italy,Zimbabwe,1,1,1
OS,Italy,,0,5,0
CI,Austria,Philippines,0,1,0
AT,Belgium,Cameroon,1,0,1
EN,Italy,Portugal,0,1,0
WS,Canada,Dominican Republic,1,0,1
EK,Italy,Singapore,13,0,13
AA,Colombia,United States,2,0,2
TR,Taiwan,Italy,0,1,0
AA,United States,Costa Rica,4,0,4
AI,United Kingdom,,0,1,0
KL,Republic of Ireland,Italy,0,2,0
U2,France,Switzerland,1,0,1
W6,Italy,Australia,0,8,0
OZ,South Korea,South Korea,0,1,0
YW,Italy,Germany,0,20,0
LX,Switzerland,Spain,1,3,1
LA,Italy,Chile,0,8,0
SK,Denmark,Italy,0,6,0
IB,Spain,Spain,17,30,17
QR,Italy,Australia,3,5,3
UX,Italy,Peru,8,17,8
A3,Lebanon,Spain,2,0,2
MH,Malaysia,Indonesia,0,1,0
SV,Saudi Arabia,Italy,0,1,0
EW,Italy,Egypt,0,2,0
IB,Italy,Argentina,6,4,6
AZ,Brazil,Italy,1,9,1
LX,Italy,Canada,1,9,1
EK,United States,Maldives,3,0,3
SN,Germany,Belgium,1,2,1
KU,Bahrain,Kuwait,0,1,0
LX,Italy,Mexico,1,0,1
FR,Spain,United Kingdom,0,5,0
LX,Switzerland,Italy,6,25,6
KL,Italy,Republic of Ireland,1,0,1
IU,Indonesia,Indonesia,0,9,0
6E,France,India,0,2,0
EW,Germany,Republic of Ireland,2,0,2
OS,Italy,France,0,2,0
"",Panama,Costa Rica,0,1,0
LX,Switzerland,Germany,1,2,1
FR,France,Czech Republic,0,1,0
F3,Jordan,Italy,0,1,0
TP,Mozambique,Guinea-Bissau,0,1,0
AC,Belgium,Canada,0,1,0
W6,Romania,Turkey,0,1,0
5F,Italy,Moldova,0,29,0
FR,Portugal,Spain,4,4,4
7C,Japan,South Korea,0,6,0
TP,Venezuela,Italy,0,2,0
JU,Italy,,0,2,0
FR,Poland,Hungary,0,2,0
CZ,Vietnam,Australia,0,1,0
A3,Greece,Spain,1,0,1
B6,United States,United States,0,35,0
MS,Egypt,Denmark,0,1,0
ID,Indonesia,Indonesia,0,3,0
R2,Cape Verde,Senegal,0,1,0
SQ,Italy,Cambodia,1,9,1
NK,United States,Italy,0,4,0
MU,Italy,Taiwan,0,1,0
WS,Canada,Italy,0,1,0
SP,Portugal,Portugal,0,2,0
CX,Italy,Australia,0,1,0
A3,Italy,Germany,0,1,0
JU,Romania,Hungary,0,1,0
VN,France,Japan,0,1,0
SN,France,Democratic Republic of the Congo,0,1,0
HC,Senegal,Italy,0,1,0
CX,Hong Kong,Taiwan,1,0,1
U4,India,Nepal,0,1,0
LX,Italy,Switzerland,18,42,18
AF,Italy,Indonesia,0,1,0
KL,Spain,Italy,7,9,7
U2,Italy,Israel,18,9,18
AC,France,Canada,1,1,1
KS,Romania,Romania,3,0,3
UA,Colombia,Italy,1,0,1
SQ,Italy,Singapore,8,0,8
AR,Argentina,,0,2,0
TK,Turkey,Greece,1,0,1
LA,Brazil,,0,1,0
L6,Senegal,Mali,0,2,0
DE,Germany,Greece,0,3,0
FR,Italy,Ivory Coast,0,1,0
AF,Romania,United States,1,2,1
S4,Italy,Portugal,2,2,2
KL,Sweden,Italy,1,1,1
AZ,Italy,Ecuador,0,2,0
W6,Serbia,Italy,0,2,0
LH,United Kingdom,United States,5,1,5
LH,Italy,Peru,0,7,0
XK,France,Italy,0,1,0
UX,Spain,Mexico,2,0,2
LH,United States,Puerto Rico,0,1,0
LH,Colombia,Italy,1,0,1
LS,United Kingdom,Portugal,1,0,1
HX,Philippines,Hong Kong,1,0,1
OS,Austria,Croatia,1,0,1
BA,Germany,United States,3,9,3
LH,Italy,Austria,3,4,3
AK,Malaysia,United Arab Emirates,0,1,0
W6,Italy,Afghanistan,0,9,0
YW,Germany,Italy,0,3,0
5J,Philippines,Australia,1,0,1
V7,Italy,Japan,0,1,0
FR,Germany,Croatia,0,2,0
EW,Italy,Croatia,0,2,0
7C,Japan,Guam,1,0,1
UL,Italy,Sri Lanka,0,3,0
AI,Nepal,India,0,1,0
A3,France,Greece,1,0,1
AK,Singapore,Malaysia,0,2,0
W6,Greece,Albania,1,0,1
U2,Netherlands,Spain,1,1,1
TU,Senegal,Italy,0,4,0
TK,Italy,Mongolia,0,4,0
FR,Italy,Costa Rica,0,1,0
TK,Italy,Ecuador,0,1,0
LH,Netherlands,Italy,0,2,0
AA,Ecuador,United States,5,0,5
XJ,Japan,Thailand,0,1,0
LH,Germany,United Kingdom,1,1,1
KL,Italy,Croatia,0,1,0
VY,Italy,France,226,206,224
AD,Brazil,Brazil,0,13,0
OS,Italy,Netherlands,1,2,1
QF,Italy,United States,0,7,0
LA,Peru,Mexico,0,1,0
QR,Italy,Tanzania,4,0,4
LH,Netherlands,United States,1,0,1
"",Spain,Chile,3,0,3
BA,France,United Kingdom,11,0,11
AZ,Italy,South Korea,0,5,0
LO,France,Moldova,0,1,0
LH,Spain,Canada,1,0,1
BR,United Kingdom,Thailand,0,1,0
PC,Romania,Turkey,1,0,1
AF,Italy,Singapore,0,1,0
IB,Italy,Cuba,25,16,25
VY,Italy,United States,6,16,6
UX,Italy,Cuba,24,45,24
FR,France,United Kingdom,2,2,2
LH,Italy,South Korea,34,9,34
AZ,Italy,Malta,4,16,4
A3,Germany,Italy,0,3,0
A3,Croatia,Greece,0,1,0
FB,Netherlands,Italy,0,1,0
TU,United Arab Emirates,Tunisia,0,1,0
VY,Spain,Croatia,1,1,1
VJ,Vietnam,Thailand,0,1,0
CQ,Tanzania,Tanzania,1,0,1
TK,Lebanon,Turkey,1,0,1
VY,Argentina,Italy,7,10,7
FR,Italy,Latvia,4,7,4
EW,Portugal,Italy,0,6,0
VY,Senegal,Italy,0,3,0
KL,Germany,United States,4,3,4
U2,Germany,France,5,3,5
LA,Uruguay,Belgium,0,2,0
WS,Canada,Canada,0,2,0
UX,Brazil,Italy,0,1,0
W6,Albania,Greece,0,2,0
B6,Italy,United States,0,6,0
TP,Italy,Chile,0,1,0
LH,Republic of Ireland,Italy,1,0,1
PC,Italy,Kuwait,0,1,0
E5,Italy,Egypt,45,78,45
AY,Sweden,Finland,3,1,3
KL,Italy,United Kingdom,7,18,7
AC,Switzerland,Canada,0,3,0
LG,Germany,France,0,2,0
IZ,United Arab Emirates,Israel,1,2,1
TK,Turkey,Montenegro,0,2,0
T6,Philippines,Philippines,0,3,0
LO,Italy,Denmark,0,1,0
KL,Italy,Greece,1,0,1
3O,Italy,Morocco,70,25,69
AZ,Greece,Italy,6,7,6
UA,Switzerland,,0,5,0
TK,Italy,Venezuela,2,3,2
LX,Germany,Italy,1,3,1
OS,Italy,Poland,3,2,3
VY,Spain,Greece,1,0,1
TK,Mexico,Italy,1,1,1
TK,Slovenia,Turkey,0,2,0
AZ,Italy,Ivory Coast,0,1,0
LH,Italy,Namibia,2,2,2
SN,Nigeria,Italy,0,2,0
F3,Kuwait,Italy,0,3,0
GF,Italy,India,0,2,0
I2,France,Spain,3,0,3
VY,Italy,Colombia,2,0,2
JU,Italy,Montenegro,0,5,0
SN,Italy,Netherlands,0,2,0
S4,United States,Italy,0,1,0
FR,United Kingdom,Poland,0,1,0
JL,Japan,Taiwan,0,1,0
KL,Italy,Ecuador,2,2,2
KL,Belgium,Romania,0,1,0
HV,Slovenia,Netherlands,1,0,1
"",Colombia,Peru,1,0,1
U2,Italy,Portugal,171,50,169
ET,Italy,Kenya,8,6,8
LH,Germany,,0,1,0
QR,Romania,Indonesia,1,1,1
AM,Argentina,Spain,0,1,0
LA,Brazil,United Kingdom,0,1,0
EI,Republic of Ireland,Switzerland,1,1,1
AF,United Kingdom,United States,0,2,0
FR,Hungary,Germany,1,0,1
LH,United States,Dominican Republic,0,1,0
AF,Germany,Algeria,1,0,1
BA,United States,France,1,0,1
RJ,Jordan,Italy,4,1,4
KL,Italy,El Salvador,0,1,0
SN,Denmark,Italy,3,0,3
IB,Spain,Chile,1,0,1
LH,Austria,Canada,0,2,0
CM,Nicaragua,Italy,0,1,0
KL,France,,0,1,0
LX,Italy,Germany,10,25,10
CX,Italy,Indonesia,1,1,1
FR,Italy,Western Sahara,0,1,0
LH,Switzerland,United States,0,1,0
RJ,Italy,Jordan,1,7,1
FZ,United Arab Emirates,Israel,2,0,2
LH,Spain,Germany,0,1,0
UG,Tunisia,Italy,0,2,0
VY,Italy,Ecuador,0,1,0
BA,United Kingdom,Barbados,1,0,1
TP,France,Morocco,0,2,0
U2,Netherlands,Germany,2,0,2
ET,United Arab Emirates,Seychelles,1,0,1
YS,Tanzania,Kenya,1,0,1
CM,Costa Rica,Mexico,1,0,1
WY,Italy,New Zealand,0,1,0
EK,Indonesia,Switzerland,1,0,1
TU,Italy,Niger,0,1,0
WY,Italy,Oman,1,2,1
6E,India,Italy,0,3,0
FR,Portugal,Netherlands,1,0,1
AZ,Italy,Republic of Ireland,0,1,0
FR,Germany,Germany,0,1,0
AZ,Italy,Taiwan,0,1,0
LX,Italy,India,1,0,1
AZ,Italy,Kuwait,0,1,0
G3,Uruguay,Italy,0,2,0
Z0,United States,United Kingdom,0,1,0
OZ,Italy,Vietnam,0,1,0
Z0,United Kingdom,United States,1,1,1
TP,France,Portugal,1,1,1
DE,Portugal,Armenia,1,0,1
LO,Italy,Azerbaijan,1,3,1
KM,Italy,Germany,0,3,0
LH,Netherlands,Ecuador,0,2,0
E9,Spain,Dominican Republic,0,6,0
2W,Spain,Mexico,0,7,0
AF,Italy,Mauritius,4,15,4
FR,France,Argentina,0,1,0
AF,Norway,Italy,2,0,2
CM,Colombia,Italy,0,1,0
EY,Qatar,United Arab Emirates,0,2,0
AF,Netherlands,Italy,1,0,1
SV,Italy,Singapore,2,1,2
AY,Germany,Thailand,0,1,0
KL,Germany,,0,1,0
V7,Italy,Sweden,0,1,0
HU,Italy,China,0,12,0
LX,Italy,United Kingdom,10,14,10
K6,Cambodia,Vietnam,0,5,0
ET,Kenya,Italy,1,0,1
FR,Israel,Italy,3,1,3
W9,Spain,United Kingdom,1,0,1
U2,Cyprus,Italy,3,0,3
EN,Italy,Argentina,0,2,0
U2,Spain,United Kingdom,0,2,0
AI,France,India,0,1,0
BA,Luxembourg,United Kingdom,1,0,1
U2,Denmark,Italy,1,0,1
AF,France,Italy,58,79,57
OS,Italy,Austria,69,95,68
BA,Italy,South Africa,0,1,0
TK,Mauritius,Italy,0,2,0
W6,Israel,Bulgaria,2,0,2
ET,Ethiopia,Italy,0,7,0
AA,United States,Colombia,1,0,1
F3,Saudi Arabia,Saudi Arabia,0,2,0
UX,Italy,Uruguay,0,1,0
LJ,South Korea,South Korea,1,4,1
OS,Italy,Cyprus,2,0,2
FR,Spain,,0,2,0
AV,Chile,Spain,0,2,0
DE,Mexico,Italy,1,0,1
HY,Uzbekistan,Uzbekistan,0,1,0
FZ,Maldives,Italy,0,1,0
LH,Germany,France,1,0,1
AV,Spain,Chile,1,0,1
UX,United States,Italy,2,1,2
IB,Argentina,Spain,1,2,1
JU,Cyprus,Italy,2,0,2
AK,Malaysia,Indonesia,0,4,0
AA,United States,Mexico,6,0,6
LH,Portugal,Canada,0,1,0
TK,Greece,Turkey,1,0,1
5W,Albania,United Arab Emirates,1,1,1
FI,Iceland,Iceland,0,1,0
FD,Thailand,Malaysia,0,2,0
TK,Romania,Indonesia,0,1,0
AT,Ghana,Italy,0,1,0
AV,Colombia,Colombia,7,7,7
SQ,Singapore,United States,0,1,0
LX,Italy,Cuba,2,12,2
LG,Luxembourg,Italy,0,9,0
UA,Italy,French Polynesia,0,1,0
U2,Netherlands,Croatia,1,0,1
AP,Italy,Cape Verde,0,3,0
TK,France,Turkey,1,4,1
KL,Italy,Faroe Islands,0,1,0
TK,Japan,Italy,1,1,1
OG,Sweden,Canada,0,1,0
BA,United Kingdom,Netherlands,1,0,1
BA,Romania,The Bahamas,1,0,1
LH,South Korea,Italy,2,1,2
U2,Italy,Germany,93,9,92
KL,United Kingdom,Italy,8,1,8
W6,Italy,Estonia,6,3,6
5J,Philippines,Singapore,1,0,1
KL,Italy,France,3,0,3
LX,Italy,Argentina,0,3,0
W6,Italy,Norway,0,3,0
VB,Mexico,Colombia,0,1,0
SQ,Italy,Hong Kong,2,0,2
NO,Maldives,Italy,1,1,1
AC,Italy,Martinique,0,1,0
MK,Mauritius,Italy,1,0,1
MS,Italy,Madagascar,0,1,0
HV,Spain,Belgium,1,1,1
AA,United States,United States,46,0,46
V7,Italy,Spain,26,38,26
LJ,South Korea,Japan,2,2,2
FR,Germany,Portugal,3,1,3
FR,Italy,Brazil,0,4,0
FR,Italy,Jersey,0,1,0
SN,Belgium,Denmark,2,0,2
"",Italy,Chile,2,0,2
KL,Luxembourg,Finland,1,0,1
5F,France,Moldova,0,1,0
BA,Switzerland,United Kingdom,0,1,0
DV,Turkey,Kazakhstan,0,1,0
EI,Italy,Republic of Ireland,20,41,20
G9,Italy,Sri Lanka,17,22,17
W6,Hungary,Turkey,1,0,1
BJ,Tunisia,Turkey,0,2,0
W6,Poland,United Kingdom,1,3,1
GF,United Arab Emirates,Italy,0,1,0
LH,Spain,New Zealand,0,2,0
VY,Spain,Portugal,3,1,3
MM,Japan,South Korea,0,1,0
KU,United Arab Emirates,Italy,1,0,1
LX,Brazil,Italy,1,0,1
QR,Italy,Sri Lanka,5,2,5
UA,United States,Italy,6,6,6
AZ,Italy,Moldova,0,2,0
KQ,Senegal,Tanzania,6,1,6
V7,Spain,Spain,3,2,3
OS,Italy,United States,2,5,2
KL,Italy,Brazil,3,3,3
U2,United Kingdom,Portugal,1,0,1
UL,Sri Lanka,United Arab Emirates,0,1,0
AT,Tunisia,Cape Verde,1,0,1
AZ,Germany,Italy,5,36,5
AY,Singapore,Italy,2,1,2
DE,Italy,Maldives,2,0,2
DY,Italy,,0,4,0
PR,Philippines,Japan,0,4,0
W6,Italy,Moldova,0,1,0
LH,Sweden,Italy,4,1,4
HV,France,Tunisia,4,1,4
JU,Turkey,Italy,3,0,3
KE,Peru,Italy,0,1,0
AI,France,Japan,0,1,0
SN,Belgium,United Kingdom,0,1,0
3O,Belgium,Morocco,1,1,1
BT,Italy,United Arab Emirates,0,1,0
LS,Italy,United Kingdom,19,7,19
SK,Italy,Denmark,11,24,11
AY,Italy,Dominican Republic,0,1,0
UP,The Bahamas,Turks and Caicos Islands,0,1,0
W6,Germany,Romania,2,1,2
BA,United Kingdom,United States,3,3,3
PC,Italy,India,0,2,0
TX,France,Guadeloupe,0,1,0
OU,Germany,Croatia,0,1,0
NO,Canada,Italy,1,0,1
LX,Italy,Austria,1,1,1
CM,Ecuador,Panama,0,3,0
AZ,Argentina,Italy,11,18,11
VY,Netherlands,Spain,7,2,7
8B,Indonesia,,0,1,0
5J,Philippines,Hong Kong,2,1,2
OZ,Thailand,South Korea,0,2,0
CZ,Italy,United States,0,1,0
CM,Mexico,Uruguay,0,1,0
DY,Denmark,Sweden,0,1,0
S4,United Kingdom,Portugal,0,2,0
SK,Spain,United States,1,0,1
AZ,Morocco,Italy,0,3,0
YL,Libya,Italy,0,1,0
AZ,United States,Italy,17,13,17
AY,Italy,Iceland,22,7,22
AH,Italy,Algeria,0,13,0
FI,United States,United Kingdom,0,2,0
KL,Italy,Mexico,4,2,4
EY,Sri Lanka,Italy,2,0,2
BF,United States,Italy,0,4,0
BA,Italy,Bermuda,0,1,0
KL,Italy,Bonaire,2,0,2
UK,India,Sri Lanka,1,0,1
FR,Sweden,Sweden,0,2,0
OZ,Turkey,South Korea,1,0,1
FR,United Kingdom,Denmark,1,0,1
FR,Netherlands,,0,1,0
FZ,Italy,Maldives,4,12,4
BA,Barbados,United Kingdom,2,0,2
DY,Germany,Italy,0,1,0
G9,Sri Lanka,Italy,1,0,1
OS,Italy,Serbia,1,0,1
LH,Austria,Germany,0,1,0
W6,Austria,Armenia,1,1,1
VY,France,Spain,19,6,19
FR,Italy,United States,0,7,0
XJ,Thailand,Australia,0,1,0
AF,Italy,Tunisia,1,0,1
EY,Germany,Thailand,1,0,1
EI,Republic of Ireland,United Kingdom,1,0,1
LH,United States,,0,2,0
AA,United States,Spain,1,0,1
LH,France,,0,1,0
AF,Switzerland,United States,0,2,0
LO,Moldova,United States,0,1,0
AI,Italy,South Korea,0,1,0
