carrier,origin_country,destination_country,clicks_travix,clicks_competitor,clicks_airlines
AZ,Italy,Italy,570,1484,564
FR,Italy,Italy,3526,6667,3491
NO,Italy,Egypt,73,29,72
FR,Italy,Spain,1765,3330,1748
AZ,Italy,United States,200,793,198
NO,Italy,Spain,19,29,19
LA,Italy,Brazil,22,32,22
FR,Italy,Morocco,140,271,139
TU,Italy,Tunisia,0,75,0
NO,Spain,Italy,9,3,9
JU,Italy,Serbia,48,29,48
LH,Italy,,0,69,0
IB,Italy,Spain,186,151,184
NO,Italy,United States,17,8,17
LA,Peru,Peru,4,12,4
AZ,Italy,,0,62,0
FR,Italy,Greece,529,850,524
VY,Italy,Brazil,0,1,0
SM,Egypt,Italy,9,31,9
AR,Argentina,Argentina,0,7,0
KL,Italy,Dominican Republic,3,5,3
V7,Italy,Italy,922,947,913
W6,Italy,United Arab Emirates,54,130,53
U2,Italy,Spain,800,122,792
AZ,Italy,Tunisia,6,54,6
AZ,United States,Italy,11,12,11
FR,Italy,Malta,344,597,341
QR,Italy,,0,13,0
G3,Brazil,Brazil,0,41,0
UG,Tunisia,Italy,0,4,0
FR,Italy,France,304,560,301
FR,Spain,Italy,370,376,366
KU,Italy,India,2,6,2
AF,Italy,United States,84,65,83
AZ,Tunisia,Italy,4,5,4
LX,Italy,,0,22,0
LA,Colombia,Colombia,22,7,22
TK,Italy,,0,11,0
AT,Italy,Morocco,55,121,54
TU,Tunisia,Italy,0,7,0
FR,Italy,Poland,91,143,90
EY,Italy,,12,6,12
FR,Italy,United Kingdom,507,669,502
JU,Serbia,Italy,20,10,20
B6,United States,United States,0,32,0
UG,Italy,Tunisia,0,6,0
DX,Italy,Italy,0,115,0
AZ,Italy,Morocco,10,27,10
KL,Italy,,16,8,16
KL,Italy,United States,38,52,38
MS,Egypt,Egypt,0,27,0
AS,United States,United States,0,15,0
TG,Thailand,Thailand,14,16,14
W6,Italy,Egypt,99,153,98
EI,Italy,United States,19,7,19
FR,Italy,Romania,61,165,60
FR,Italy,Jordan,20,35,20
FR,Italy,Germany,185,264,183
BA,Italy,Japan,0,0,0
MS,Italy,Egypt,0,56,0
AT,Morocco,Jordan,0,4,0
LH,Italy,United States,137,147,136
TP,Italy,Brazil,27,143,27
EK,Italy,,0,3,0
TP,Italy,United States,9,41,9
NO,Italy,Dominican Republic,4,12,4
BR,Indonesia,Italy,0,3,0
LA,Italy,,0,0,0
JU,Italy,Egypt,0,9,0
AF,Italy,,2,8,2
LX,Italy,United States,45,89,45
IB,Portugal,Italy,10,8,10
AZ,Italy,Egypt,3,33,3
KM,Malta,Italy,0,21,0
W6,Italy,Serbia,7,10,7
QR,Italy,Qatar,0,0,0
FR,Italy,Portugal,245,419,243
AT,Morocco,Italy,9,36,9
U2,Italy,Italy,1943,235,1924
WY,Italy,Thailand,1,88,1
BR,Italy,,0,0,0
JL,Italy,Japan,2,1,2
AZ,Italy,Japan,27,69,27
W6,Italy,Greece,208,347,206
JU,Egypt,Italy,0,9,0
IB,Portugal,Spain,2,6,2
IB,Italy,United States,29,76,29
AZ,Italy,Mexico,0,43,0
QR,Italy,Australia,3,11,3
GQ,Greece,Greece,24,23,24
WY,Italy,,0,0,0
IB,Spain,France,1,2,1
LA,Italy,Argentina,3,8,3
SK,Italy,Canada,0,6,0
NO,Italy,India,0,1,0
V7,Italy,Greece,425,495,421
EY,Oman,Pakistan,0,0,0
FR,Spain,Spain,84,62,83
EW,Italy,Germany,148,108,147
PU,Spain,Peru,0,0,0
W4,Italy,Romania,218,308,216
WY,Italy,Malaysia,2,16,2
KL,France,,0,0,0
UA,United States,Italy,12,23,12
FR,Italy,Croatia,80,196,79
AV,Colombia,Italy,0,7,0
U8,Italy,Israel,0,0,0
TK,Italy,Turkey,108,196,107
NO,Egypt,Italy,7,1,7
JL,Italy,,0,8,0
UX,Spain,Spain,4,24,4
TU,France,Tunisia,0,3,0
TU,Tunisia,Germany,0,0,0
NO,Italy,Maldives,1,6,1
AY,Italy,United States,12,39,12
BR,Italy,Philippines,0,1,0
UA,Italy,,8,11,8
KU,Italy,Bangladesh,1,4,1
VS,France,,0,0,0
AZ,Egypt,Italy,6,11,6
MU,Vietnam,Italy,0,0,0
FR,Germany,Italy,76,95,75
EK,Italy,United States,115,26,114
4Z,South Africa,South Africa,1,3,1
NO,Italy,Madagascar,2,0,2
VN,Singapore,Vietnam,0,0,0
SM,Italy,Egypt,30,140,30
MU,Italy,Indonesia,0,4,0
JU,Turkey,Italy,4,0,4
JL,Thailand,United States,0,0,0
EK,Italy,Indonesia,25,16,25
QR,Italy,Vietnam,2,10,2
EY,Switzerland,Japan,0,0,0
FR,Germany,Spain,7,14,7
FR,Italy,Hungary,75,146,74
CI,United States,,0,0,0
U2,Italy,France,730,123,723
EY,Thailand,Italy,5,8,5
ID,Singapore,Indonesia,0,0,0
CA,Indonesia,Italy,0,1,0
VA,Australia,Australia,7,5,7
LH,Italy,Guatemala,0,1,0
2W,Mexico,Spain,0,0,0
PC,Italy,Egypt,1,4,1
WY,Italy,Australia,0,9,0
IB,Italy,Dominican Republic,3,4,3
UK,India,Germany,1,1,1
LY,Italy,Israel,22,9,22
1L,Italy,Iceland,0,0,0
AZ,Morocco,Italy,3,0,3
BA,Italy,United States,195,160,193
SN,Italy,United States,0,10,0
AF,Italy,Vietnam,0,0,0
AF,Italy,Madagascar,2,7,2
FR,Belgium,Italy,49,48,49
UK,India,India,0,3,0
IB,Brazil,Italy,1,0,1
NO,Mexico,Italy,3,1,3
MH,Indonesia,Italy,0,1,0
LH,Italy,Turkey,8,9,8
CZ,Italy,Malaysia,0,1,0
QR,Bangladesh,United Kingdom,0,1,0
FR,France,Italy,66,60,65
IB,Italy,Costa Rica,9,7,9
FR,Italy,Cyprus,20,41,20
QR,Tanzania,Italy,0,3,0
LY,Hungary,Israel,1,2,1
FR,Portugal,Italy,52,63,51
TK,Italy,United States,12,7,12
JU,Spain,Italy,0,0,0
AZ,Italy,Indonesia,0,3,0
OU,Netherlands,Croatia,0,1,0
JU,Bosnia and Herzegovina,Portugal,0,0,0
S4,Portugal,Portugal,0,4,0
QR,Germany,Pakistan,1,1,1
LH,Italy,Mexico,1,6,1
QR,Tunisia,Vietnam,0,0,0
BR,Austria,Thailand,0,3,0
AF,Italy,Panama,1,2,1
TU,Tunisia,Turkey,0,2,0
U2,Italy,Netherlands,259,73,256
AZ,Italy,Algeria,2,3,2
CY,Egypt,,0,0,0
Z2,Philippines,Philippines,0,5,0
AY,Finland,Finland,7,3,7
SK,Italy,Iceland,6,48,6
KL,Italy,Costa Rica,0,3,0
QR,Italy,Pakistan,0,0,0
UX,Italy,,0,0,0
KU,Italy,,0,0,0
FR,Italy,Finland,20,28,20
AF,Italy,Mexico,10,9,10
JL,United Kingdom,Japan,0,0,0
U2,Italy,Greece,491,88,486
AZ,Germany,Italy,6,16,6
VY,Portugal,Spain,2,9,2
W6,Italy,Jordan,32,34,32
LO,Poland,Poland,0,0,0
KL,Canada,Italy,1,0,1
IB,Italy,Guatemala,0,4,0
PG,Thailand,Thailand,30,21,30
UX,Colombia,Italy,0,4,0
EK,Italy,Philippines,6,6,6
FR,Italy,Netherlands,37,80,37
AZ,Italy,India,6,19,6
AH,Italy,Algeria,0,8,0
EY,Italy,Indonesia,28,53,28
EI,Italy,,0,0,0
PR,Philippines,Philippines,4,12,4
IB,Morocco,Italy,1,2,1
ET,Italy,Democratic Republic of the Congo,1,0,1
LA,Chile,Chile,0,2,0
FR,Spain,Portugal,2,9,2
PW,Tanzania,Tanzania,0,3,0
U2,Italy,United Kingdom,242,42,240
PR,United Arab Emirates,Hong Kong,0,0,0
IB,Italy,Peru,26,49,26
IB,Spain,Italy,65,29,64
IB,Italy,Portugal,3,25,3
AM,United States,Mexico,0,0,0
WT,Spain,Spain,0,5,0
1L,Italy,Germany,0,4,0
EK,United States,Italy,4,2,4
IB,Spain,United Kingdom,0,3,0
AT,Italy,,0,4,0
DY,Norway,Italy,0,48,0
IB,France,Italy,0,1,0
VS,France,United States,0,5,0
RJ,Italy,Jordan,4,14,4
QR,Thailand,Italy,11,6,11
BR,Italy,Indonesia,0,11,0
JU,Italy,Turkey,10,15,10
EK,Morocco,Indonesia,0,0,0
AD,Italy,Brazil,0,5,0
EY,Italy,Thailand,12,24,12
SN,Italy,,0,2,0
AZ,Italy,Costa Rica,0,4,0
AZ,Italy,Philippines,0,7,0
TP,Brazil,Italy,4,73,4
AC,Italy,United States,18,25,18
LH,Italy,Nigeria,2,11,2
FR,Italy,Belgium,109,165,108
TP,Italy,,0,22,0
G3,Argentina,Brazil,0,1,0
AH,Italy,Ivory Coast,0,3,0
KM,Switzerland,Malta,0,0,0
SK,France,United States,1,1,1
FR,Greece,Italy,60,61,59
ET,Italy,Niger,0,0,0
EY,United Arab Emirates,Qatar,0,1,0
UX,Switzerland,Peru,0,0,0
PC,Italy,Turkey,100,102,99
A3,Italy,Turkey,0,4,0
BR,Philippines,Belgium,0,0,0
WY,India,Saudi Arabia,0,0,0
LA,Peru,Brazil,2,0,2
VS,Netherlands,United States,0,0,0
JU,Montenegro,Italy,0,1,0
AF,Italy,Mauritius,0,7,0
IB,Italy,Argentina,22,2,22
EK,United Arab Emirates,,0,0,0
TP,Portugal,Portugal,0,2,0
FR,Italy,Bulgaria,28,59,28
AD,Brazil,Italy,0,18,0
LF,United States,United States,0,3,0
NO,Italy,Senegal,26,16,26
UX,Italy,United States,1,1,1
QR,India,United Kingdom,1,3,1
NO,United States,Italy,4,5,4
AC,United States,Canada,0,11,0
FR,Bulgaria,Italy,15,11,15
1L,Italy,France,0,0,0
W4,Austria,Spain,2,1,2
LH,Germany,Italy,46,65,46
CA,Greece,China,2,0,2
EK,Australia,Italy,2,7,2
AK,Singapore,,0,7,0
SV,United Arab Emirates,Egypt,0,5,0
FR,Croatia,Republic of Ireland,2,0,2
SN,Burkina Faso,Italy,0,2,0
LH,Greece,United States,0,1,0
QR,Italy,Malaysia,4,4,4
W6,Israel,Greece,0,1,0
XZ,Italy,Republic of Ireland,0,1,0
XY,Saudi Arabia,Saudi Arabia,0,1,0
SQ,South Korea,Italy,0,1,0
JU,Croatia,Romania,1,0,1
FR,Israel,Italy,7,2,7
VZ,Thailand,Thailand,0,30,0
AZ,Italy,Ethiopia,1,0,1
RJ,Italy,Thailand,0,12,0
NO,Senegal,Italy,6,1,6
AF,France,Guadeloupe,0,3,0
7C,South Korea,South Korea,2,2,2
UX,Spain,Colombia,1,0,1
LS,United Kingdom,Croatia,0,1,0
EI,Germany,Republic of Ireland,0,3,0
TR,Philippines,Italy,0,1,0
AZ,Albania,Italy,2,0,2
JQ,Indonesia,Australia,2,0,2
3U,China,China,0,4,0
DE,Italy,Maldives,0,1,0
OS,Italy,Germany,4,17,4
GF,Pakistan,Italy,0,3,0
KQ,Kenya,Madagascar,1,0,1
AK,Thailand,Italy,0,4,0
U2,United Kingdom,United Kingdom,3,4,3
PC,Belgium,Albania,1,0,1
SK,Italy,Thailand,0,9,0
LH,Romania,Italy,0,1,0
BA,Germany,Mexico,2,0,2
KL,Italy,Norway,4,0,4
CM,United States,Brazil,0,1,0
SK,Italy,Turkey,2,1,2
LA,United Kingdom,Brazil,0,1,0
MS,Egypt,Albania,0,5,0
SV,Italy,Kenya,1,27,1
G9,Italy,United Arab Emirates,0,8,0
ZG,United States,Japan,1,1,1
6E,Thailand,Italy,0,3,0
AF,Italy,Germany,3,0,3
U2,Luxembourg,Italy,6,4,6
FI,Switzerland,United States,0,3,0
3L,Egypt,Azerbaijan,0,1,0
CX,Italy,,0,1,0
IB,Morocco,Spain,2,1,2
FR,Lithuania,Germany,0,1,0
"",Chile,Spain,1,0,1
Y4,United States,Mexico,0,1,0
SQ,Greece,Australia,1,0,1
UX,Italy,Dominican Republic,7,17,7
FR,France,Republic of Ireland,2,1,2
TU,Italy,Niger,0,4,0
LX,Italy,United Arab Emirates,8,4,8
GF,Italy,Philippines,0,12,0
NO,Italy,,0,7,0
NH,Italy,Japan,0,2,0
DE,Italy,Georgia,0,2,0
AZ,Italy,Saudi Arabia,0,4,0
FR,Croatia,Italy,19,12,19
TK,Italy,Malaysia,3,8,3
W4,Italy,Sweden,1,7,1
FR,Spain,United States,0,1,0
VY,Croatia,Italy,4,5,4
HT,Italy,Turkey,0,1,0
TP,Morocco,Italy,0,2,0
AC,Mexico,Italy,0,1,0
AZ,Italy,Montenegro,0,1,0
B6,United States,Italy,0,2,0
SK,Spain,Sweden,2,0,2
A3,Greece,Malta,1,0,1
G3,Argentina,Germany,0,1,0
YL,Tunisia,Libya,0,1,0
PC,Belgium,Kuwait,1,0,1
W6,Malta,Romania,0,1,0
AT,Italy,Burkina Faso,2,3,2
DL,United States,Italy,12,0,12
B0,Italy,United States,0,2,0
AF,Brazil,Italy,0,4,0
EK,New Zealand,Australia,1,1,1
KE,Italy,Cambodia,1,1,1
GF,Italy,Pakistan,0,1,0
TG,Japan,Thailand,0,1,0
LA,Italy,Colombia,0,5,0
RA,United Arab Emirates,Nepal,0,1,0
TK,Italy,Egypt,7,14,7
U2,Denmark,Italy,7,4,7
LH,Germany,Thailand,3,0,3
LA,Italy,Peru,1,4,1
E9,Cuba,Italy,0,10,0
EK,United Arab Emirates,Maldives,0,1,0
MH,Italy,Indonesia,0,2,0
"",Spain,Chile,1,0,1
U2,Italy,Martinique,0,1,0
DT,Mozambique,Italy,0,1,0
U2,Switzerland,France,1,0,1
EK,Italy,Maldives,12,9,12
OS,Italy,United Arab Emirates,0,2,0
AF,Italy,Norway,3,1,3
TW,South Korea,Thailand,2,0,2
EY,Germany,Pakistan,0,7,0
DY,Italy,Finland,0,2,0
FR,Italy,Canada,0,2,0
AZ,Italy,Israel,4,7,4
EK,Italy,Bangladesh,2,1,2
OG,Iceland,Spain,1,0,1
EK,United Arab Emirates,Seychelles,0,1,0
FZ,Italy,Nepal,0,2,0
DY,Sweden,Italy,0,5,0
KL,Italy,Peru,5,3,5
SK,Italy,Germany,0,3,0
AC,Switzerland,Canada,1,0,1
LH,France,Thailand,1,0,1
UL,Sri Lanka,Maldives,1,0,1
VJ,Singapore,Vietnam,0,1,0
SK,Norway,Germany,0,1,0
A3,Greece,Albania,1,2,1
1L,Turkey,Thailand,0,8,0
EK,Italy,Singapore,1,3,1
EY,Italy,South Korea,0,3,0
K6,Cambodia,Cambodia,0,1,0
AF,France,China,3,2,3
RO,Moldova,Czech Republic,0,1,0
VY,Italy,Portugal,2,9,2
SN,Italy,Mexico,0,2,0
MS,Bangladesh,Finland,0,1,0
A3,France,Greece,2,0,2
TF,Sweden,Sweden,0,1,0
MU,Italy,Thailand,0,1,0
PC,Italy,Iraq,1,0,1
W6,Italy,,0,43,0
PC,Italy,Lebanon,2,6,2
IZ,Israel,Greece,0,1,0
UX,Spain,Netherlands,0,2,0
W4,Italy,Thailand,0,4,0
FR,Belgium,,0,1,0
SN,Italy,Benin,1,0,1
AF,Morocco,Italy,0,2,0
EW,Spain,Hungary,1,0,1
IB,Germany,Costa Rica,0,2,0
KM,France,Italy,0,1,0
AF,Italy,Martinique,0,1,0
MU,China,China,0,1,0
8D,United Arab Emirates,Sri Lanka,0,1,0
BZ,Israel,Greece,0,2,0
FR,France,Spain,2,5,2
NO,Italy,Israel,1,0,1
EY,Austria,United Arab Emirates,0,1,0
V7,Italy,Serbia,0,1,0
KE,Italy,Thailand,1,0,1
OA,Greece,Greece,6,5,6
AZ,France,Italy,5,20,5
FR,Republic of Ireland,France,2,1,2
G3,Brazil,,0,1,0
W6,Netherlands,Italy,13,13,13
NP,Egypt,Italy,0,9,0
MU,Italy,New Zealand,0,4,0
FR,United Kingdom,Poland,0,5,0
E9,Spain,Cuba,5,3,5
TX,France,Réunion,1,0,1
FR,Italy,Moldova,0,6,0
W4,Italy,The Gambia,0,1,0
JU,Italy,Montenegro,1,3,1
EY,Australia,Italy,0,2,0
KL,Poland,Italy,1,0,1
TR,Madagascar,,0,1,0
LH,Italy,Japan,27,86,27
SV,Morocco,Saudi Arabia,0,1,0
BA,Italy,Barbados,1,1,1
FR,Italy,Philippines,0,1,0
V7,Italy,Denmark,1,1,1
AH,Algeria,Algeria,0,1,0
LJ,South Korea,Switzerland,0,1,0
LH,Spain,Canada,0,1,0
LG,Italy,Czech Republic,0,1,0
SA,South Africa,Zimbabwe,0,1,0
EY,Bangladesh,Italy,0,1,0
U2,Italy,Georgia,0,1,0
LH,Italy,China,4,13,4
U2,Greece,Italy,101,4,100
IU,Indonesia,Indonesia,0,6,0
DL,United States,United States,57,0,56
WT,Spain,Italy,0,3,0
AC,France,Canada,1,4,1
AF,Italy,South Africa,4,0,4
SG,India,United Arab Emirates,1,0,1
JL,Germany,Japan,2,0,2
LO,Czech Republic,Italy,0,2,0
JQ,Australia,New Zealand,1,0,1
H8,United States,Peru,0,1,0
FR,Belgium,United Kingdom,1,0,1
AY,Spain,Thailand,1,0,1
TP,Italy,Cape Verde,6,20,6
LO,Moldova,Poland,0,2,0
NH,Mexico,United States,0,1,0
SN,Poland,Belgium,1,0,1
AF,Denmark,Netherlands,0,1,0
TK,Italy,Nepal,0,2,0
FH,Germany,Turkey,1,0,1
TP,Venezuela,Spain,0,1,0
CM,Costa Rica,Peru,1,1,1
DE,United States,Italy,1,3,1
LH,United States,Egypt,0,5,0
TK,Switzerland,Turkey,1,1,1
BT,Finland,Latvia,1,0,1
V7,France,Morocco,0,1,0
IB,Spain,Morocco,1,0,1
OS,Poland,France,1,0,1
MS,Bangladesh,Italy,0,1,0
LH,Spain,United States,0,1,0
LH,Colombia,Germany,0,1,0
MS,Egypt,Canada,0,1,0
WS,France,Canada,1,1,1
BA,Poland,Sri Lanka,0,1,0
DD,Thailand,Thailand,7,14,7
TP,Morocco,Portugal,0,1,0
W4,Italy,Georgia,1,3,1
AY,Italy,Iceland,1,2,1
QZ,Indonesia,Singapore,0,3,0
SQ,Indonesia,Turkey,1,0,1
LO,Italy,United States,0,2,0
W9,Italy,Spain,0,1,0
V7,Italy,United Arab Emirates,0,1,0
TK,Malta,Turkey,0,1,0
AF,Spain,Germany,1,0,1
LX,Thailand,Italy,2,5,2
MS,Italy,Eritrea,0,3,0
OS,Italy,,0,7,0
BT,France,Estonia,2,0,2
TR,Madagascar,Madagascar,0,3,0
LH,Finland,Italy,2,1,2
AD,Brazil,France,0,2,0
KL,Italy,Indonesia,0,5,0
FI,Switzerland,Iceland,0,3,0
SV,Italy,Bangladesh,0,2,0
TK,Italy,South Korea,0,2,0
EW,Germany,Denmark,1,0,1
"",Germany,Italy,0,5,0
6E,Italy,Indonesia,0,3,0
SK,Lithuania,Italy,2,0,2
DY,Norway,Sweden,0,1,0
FR,Luxembourg,Portugal,1,0,1
UX,Italy,Spain,4,31,4
V7,Italy,France,126,119,125
AF,Italy,Morocco,3,9,3
JU,Italy,Greece,1,11,1
MS,Italy,Uganda,0,2,0
UX,Italy,Panama,1,3,1
BY,United Kingdom,Italy,4,5,4
DD,Thailand,Italy,0,1,0
LH,Hungary,Germany,1,1,1
AF,Georgia,Italy,1,0,1
FR,Poland,United Kingdom,1,0,1
5J,Philippines,Thailand,1,1,1
GQ,Italy,,0,1,0
EY,Maldives,Sri Lanka,0,1,0
FR,Italy,Sweden,16,89,16
VY,Italy,United Kingdom,42,9,42
EK,Italy,Nepal,0,1,0
LH,Italy,Indonesia,0,2,0
DY,United Kingdom,Finland,0,1,0
U2,Denmark,Netherlands,2,0,2
Z0,United Kingdom,United States,5,1,5
FR,Italy,Luxembourg,2,12,2
KL,Italy,India,0,1,0
SN,Italy,South Africa,0,1,0
WJ,Peru,Argentina,0,1,0
OR,Aruba,Netherlands,3,0,3
WS,Canada,Canada,0,4,0
TK,Italy,Jordan,9,7,9
VY,Italy,Lebanon,2,0,2
VB,Mexico,United States,0,1,0
SK,Sweden,Switzerland,2,0,2
EK,Germany,Indonesia,0,1,0
RQ,Afghanistan,Germany,0,2,0
KL,Netherlands,Germany,1,0,1
FR,Italy,Australia,0,4,0
9R,Colombia,Colombia,0,2,0
AZ,Italy,Greece,9,54,9
LO,Italy,Turkey,0,7,0
F3,Jordan,Saudi Arabia,0,7,0
CA,Taiwan,Italy,0,4,0
VY,Italy,United States,6,8,6
BF,United States,France,2,0,2
FR,Spain,Luxembourg,0,1,0
U2,Portugal,Switzerland,1,0,1
A3,France,Egypt,0,1,0
TK,Turkey,Turkey,22,10,22
TK,Jordan,Serbia,0,1,0
DY,Denmark,Italy,0,7,0
LX,Italy,Luxembourg,2,3,2
G9,Italy,Bangladesh,7,4,7
AC,United States,Mexico,0,1,0
OS,Germany,Italy,6,2,6
UA,Mexico,United States,3,0,3
AK,Thailand,Malaysia,0,3,0
EK,Slovenia,Indonesia,0,2,0
YW,Italy,Spain,0,1,0
SN,Italy,Rwanda,2,0,2
AI,United Arab Emirates,India,0,1,0
QR,Italy,Seychelles,1,14,1
TP,Portugal,Spain,1,1,1
HV,France,Italy,27,6,27
LO,Italy,India,0,6,0
FR,United Kingdom,Hungary,0,1,0
SM,Egypt,Albania,0,5,0
JQ,Japan,Australia,1,0,1
FR,Cyprus,Greece,1,0,1
LO,Italy,Latvia,0,1,0
SN,Switzerland,Belgium,1,0,1
W4,Italy,Estonia,9,14,9
W4,Albania,Germany,0,4,0
U2,Israel,Italy,12,0,12
W6,Italy,Philippines,0,5,0
LH,United Arab Emirates,Germany,1,0,1
W4,Spain,Albania,2,0,2
OR,Spain,Netherlands,2,0,2
AV,Puerto Rico,Spain,0,1,0
FR,Italy,Indonesia,0,2,0
DY,Denmark,Norway,0,3,0
LX,Germany,Switzerland,1,0,1
QR,Italy,Iran,1,2,1
TG,United Kingdom,Thailand,0,2,0
LH,Republic of Ireland,Italy,1,0,1
AY,Italy,India,4,1,4
EK,United States,United Arab Emirates,2,0,2
IZ,Israel,Israel,0,3,0
NE,Italy,Egypt,0,4,0
U2,Czech Republic,Netherlands,1,0,1
CA,Italy,Cambodia,0,1,0
LA,Brazil,United Kingdom,0,1,0
W4,Italy,Poland,1,13,1
TK,Italy,Iran,1,14,1
AV,Spain,Nicaragua,0,7,0
TP,Brazil,Portugal,0,1,0
SK,Norway,Italy,0,2,0
W6,Spain,Poland,1,0,1
TP,France,Morocco,0,1,0
CM,Panama,Switzerland,0,1,0
TK,Italy,Oman,2,1,2
ET,Italy,Nigeria,1,1,1
FR,Romania,Austria,1,1,1
LO,France,Romania,0,1,0
AC,Italy,Dominican Republic,0,1,0
Z0,United States,Italy,7,9,7
G9,Italy,Oman,1,1,1
LH,Italy,Turks and Caicos Islands,0,1,0
FR,Germany,Hungary,0,9,0
FZ,Tanzania,Italy,0,1,0
NO,Maldives,Italy,0,1,0
WE,Thailand,Thailand,2,3,2
W2,Italy,,0,1,0
TK,Italy,Colombia,0,2,0
AF,Switzerland,France,1,0,1
AM,Spain,Argentina,0,1,0
NO,Italy,China,2,0,2
AC,Argentina,Germany,0,1,0
A3,Italy,Greece,77,230,76
A3,Italy,Cyprus,3,5,3
CX,Indonesia,Switzerland,0,3,0
U2,Cyprus,Italy,4,1,4
AF,France,United States,2,5,2
KL,Spain,Italy,0,5,0
TK,Italy,Singapore,4,8,4
DL,United States,Aruba,1,0,1
CI,Italy,Japan,0,17,0
LH,Italy,Namibia,7,5,7
W6,Germany,Italy,0,2,0
SQ,Italy,Australia,19,5,19
W4,Estonia,Italy,1,2,1
5F,Italy,,0,2,0
AZ,Italy,Malaysia,0,5,0
JU,Republic of Macedonia,Italy,2,0,2
AF,France,Ivory Coast,0,1,0
U2,Italy,Romania,0,1,0
UO,Japan,Thailand,0,1,0
DY,Italy,Norway,0,77,0
FR,Italy,Norway,11,40,11
TK,Italy,Ethiopia,2,3,2
UA,France,United States,3,0,3
LH,Italy,Republic of Kosovo,0,1,0
JQ,Singapore,Indonesia,1,1,1
BA,Italy,The Bahamas,0,1,0
A3,Greece,Mexico,0,1,0
AF,France,Mexico,2,0,2
FR,France,Portugal,1,18,1
ZL,Australia,Australia,3,2,3
GF,Italy,India,0,5,0
FZ,Kazakhstan,Italy,0,7,0
EK,Malaysia,Italy,2,1,2
W4,Italy,Finland,0,4,0
DX,Italy,,0,2,0
TK,Nigeria,Italy,1,0,1
W4,Iceland,Romania,0,1,0
AV,Spain,Peru,1,0,1
EK,Philippines,Netherlands,1,0,1
XQ,Turkey,Italy,1,2,1
AI,India,Nepal,0,3,0
IB,Bolivia,Italy,0,1,0
FR,United Kingdom,Romania,1,0,1
I2,Italy,Spain,34,0,34
TK,Italy,Mali,1,3,1
TI*,Switzerland,Turkey,0,3,0
KL,Italy,Sweden,2,6,2
BA,Italy,Denmark,0,1,0
TK,Moldova,Turkey,0,2,0
EK,Italy,Vietnam,5,3,5
AZ,Italy,Martinique,0,1,0
G9,India,Italy,0,1,0
NK,United States,Italy,0,1,0
BA,Thailand,Italy,0,1,0
UX,Italy,Peru,2,19,2
AM,Italy,Guatemala,0,2,0
AV,Ecuador,Ecuador,3,0,3
AF,Italy,India,4,0,4
EY,Singapore,Italy,2,0,2
AF,Italy,Finland,0,3,0
LH,Germany,Belgium,1,0,1
SV,Germany,Thailand,0,1,0
KL,Ghana,Italy,0,1,0
SV,Italy,Mauritius,1,14,1
FR,Spain,Morocco,16,8,16
BA,Spain,United Kingdom,2,3,2
NO,Israel,Italy,0,2,0
AZ,Malta,Italy,1,1,1
DY,Norway,Denmark,0,2,0
UX,Italy,Guatemala,0,1,0
IB,Italy,Morocco,4,7,4
U2,Malta,Italy,11,0,11
ET,Italy,,0,6,0
5J,Philippines,Philippines,8,9,8
SV,Saudi Arabia,Saudi Arabia,0,2,0
AZ,Italy,Taiwan,0,3,0
VY,Spain,Netherlands,1,0,1
QZ,Indonesia,Thailand,0,1,0
MH,China,Malaysia,1,1,1
JT,Malaysia,Indonesia,0,1,0
FR,Hungary,Italy,25,51,25
XZ,Italy,Italy,718,55,711
H4,Italy,Moldova,0,38,0
FR,United Kingdom,Italy,121,118,120
U2,Czech Republic,Italy,8,0,8
QN,Australia,Australia,0,1,0
U2,Portugal,Portugal,10,0,10
AZ,Italy,Portugal,2,1,2
TU,Germany,Tunisia,0,3,0
KL,Italy,Portugal,3,6,3
U2,France,Morocco,2,0,2
PC,Iraq,Greece,0,2,0
AC,Italy,Argentina,0,2,0
TG,Thailand,Philippines,0,1,0
AT,United Kingdom,Morocco,0,1,0
BT,Italy,Norway,1,0,1
EW,Italy,Norway,0,2,0
KE,South Korea,Japan,0,1,0
G9,United Arab Emirates,Malaysia,2,0,2
U2,Spain,Switzerland,1,0,1
TA,Nepal,Nepal,0,1,0
W4,France,Italy,16,16,16
QR,Indonesia,Italy,7,1,7
LX,Egypt,Italy,1,1,1
LA,Spain,Argentina,0,1,0
BJ,France,Tunisia,1,1,1
SK,Greece,Italy,0,1,0
TP,France,Canada,0,1,0
UX,Italy,Brazil,6,8,6
TG,Thailand,Italy,0,3,0
FR,Italy,India,0,4,0
LO,Romania,Poland,0,1,0
ET,Italy,Eritrea,0,1,0
LX,Sweden,Italy,0,3,0
FR,Italy,Serbia,0,5,0
AF,Portugal,Italy,1,1,1
AC,Italy,Mexico,0,2,0
IB,Argentina,Italy,2,2,2
DT,Angola,Portugal,0,1,0
FR,Belgium,Bulgaria,0,1,0
LH,Italy,Belize,0,1,0
W6,Azerbaijan,Italy,0,1,0
TK,Burkina Faso,Italy,0,1,0
FZ,United Arab Emirates,Romania,0,1,0
TK,Republic of Kosovo,Turkey,1,0,1
AF,Denmark,Italy,1,3,1
EK,Thailand,Italy,6,7,6
OS,Italy,Croatia,0,6,0
FR,Italy,Slovakia,7,5,7
NK,United States,The Bahamas,0,1,0
AZ,Italy,Malta,5,26,5
ZG,Japan,United States,0,2,0
SK,United States,Italy,0,1,0
W6,Spain,Italy,0,4,0
AZ,Italy,Tanzania,0,2,0
DY,France,Norway,0,1,0
HV,Netherlands,Italy,18,4,18
F8,Canada,United States,0,2,0
ET,Tanzania,Italy,3,0,3
XZ,Italy,United Arab Emirates,0,1,0
XQ,Italy,Turkey,0,1,0
EK,Germany,Seychelles,1,1,1
AF,France,Kenya,0,1,0
LA,Colombia,United States,0,1,0
QR,United Arab Emirates,Italy,0,1,0
W4,Italy,Cyprus,5,14,5
AT,Italy,Mali,0,1,0
NO,Italy,Cape Verde,1,4,1
LH,Italy,Lithuania,4,2,4
FR,Spain,Germany,2,3,2
AF,Italy,Mali,0,4,0
AF,France,France,5,3,5
W6,Sweden,Poland,0,1,0
LH,Germany,Japan,2,2,2
DE,United States,Germany,0,2,0
VY,Switzerland,Spain,1,0,1
A3,Morocco,Greece,0,1,0
KL,Finland,Portugal,1,0,1
HM,Mauritius,Seychelles,0,1,0
U2,Netherlands,United Kingdom,1,0,1
RY,China,Italy,0,1,0
GQ,Italy,Greece,36,71,36
TK,Spain,Turkey,0,3,0
TK,Italy,Pakistan,0,4,0
SK,Italy,Lithuania,0,2,0
B6,United States,,0,2,0
LH,Germany,Greece,1,0,1
HV,Italy,Portugal,0,1,0
LH,France,Egypt,0,1,0
W4,Morocco,Italy,14,13,14
AF,Luxembourg,Italy,5,1,5
TK,Italy,Qatar,10,2,10
EK,Italy,New Zealand,0,2,0
FR,France,Senegal,0,1,0
TK,Ghana,Italy,2,1,2
W4,Montenegro,Italy,3,2,3
TP,Italy,Mexico,3,4,3
FR,Italy,Saint Barthélemy,0,1,0
LA,Argentina,Spain,0,1,0
VY,Italy,Honduras,0,1,0
TP,Brazil,Germany,2,0,2
A3,Lebanon,Italy,3,1,3
DE,Italy,United States,6,6,6
OS,Italy,Sweden,7,2,7
AZ,Italy,Republic of Macedonia,0,1,0
WY,Switzerland,Philippines,0,1,0
FR,Poland,Italy,31,29,31
IB,Peru,Italy,0,10,0
LH,Switzerland,Germany,0,1,0
OK,Albania,Czech Republic,0,1,0
FI,Germany,Iceland,3,0,3
TK,India,Morocco,0,1,0
EN,Italy,Georgia,0,1,0
TK,Slovenia,Namibia,0,1,0
E5,Egypt,Italy,11,22,11
EN,Italy,United States,0,3,0
G9,Italy,Nepal,1,2,1
TP,Italy,Ghana,0,1,0
TK,Italy,Mongolia,0,1,0
SK,Norway,Denmark,0,2,0
HC,Senegal,The Gambia,0,1,0
UU,Réunion,Madagascar,0,4,0
GM,Switzerland,Spain,1,3,1
OB,Bolivia,Bolivia,0,3,0
TP,Switzerland,Brazil,0,1,0
JT,Indonesia,Indonesia,0,16,0
F3,Saudi Arabia,United Arab Emirates,0,1,0
HV,France,France,2,0,2
LG,Italy,Luxembourg,6,8,6
TK,Italy,Azerbaijan,7,0,7
AH,Italy,Senegal,0,5,0
BA,Germany,United Kingdom,2,0,2
IB,Italy,Senegal,1,6,1
W6,Iceland,Italy,0,2,0
AZ,Albania,Spain,1,0,1
FR,Republic of Ireland,Belgium,0,2,0
PC,Iraq,Italy,0,1,0
AZ,Italy,Switzerland,4,24,4
EW,Spain,Italy,3,3,3
DL,Brazil,Italy,3,0,3
TX,France,United States,1,1,1
FR,Italy,Estonia,0,24,0
3O,France,Morocco,1,0,1
CZ,China,Panama,0,1,0
MS,United Arab Emirates,Egypt,0,1,0
ET,Italy,South Africa,2,3,2
EY,United Arab Emirates,Malaysia,0,1,0
U2,Portugal,Spain,2,1,2
KL,France,Ecuador,0,4,0
QR,Italy,Bangladesh,0,1,0
SV,India,Italy,1,2,1
BA,Italy,Antigua and Barbuda,1,0,1
5J,Philippines,United Arab Emirates,1,2,1
KQ,Italy,Tanzania,0,1,0
SN,Italy,Sweden,1,0,1
IZ,France,Israel,1,0,1
IB,Italy,,3,5,3
H2,Chile,Chile,0,4,0
G9,Italy,Pakistan,6,8,6
LO,China,,0,1,0
CI,Malaysia,Italy,0,1,0
EW,Spain,Germany,9,0,9
LX,Italy,Czech Republic,1,0,1
LX,Germany,Italy,6,7,6
HV,Italy,France,43,93,43
W9,United Kingdom,Portugal,3,0,3
AT,Ghana,Italy,1,6,1
U2,Morocco,Italy,28,2,28
LH,Italy,Kenya,5,4,5
OS,Poland,Austria,1,0,1
DY,Italy,,0,6,0
CX,Italy,Philippines,0,4,0
MU,Japan,China,0,1,0
AT,France,Western Sahara,0,1,0
AF,Italy,Thailand,1,0,1
FR,Germany,Finland,0,1,0
TK,Germany,Turkey,0,6,0
CZ,Italy,China,2,12,2
AM,Italy,Costa Rica,0,4,0
FR,Greece,Germany,1,6,1
LX,Switzerland,,0,1,0
W6,Italy,Turkey,0,8,0
G9,Malaysia,Italy,1,1,1
A3,Belgium,Greece,0,2,0
W9,Egypt,Morocco,0,2,0
U2,Belgium,Switzerland,1,0,1
FR,Poland,Republic of Ireland,1,0,1
JU,Croatia,Hungary,1,0,1
AZ,Spain,Italy,7,17,7
V7,France,Italy,36,10,36
OS,Italy,Egypt,10,19,10
CA,Italy,Thailand,0,6,0
JU,Italy,China,0,4,0
SK,Italy,Faroe Islands,1,1,1
B6,Antigua and Barbuda,United States,0,1,0
AI,Italy,Australia,0,6,0
A3,Israel,Greece,0,1,0
V7,Italy,Martinique,0,1,0
UX,Spain,Lithuania,0,1,0
JL,Japan,Japan,3,1,3
NO,India,Italy,3,0,3
CI,Philippines,Taiwan,0,1,0
IR,Iran,Italy,0,1,0
AI,India,Germany,0,1,0
W6,Italy,Israel,13,15,13
HC,Senegal,Senegal,0,1,0
AA,United Kingdom,,1,0,1
FR,Cyprus,Italy,1,9,1
EI,Republic of Ireland,Italy,5,2,5
LH,Italy,Luxembourg,3,11,3
U2,Denmark,United Kingdom,1,0,1
TR,Australia,Singapore,2,0,2
AD,Brazil,Mexico,0,1,0
NH,United States,Japan,1,0,1
DY,Norway,Norway,0,11,0
GF,India,Italy,0,6,0
VY,Spain,Spain,80,38,79
W4,United Kingdom,Italy,49,31,49
TP,Portugal,Brazil,0,3,0
NZ,New Zealand,Australia,2,3,2
MS,Egypt,,0,1,0
LH,Italy,Croatia,0,5,0
EW,Italy,Greece,0,6,0
KE,Italy,Australia,2,0,2
FR,Croatia,Netherlands,1,0,1
BA,United Kingdom,Germany,1,0,1
CM,Brazil,Italy,0,2,0
QR,Italy,Maldives,26,60,26
BT,Italy,Estonia,1,9,1
HV,France,Morocco,2,1,2
AF,Italy,Argentina,3,6,3
W4,Romania,Albania,0,1,0
W4,Finland,Italy,0,3,0
LH,Italy,Dominican Republic,0,1,0
BA,Germany,Italy,1,0,1
UX,Portugal,Italy,0,1,0
MU,United Kingdom,Australia,0,1,0
XZ,Italy,Uzbekistan,0,1,0
W4,Italy,Paraguay,0,2,0
MU,Italy,Australia,0,8,0
AZ,Italy,New Zealand,0,1,0
W4,Italy,Denmark,0,1,0
FR,Denmark,Portugal,2,0,2
AZ,Italy,Cuba,0,1,0
W6,Poland,United Kingdom,1,4,1
HV,France,Greece,1,0,1
VY,Morocco,Italy,0,1,0
LH,Italy,Hungary,1,0,1
W6,Egypt,Morocco,0,13,0
LX,Switzerland,Italy,0,22,0
QR,Italy,India,2,5,2
FZ,Italy,Tanzania,0,8,0
XZ,Italy,,0,2,0
EK,Italy,Oman,1,0,1
SN,Italy,Portugal,1,0,1
XZ,Italy,United Kingdom,0,1,0
JU,Cyprus,Italy,0,1,0
EK,Canada,Mauritius,0,1,0
U2,Italy,Egypt,129,38,128
QR,Qatar,Italy,1,0,1
TK,Italy,India,5,3,5
RO,Turkey,Italy,0,5,0
LH,Italy,Denmark,6,3,6
SK,Italy,,2,8,2
AF,Italy,Brazil,1,19,1
KL,United Kingdom,Italy,1,0,1
U2,Spain,Germany,1,2,1
BA,Switzerland,,2,0,2
GF,Sri Lanka,Maldives,0,4,0
AF,Italy,Gabon,3,0,3
EW,Netherlands,Italy,1,0,1
XK,France,France,0,2,0
FR,Netherlands,France,0,1,0
RO,Moldova,Spain,0,1,0
2J,Niger,Senegal,0,1,0
VY,Italy,French Guiana,0,1,0
QR,Denmark,New Zealand,1,0,1
W4,Italy,Serbia,0,1,0
U2,Switzerland,Portugal,1,0,1
UX,Italy,Venezuela,1,3,1
TB,Morocco,Italy,2,1,2
KL,Italy,Belgium,1,4,1
BA,United Kingdom,United States,3,1,3
LO,Italy,Poland,3,6,3
A3,Netherlands,,0,1,0
B6,Antigua and Barbuda,Italy,0,1,0
KM,Italy,Italy,0,6,0
ET,Italy,Malawi,0,1,0
A3,Georgia,Italy,0,1,0
MU,Australia,United Kingdom,0,1,0
SN,Sweden,Belgium,0,1,0
SK,Italy,Norway,13,22,13
VY,United Kingdom,Italy,10,5,10
A3,Cyprus,Italy,0,2,0
LX,Italy,Colombia,0,4,0
RJ,United Arab Emirates,,0,2,0
LH,Switzerland,Czech Republic,1,0,1
PC,Saudi Arabia,Italy,0,3,0
OS,Austria,Iraq,3,0,3
BA,United Kingdom,Ghana,0,1,0
KE,France,,0,1,0
VY,Portugal,France,0,1,0
DY,Italy,Sweden,0,20,0
EY,Saudi Arabia,Italy,0,1,0
EY,Italy,Japan,5,1,5
JU,Italy,Cyprus,0,1,0
5F,Moldova,Italy,0,9,0
CX,Italy,Japan,0,1,0
TK,Romania,Philippines,0,1,0
LH,Italy,The Bahamas,0,1,0
W4,France,Romania,0,2,0
KL,Italy,El Salvador,0,2,0
LH,Germany,Germany,5,0,5
UA,Italy,United States,64,38,63
SV,Egypt,Kuwait,1,0,1
VY,Italy,Morocco,3,2,3
ZB,United Kingdom,Albania,0,1,0
AZ,Brazil,Germany,0,1,0
EW,Austria,Germany,0,1,0
AQ,China,China,0,3,0
AY,Finland,Lithuania,1,0,1
U2,Italy,Republic of Kosovo,1,0,1
CA,Italy,Australia,0,2,0
LY,Israel,Cyprus,0,2,0
VN,Vietnam,Vietnam,0,2,0
CZ,China,Malaysia,0,1,0
ET,Italy,Kenya,10,26,10
5W,United Arab Emirates,Maldives,3,12,3
W4,Armenia,Italy,4,2,4
QR,Italy,Thailand,25,46,25
NO,Italy,Czech Republic,0,1,0
NZ,New Zealand,New Zealand,1,0,1
FR,Republic of Ireland,Spain,1,2,1
AT,Morocco,Morocco,0,4,0
XQ,Germany,Turkey,2,2,2
N0,France,United States,2,0,2
AI,India,Italy,0,3,0
AH,Senegal,Italy,0,1,0
IB,Morocco,France,0,1,0
FR,Italy,Cuba,0,12,0
LH,Italy,Thailand,26,97,26
EY,India,Italy,0,8,0
QR,Italy,United Arab Emirates,4,3,4
SK,Iceland,Italy,1,0,1
AF,Germany,Italy,4,1,4
ET,Italy,Somalia,0,1,0
OZ,Japan,South Korea,0,1,0
U2,Israel,Netherlands,1,0,1
LO,India,Germany,1,0,1
AF,France,Morocco,1,0,1
CX,Greece,Vietnam,0,1,0
LH,Italy,Mauritius,0,1,0
LH,Albania,Portugal,1,0,1
AZ,Argentina,Germany,0,1,0
TP,United States,Italy,7,21,7
FZ,Italy,Maldives,3,6,3
U2,Italy,Iceland,15,18,15
LH,Spain,Dominican Republic,0,6,0
OV,Oman,Turkey,0,2,0
OK,Italy,Czech Republic,0,3,0
SQ,Spain,Italy,0,5,0
FR,United Kingdom,Republic of Ireland,8,1,8
B6,Cayman Islands,Italy,0,1,0
AF,Italy,South Korea,2,0,2
TK,United States,Italy,1,0,1
IB,Colombia,Germany,0,3,0
EN,Italy,Sweden,0,3,0
TW,South Korea,South Korea,0,2,0
KU,Morocco,Kuwait,2,0,2
LA,Peru,Ecuador,1,2,1
U2,Greece,France,2,0,2
LX,Switzerland,Malta,1,0,1
FR,Morocco,Italy,48,86,48
KM,Italy,Malta,0,366,0
Y4,Mexico,Mexico,0,11,0
SQ,Germany,Vietnam,0,1,0
TK,Italy,Philippines,1,3,1
TB,Morocco,France,0,1,0
QR,United States,Georgia,0,1,0
SN,Belgium,Germany,2,2,2
QR,Saudi Arabia,Zimbabwe,0,1,0
AY,Italy,Finland,56,12,55
LH,Canada,Bulgaria,2,0,2
FR,Malta,Denmark,0,1,0
AZ,Italy,Panama,0,2,0
ME,Lebanon,Italy,0,1,0
BA,United Kingdom,Switzerland,1,0,1
CM,Panama,Italy,0,1,0
QS,Italy,Czech Republic,1,0,1
AZ,Italy,Croatia,0,7,0
PC,Germany,Turkey,3,0,3
FR,Spain,,0,2,0
PC,Saudi Arabia,Turkey,2,2,2
LA,Argentina,Costa Rica,2,0,2
W4,Cyprus,Italy,0,4,0
FJ,Australia,Samoa,0,1,0
VY,Italy,The Gambia,1,1,1
FR,Latvia,Italy,0,2,0
EW,United Kingdom,Italy,0,1,0
OS,Austria,China,0,1,0
TK,Georgia,Italy,0,1,0
FR,Italy,Iceland,0,12,0
FR,Italy,Czech Republic,44,169,44
KL,Germany,United States,0,1,0
TU,Italy,Guinea,0,3,0
AH,France,Algeria,0,3,0
WY,India,Italy,0,7,0
AZ,Greece,Italy,3,10,3
QS,France,Czech Republic,1,0,1
SV,Saudi Arabia,India,1,0,1
HV,Italy,,0,4,0
QF,Australia,Australia,2,0,2
FR,Spain,Malta,1,1,1
EK,Italy,Vanuatu,0,1,0
VY,Senegal,Italy,0,1,0
6E,Malta,India,0,1,0
EK,United Arab Emirates,Zimbabwe,1,0,1
QR,Sri Lanka,Italy,1,0,1
FD,Thailand,Vietnam,0,1,0
OS,Italy,Italy,0,1,0
SQ,Germany,,0,1,0
AZ,Italy,France,29,89,29
OZ,South Korea,Kazakhstan,4,0,4
NO,Kazakhstan,Italy,0,2,0
AZ,Italy,Peru,0,3,0
TS,United States,Italy,0,1,0
FR,Italy,Georgia,0,1,0
V7,France,Greece,2,2,2
5J,Indonesia,United Arab Emirates,1,1,1
LH,Tunisia,Germany,0,2,0
OS,Thailand,Germany,0,2,0
X1,Kenya,Kenya,0,2,0
GF,Italy,United Arab Emirates,0,4,0
IB,France,,0,7,0
N0,United States,Italy,11,13,11
PG,Thailand,Cambodia,3,0,3
KL,Peru,Italy,1,3,1
W4,Germany,Romania,2,0,2
PC,Italy,Qatar,1,4,1
EK,Israel,Indonesia,0,1,0
IB,Senegal,El Salvador,0,2,0
EW,Sweden,Germany,1,0,1
WJ,Argentina,Argentina,0,2,0
MS,Italy,Japan,0,1,0
U2,Switzerland,Italy,14,2,14
VY,Netherlands,Spain,3,0,3
EW,Greece,Spain,0,1,0
LX,Switzerland,Portugal,1,0,1
SN,Italy,Canada,1,0,1
KL,Portugal,Italy,2,0,2
DY,Italy,Poland,0,1,0
SQ,Japan,Italy,1,2,1
OZ,Indonesia,Italy,0,1,0
PG,Cambodia,Thailand,1,0,1
DY,Denmark,Sweden,0,2,0
UX,Switzerland,Colombia,1,0,1
CI,Cambodia,Italy,0,4,0
U2,Portugal,Italy,50,10,50
JY,Cuba,Antigua and Barbuda,0,8,0
OS,Italy,Albania,0,3,0
LA,Colombia,Italy,0,7,0
U2,Switzerland,Greece,0,1,0
SQ,Australia,Italy,1,0,1
W4,Italy,Uzbekistan,0,1,0
"",Spain,United States,3,0,3
TP,Brazil,United Kingdom,0,5,0
LY,Israel,Germany,1,0,1
UA,United States,Canada,1,1,1
VS,United States,Italy,0,1,0
SK,Sweden,Pakistan,0,1,0
A2,Greece,Italy,0,1,0
TK,Singapore,Turkey,1,0,1
A3,Greece,France,4,1,4
KU,Italy,Kuwait,0,3,0
QR,Italy,Philippines,4,3,4
NT,Italy,Spain,0,7,0
CY,Italy,Cyprus,5,13,5
AY,Portugal,United States,1,0,1
PC,Italy,Pakistan,1,1,1
AD,Brazil,Spain,0,1,0
EK,Germany,Japan,2,0,2
LH,Norway,Germany,1,0,1
AI,India,Sri Lanka,0,3,0
TK,Italy,Senegal,2,7,2
OS,Austria,Italy,14,5,14
BN,Italy,Germany,0,3,0
LA,Bolivia,Colombia,0,2,0
BA,United States,Spain,1,0,1
5W,Maldives,Italy,0,1,0
TP,United Kingdom,Portugal,0,1,0
SQ,Italy,Japan,1,2,1
A3,Germany,Italy,0,1,0
EW,Germany,Czech Republic,1,0,1
VY,Chile,Italy,0,1,0
EY,Indonesia,Italy,1,0,1
U2,Italy,Germany,127,6,126
T6,Philippines,Philippines,0,4,0
A3,Spain,Greece,0,1,0
AD,Portugal,Brazil,0,8,0
LX,Italy,Canada,0,3,0
QS,Czech Republic,Egypt,0,1,0
W4,Romania,France,7,11,7
4Z,South Africa,,0,1,0
EY,Italy,China,1,1,1
U2,Spain,Tunisia,0,1,0
OS,Austria,Greece,1,0,1
LH,Italy,Malta,2,1,2
XK,Italy,France,0,3,0
FR,Turkey,Italy,0,2,0
FR,Slovakia,Italy,0,2,0
JQ,Malaysia,Singapore,2,1,2
LH,France,Germany,2,0,2
AY,Italy,Australia,0,1,0
TB,Morocco,Belgium,1,0,1
LH,Germany,United States,0,18,0
AZ,Belgium,Italy,16,15,16
W9,United Kingdom,Republic of Kosovo,0,3,0
SV,Italy,Oman,0,1,0
3O,Morocco,Spain,3,1,3
W6,Serbia,Italy,3,0,3
OS,Poland,Italy,2,1,2
AC,Belgium,Canada,4,0,4
WF,Norway,,0,1,0
FR,Spain,Netherlands,1,0,1
FR,Belgium,Spain,0,2,0
F9,Dominican Republic,United States,0,1,0
LX,Italy,France,2,6,2
AZ,Italy,Germany,21,58,21
U2,France,Greece,3,0,3
LH,Italy,Spain,16,25,16
W4,Italy,Lithuania,0,2,0
BA,Italy,Turks and Caicos Islands,1,0,1
AZ,Italy,Chile,0,3,0
DY,Czech Republic,Norway,0,3,0
XY,Saudi Arabia,United Arab Emirates,1,0,1
LX,Belgium,Serbia,1,0,1
LO,Germany,Romania,0,1,0
AV,Peru,Italy,0,1,0
LA,Spain,Brazil,0,1,0
QZ,Indonesia,Indonesia,0,5,0
AV,Ecuador,Italy,0,5,0
LH,Italy,France,3,7,3
D7,Thailand,Malaysia,0,2,0
UA,Panama,Switzerland,1,0,1
LO,Poland,Czech Republic,1,0,1
PC,Italy,Oman,1,1,1
JU,France,Bulgaria,1,2,1
VY,Italy,Cape Verde,0,1,0
VY,Italy,Senegal,0,3,0
DY,Sweden,Germany,0,1,0
W4,Italy,Lebanon,0,1,0
HU,Italy,China,0,22,0
CA,Philippines,Italy,0,2,0
OB,Bolivia,Italy,0,3,0
LH,Italy,Greece,7,9,7
U2,Egypt,Italy,13,0,13
FR,Italy,Brazil,0,1,0
S4,Denmark,Portugal,2,0,2
V7,Italy,United Kingdom,0,1,0
TK,Switzerland,Australia,0,1,0
A3,France,Armenia,0,1,0
IB,Argentina,Australia,0,1,0
VB,Cuba,Mexico,4,1,4
AA,United States,United States,72,0,71
SK,Norway,Norway,3,2,3
W4,Italy,Turkey,0,12,0
XZ,Romania,Italy,12,0,12
FR,Portugal,Portugal,2,7,2
CM,Colombia,Aruba,2,1,2
VN,Italy,,0,1,0
5W,Serbia,Maldives,0,1,0
JQ,New Zealand,Cook Islands,0,2,0
W6,Italy,Vietnam,0,1,0
VY,France,,0,3,0
KL,Italy,Vietnam,0,2,0
MU,Australia,Italy,0,1,0
W4,Sweden,Italy,3,1,3
KL,Denmark,United States,1,0,1
6E,Thailand,United Arab Emirates,0,2,0
MS,Italy,Bangladesh,0,4,0
SK,Norway,Sweden,0,1,0
AD,Italy,,0,1,0
KM,Italy,United Arab Emirates,0,1,0
FR,Italy,Denmark,87,152,86
AA,Italy,,19,0,19
U2,Spain,Italy,160,9,158
W4,Spain,Italy,137,53,136
EY,Malaysia,Italy,0,2,0
LH,Denmark,Italy,3,2,3
JU,Italy,Netherlands,0,1,0
FR,Denmark,Czech Republic,2,0,2
CX,Italy,Cambodia,0,1,0
EK,Germany,,0,1,0
FR,Denmark,Italy,22,33,22
W6,Italy,Hungary,62,115,61
UA,United States,Mexico,3,0,3
AZ,United Kingdom,Italy,5,4,5
W6,Italy,Poland,48,53,48
U2,Iceland,Italy,6,0,6
FR,Morocco,Portugal,1,1,1
LX,Italy,China,1,1,1
TK,Uzbekistan,Turkey,0,1,0
FR,Italy,Venezuela,0,1,0
TU,Italy,Burkina Faso,0,6,0
LH,Italy,Republic of Ireland,6,1,6
OS,Serbia,Italy,0,1,0
TP,Italy,Cuba,0,1,0
AF,France,Switzerland,1,0,1
FR,Denmark,Austria,0,1,0
EY,Thailand,Turkey,2,0,2
FR,Jordan,Italy,1,8,1
EK,Italy,Sri Lanka,3,1,3
FR,Morocco,France,0,2,0
HV,Netherlands,Spain,0,2,0
OS,Austria,Germany,1,2,1
FR,Spain,Tunisia,0,1,0
FR,Greece,Austria,1,0,1
OS,Switzerland,Greece,1,0,1
LA,Brazil,Germany,0,1,0
UA,Italy,Nicaragua,0,1,0
XZ,Italy,Spain,0,3,0
VY,Chile,Spain,0,1,0
EW,Germany,Greece,2,4,2
LX,Italy,Japan,2,12,2
U2,Spain,France,6,0,6
VY,Italy,Tunisia,0,2,0
EW,Czech Republic,Greece,0,1,0
U2,Belgium,Italy,1,0,1
JU,Italy,,0,1,0
NK,United States,United States,23,48,23
UX,Germany,Morocco,0,1,0
FD,Thailand,Thailand,0,36,0
SQ,Italy,Indonesia,5,14,5
KL,Netherlands,Norway,2,0,2
"",Ecuador,Colombia,2,0,2
FR,Spain,France,8,6,8
AZ,Algeria,Italy,1,0,1
LO,Netherlands,Poland,0,1,0
OS,Lithuania,Italy,0,1,0
FR,Lithuania,Italy,5,3,5
QR,Germany,United Arab Emirates,1,0,1
KL,France,United States,1,0,1
AT,Italy,The Gambia,0,5,0
E5,Italy,Egypt,24,69,24
AZ,Italy,Brazil,0,43,0
W6,Greece,Italy,14,12,14
W6,Italy,Lebanon,0,1,0
TP,Italy,The Gambia,0,3,0
KL,Czech Republic,Netherlands,1,0,1
A3,Greece,Turkey,0,1,0
FR,Germany,Croatia,0,2,0
XQ,United Arab Emirates,Turkey,0,1,0
IB,Belgium,Spain,2,0,2
BR,Italy,Japan,0,10,0
NK,United States,Mexico,1,4,1
NK,United States,,0,2,0
SN,Belgium,Sweden,0,2,0
TK,Italy,Madagascar,0,3,0
LX,Switzerland,United States,4,1,4
D3,Somalia,Kenya,0,1,0
FR,United Kingdom,Spain,4,3,4
JQ,Australia,Indonesia,3,0,3
LX,Italy,Greece,1,3,1
SQ,China,Malaysia,0,1,0
ZB,Albania,Turkey,0,1,0
AF,Italy,Greece,2,0,2
AZ,France,United States,1,0,1
IB,Italy,Mexico,3,5,3
FR,Malta,Italy,35,41,35
W6,Italy,Saudi Arabia,25,54,25
2W,Dominican Republic,Italy,0,6,0
TG,Thailand,Indonesia,1,0,1
SQ,United States,Japan,1,0,1
U2,France,France,10,5,10
U2,Italy,Luxembourg,4,1,4
IB,Italy,Canada,0,1,0
W4,United Kingdom,,0,3,0
PA,Kenya,Somalia,0,2,0
OG,Denmark,Iceland,0,1,0
UX,Spain,Italy,0,10,0
FR,Austria,Italy,30,35,30
U8,Israel,Italy,0,2,0
MS,Italy,Kenya,0,7,0
W6,Norway,Denmark,0,1,0
PC,Turkey,Albania,3,0,3
5W,Maldives,United Arab Emirates,0,1,0
IB,Italy,Chile,0,1,0
EN,Italy,Canada,0,2,0
HU,China,Thailand,0,2,0
LH,Germany,Poland,1,0,1
FR,Croatia,Romania,3,0,3
VN,Vietnam,Belgium,0,3,0
VY,Italy,Paraguay,0,1,0
BQ,Italy,Germany,0,6,0
QR,Italy,Zambia,0,1,0
UA,Brazil,United States,1,0,1
LA,Bolivia,Chile,1,0,1
W6,Poland,Israel,1,0,1
KL,Italy,Argentina,0,1,0
AY,Italy,Hong Kong,2,0,2
FR,Lithuania,Republic of Ireland,0,2,0
SK,Germany,Iceland,1,0,1
IB,Italy,Colombia,15,19,15
3O,Italy,Morocco,143,40,142
BA,South Africa,Italy,0,2,0
UX,Argentina,Italy,0,3,0
AT,Saudi Arabia,Morocco,1,0,1
DY,Netherlands,Denmark,0,3,0
KL,India,Italy,0,1,0
QR,Japan,Italy,1,0,1
TP,Venezuela,Italy,0,7,0
TP,Portugal,Italy,23,27,23
FR,Italy,,0,148,0
5F,Italy,Moldova,0,26,0
W6,Hungary,United Arab Emirates,3,0,3
W6,Albania,Hungary,0,2,0
LO,Germany,Poland,0,1,0
AA,Spain,United States,6,0,6
LH,Spain,Germany,1,0,1
TP,France,Brazil,0,1,0
AT,Tunisia,Morocco,0,1,0
UA,Switzerland,United States,1,1,1
W6,Romania,Italy,0,9,0
KL,Italy,United Kingdom,6,11,6
VY,Italy,Denmark,0,4,0
EW,Italy,Denmark,1,0,1
QR,Italy,Hong Kong,1,2,1
LA,Peru,Chile,1,0,1
DE,Italy,Mauritius,0,1,0
VY,Spain,Tunisia,3,0,3
KL,Belgium,United States,0,1,0
DY,Norway,Germany,0,2,0
AK,Philippines,Cambodia,0,1,0
EW,Italy,Poland,3,0,3
FR,Poland,Finland,0,1,0
LO,Germany,Slovenia,1,0,1
QR,Greece,Australia,1,0,1
MS,United States,Egypt,0,1,0
AV,Costa Rica,Italy,0,1,0
SK,Germany,Italy,0,1,0
ET,France,Angola,0,1,0
QS,Egypt,Italy,0,1,0
E5,Egypt,,0,2,0
AH,Tunisia,Algeria,0,1,0
GQ,Cyprus,Greece,1,0,1
H2,Peru,Peru,0,11,0
OS,Italy,Thailand,13,26,13
NT,Italy,Senegal,0,2,0
QR,United Kingdom,New Zealand,0,3,0
XZ,Italy,Malta,0,1,0
W6,Italy,Singapore,0,1,0
SK,Iceland,Norway,0,1,0
OK,Spain,Czech Republic,0,1,0
KU,Italy,Philippines,8,10,8
FR,Italy,Egypt,0,18,0
AZ,Italy,Kuwait,0,1,0
UK,United Arab Emirates,Thailand,0,3,0
EK,Italy,Kenya,2,3,2
OK,Egypt,Italy,0,6,0
AI,Italy,Thailand,0,9,0
DL,Italy,Chile,2,0,2
LO,Poland,Turkey,1,0,1
LO,Italy,Estonia,0,2,0
BJ,Germany,Tunisia,1,4,1
AZ,Italy,Finland,0,1,0
AA,Antigua and Barbuda,United States,3,0,3
QR,Italy,Iraq,1,0,1
AC,Republic of Ireland,Canada,0,2,0
BA,United States,United Kingdom,4,0,4
WB,Kenya,Italy,0,1,0
CM,Panama,Nicaragua,1,1,1
TB,Italy,,0,1,0
W6,Hungary,Italy,12,12,12
EW,Italy,Turkey,0,3,0
LH,Italy,Serbia,1,3,1
VY,Spain,United Kingdom,1,3,1
AY,Finland,Portugal,1,0,1
L9,Italy,Italy,0,49,0
TK,Italy,Mauritius,1,7,1
EY,United Arab Emirates,,0,1,0
FR,Finland,Italy,1,2,1
KE,Japan,Italy,1,0,1
KM,Malta,United Kingdom,0,1,0
UA,Italy,Mexico,4,1,4
W6,Morocco,Italy,0,1,0
GQ,Italy,Cyprus,0,2,0
SN,Spain,Germany,0,3,0
VJ,Vietnam,,0,1,0
AF,Italy,Tanzania,1,2,1
KL,Germany,Spain,1,1,1
N0,United States,Belgium,0,1,0
JU,Egypt,,1,0,1
DY,Norway,Spain,0,3,0
LH,Italy,Portugal,6,4,6
W6,Italy,Mexico,0,1,0
AC,Germany,Canada,1,0,1
XC,Turkey,Germany,1,0,1
UX,Spain,Peru,1,0,1
HC,Italy,Senegal,0,6,0
EK,Italy,Tanzania,3,1,3
LH,Italy,Iceland,8,7,8
W4,Italy,Latvia,0,1,0
ZG,Japan,Thailand,0,3,0
AI,India,India,0,2,0
EK,United Arab Emirates,Australia,1,0,1
JU,Italy,Croatia,1,2,1
KL,Italy,Rwanda,0,3,0
H2,Peru,Argentina,0,1,0
OS,Thailand,Italy,2,3,2
CA,Italy,,0,1,0
WN,United States,United States,0,3,0
KL,Italy,Luxembourg,1,0,1
BA,United Arab Emirates,Italy,0,2,0
AC,Italy,Costa Rica,0,1,0
FR,Denmark,Republic of Ireland,0,1,0
LH,Germany,Guatemala,0,1,0
SK,United Kingdom,Poland,1,0,1
CX,Belgium,,0,1,0
TB,Belgium,Italy,0,3,0
AZ,Argentina,Italy,3,19,3
OR,Netherlands,Greece,2,0,2
G9,Italy,Laos,0,5,0
W6,Albania,Netherlands,1,0,1
CZ,United Kingdom,Vietnam,0,1,0
EW,Sweden,Italy,1,2,1
A3,Romania,United Kingdom,0,1,0
IB,France,United States,0,1,0
OB,Argentina,Bolivia,0,1,0
KL,Italy,Morocco,1,1,1
LS,Spain,Republic of Ireland,0,1,0
FI,Italy,United States,2,3,2
FR,France,Morocco,0,1,0
5J,Philippines,Indonesia,1,3,1
FR,Italy,Montenegro,0,1,0
FR,Portugal,France,1,0,1
FR,Belgium,Sweden,0,1,0
SV,Turkey,Indonesia,0,1,0
LG,Italy,Republic of Ireland,1,0,1
OG,Iceland,United States,0,1,0
5F,Armenia,Italy,0,1,0
DL,United States,,1,0,1
JU,Serbia,Germany,2,0,2
WF,Italy,Norway,0,1,0
6E,India,India,7,4,7
AF,Germany,France,1,0,1
AF,Italy,Rwanda,0,1,0
Z9,Malaysia,Malaysia,0,2,0
EI,Spain,Republic of Ireland,1,0,1
FR,Spain,Republic of Ireland,2,0,2
AF,Italy,Colombia,2,2,2
KL,Switzerland,Japan,1,0,1
A3,Netherlands,Lebanon,2,0,2
LX,Switzerland,Mexico,0,1,0
TG,South Korea,Switzerland,0,1,0
EI,Italy,Republic of Ireland,25,37,25
LH,Italy,Canada,4,30,4
LH,United Kingdom,Austria,2,0,2
IB,Colombia,Italy,1,14,1
IB,Cuba,Italy,6,3,6
LH,Italy,Oman,0,3,0
U2,Denmark,Switzerland,4,0,4
VY,Austria,Portugal,2,0,2
LH,Morocco,Germany,1,1,1
FR,Italy,Albania,0,4,0
W6,United Arab Emirates,,0,1,0
TK,Italy,Japan,4,5,4
AF,Italy,Cuba,28,22,28
KL,Italy,Germany,9,0,9
YS,Kenya,Tanzania,0,3,0
W6,Italy,Cyprus,0,5,0
FR,Italy,Tunisia,0,5,0
FR,Italy,Thailand,0,1,0
TK,Singapore,Croatia,0,1,0
QR,Thailand,Netherlands,1,0,1
EK,Italy,Hong Kong,1,1,1
LA,Brazil,Israel,0,1,0
F3,Saudi Arabia,Saudi Arabia,0,1,0
W6,Jordan,Italy,11,5,11
OD,Thailand,Malaysia,0,3,0
BJ,Switzerland,Tunisia,1,1,1
CM,Argentina,Dominican Republic,1,0,1
LY,Israel,Morocco,0,1,0
OS,Italy,Spain,1,2,1
FM,China,Malaysia,0,1,0
KM,Malta,France,0,1,0
GM,Switzerland,Greece,0,1,0
UX,Spain,Cuba,3,0,3
AZ,Italy,Sweden,0,2,0
TK,Italy,Sri Lanka,0,5,0
SQ,New Zealand,Italy,0,4,0
XZ,Greece,Italy,9,1,9
XR,Greece,Germany,1,1,1
FR,Belgium,Portugal,2,2,2
BA,Italy,,13,0,13
W6,Jordan,Hungary,0,1,0
AY,Italy,Norway,1,1,1
4Y,Germany,Spain,0,1,0
OS,Austria,Thailand,1,0,1
LX,Greece,Italy,0,1,0
RO,Romania,Belgium,0,1,0
XC,Germany,Turkey,1,1,1
KL,Italy,Aruba,0,1,0
FA,South Africa,South Africa,0,5,0
U2,United Kingdom,Portugal,4,0,4
"",Republic of Kosovo,Switzerland,1,0,1
FZ,Italy,Sri Lanka,2,6,2
DL,France,,3,0,3
W4,Italy,Luxembourg,3,1,3
U2,Switzerland,Morocco,1,0,1
KM,Italy,Germany,0,1,0
LX,Italy,Spain,1,21,1
NO,Italy,Mexico,4,4,4
TK,Italy,Georgia,2,4,2
LH,Luxembourg,Italy,0,3,0
W4,Italy,India,0,3,0
HV,Netherlands,Portugal,1,0,1
LO,France,Moldova,0,1,0
KL,Italy,Nigeria,2,2,2
TK,Lebanon,Italy,0,1,0
V7,Italy,Tunisia,0,3,0
PD,Canada,United States,2,0,2
BA,United Kingdom,South Africa,1,0,1
CI,Italy,Indonesia,0,20,0
WE,Cambodia,Italy,0,1,0
N0,France,,0,2,0
TK,Italy,Panama,1,0,1
TS,Italy,Cuba,0,2,0
QF,Italy,New Zealand,0,1,0
HV,Netherlands,France,1,1,1
OG,Iceland,Italy,0,2,0
OS,Netherlands,Austria,1,0,1
LX,Poland,Italy,2,0,2
FZ,Saudi Arabia,Sri Lanka,1,0,1
SV,France,Mauritius,0,1,0
EK,Italy,Fiji,0,1,0
HY,Uzbekistan,Italy,0,2,0
EK,Nepal,Germany,1,0,1
V7,Italy,Portugal,0,3,0
LH,United Kingdom,Germany,1,0,1
PC,Switzerland,Turkey,0,2,0
TG,Denmark,Cambodia,0,1,0
LX,Switzerland,Cuba,0,1,0
DL,Cuba,United States,3,0,3
6E,Thailand,Hungary,0,1,0
GF,India,United Kingdom,0,1,0
TK,Italy,Kenya,3,3,3
UX,Portugal,Spain,0,3,0
EY,United Arab Emirates,Italy,3,0,3
JU,Turkey,Slovenia,0,1,0
FR,Hungary,Czech Republic,0,3,0
UA,Germany,,1,0,1
LA,Italy,Paraguay,0,4,0
N0,Italy,United States,76,49,75
W6,Saudi Arabia,Italy,12,6,12
EK,Italy,Australia,15,11,15
3L,United Arab Emirates,Nepal,0,1,0
LX,United Kingdom,Israel,2,0,2
Z0,United States,Belgium,0,3,0
HV,Italy,Morocco,0,1,0
HV,Spain,France,1,0,1
LH,France,Mexico,0,1,0
VZ,Singapore,,0,1,0
EK,Italy,United Arab Emirates,25,25,25
EK,United Arab Emirates,United Kingdom,1,0,1
LH,Argentina,Italy,0,2,0
FR,Portugal,Denmark,1,0,1
TK,Italy,Nigeria,0,9,0
UA,Germany,United States,1,3,1
UL,United Arab Emirates,Sri Lanka,1,0,1
6E,Maldives,Indonesia,0,1,0
LX,Italy,Norway,1,1,1
CA,China,China,0,2,0
W4,Israel,,0,1,0
LX,Italy,Germany,12,21,12
W4,Italy,Germany,7,23,7
I2,Spain,Italy,10,2,10
AY,Italy,Japan,3,1,3
HM,Seychelles,Seychelles,0,4,0
VN,Vietnam,Italy,0,1,0
W4,Albania,Norway,2,0,2
SK,Italy,Spain,0,1,0
KX,Cayman Islands,Italy,0,1,0
OU,Italy,Croatia,1,4,1
PC,Greece,Syria,0,1,0
LH,Italy,South Africa,11,10,11
TK,Italy,The Gambia,0,5,0
GF,Italy,Maldives,0,2,0
U2,Italy,Israel,5,1,5
W2,Italy,Greece,0,3,0
LA,Peru,Cuba,0,1,0
SQ,Italy,Philippines,2,5,2
TB,France,Morocco,2,0,2
LX,Italy,The Bahamas,0,1,0
UX,Bolivia,Italy,0,1,0
EK,Sri Lanka,Italy,2,0,2
KI,Malaysia,Malaysia,0,1,0
XZ,Italy,Croatia,0,1,0
LX,Italy,Guatemala,0,1,0
EK,Ghana,Italy,0,1,0
W6,Italy,Maldives,0,25,0
AF,Italy,Sint Maarten,8,4,8
PA,Somalia,Kenya,0,2,0
RO,Romania,Italy,0,1,0
AT,Italy,Ivory Coast,0,3,0
AZ,Italy,Ghana,0,1,0
CY,Italy,Lebanon,0,1,0
TK,Slovenia,Uzbekistan,0,1,0
AZ,Italy,Australia,0,1,0
SN,Portugal,Denmark,1,1,1
AV,Argentina,Belgium,0,1,0
EY,Switzerland,Indonesia,1,2,1
IB,Italy,Puerto Rico,3,1,3
VE,Colombia,Colombia,0,1,0
TP,Spain,United States,0,2,0
IZ,Italy,Israel,1,1,1
LX,Italy,Argentina,0,2,0
A3,Italy,Egypt,6,108,6
W9,Italy,United Kingdom,9,5,9
LH,Germany,Denmark,1,0,1
DY,Republic of Ireland,Norway,0,10,0
XY,United Arab Emirates,Saudi Arabia,3,0,3
NO,Madagascar,Italy,1,0,1
AV,United States,Argentina,1,0,1
SV,Saudi Arabia,Bangladesh,0,1,0
TP,Germany,Brazil,0,2,0
OS,Italy,Denmark,1,1,1
FR,France,Netherlands,0,1,0
W6,Italy,Romania,5,18,5
BA,Italy,Argentina,0,2,0
FR,Greece,Greece,16,4,16
TU,Tunisia,,0,1,0
W6,Israel,Italy,8,4,8
W6,Malta,Republic of Macedonia,2,1,2
UA,Aruba,Italy,2,3,2
DM,Guatemala,Italy,0,1,0
TB,Belgium,Egypt,0,1,0
LH,Italy,Costa Rica,0,1,0
TP,Italy,Morocco,0,11,0
W4,Italy,Azerbaijan,5,7,5
NU,Japan,Japan,2,0,2
OS,Japan,Italy,3,0,3
FI,Italy,Iceland,1,10,1
RJ,Italy,Egypt,0,4,0
ME,Saudi Arabia,Lebanon,0,1,0
U2,Germany,Switzerland,2,1,2
TP,Italy,Portugal,42,98,42
AA,Italy,United States,62,0,61
FR,Croatia,Greece,0,1,0
KL,Italy,Mexico,5,17,5
FR,Bulgaria,Hungary,0,1,0
U2,Netherlands,Czech Republic,1,0,1
CX,Italy,Hong Kong,3,1,3
XJ,Japan,Thailand,0,2,0
OS,Sweden,Pakistan,0,1,0
TG,Germany,Thailand,1,0,1
SN,United States,Italy,0,2,0
AT,Israel,Morocco,0,1,0
SK,Italy,United Kingdom,0,3,0
G3,Brazil,Argentina,0,1,0
PC,Italy,Kyrgyzstan,0,1,0
W6,Italy,Lithuania,12,7,12
KL,Italy,Spain,13,4,13
UA,Italy,Guatemala,0,2,0
A3,Greece,Italy,25,34,25
SQ,Italy,Singapore,5,1,5
D7,Indonesia,Malaysia,0,1,0
XZ,Italy,Luxembourg,0,2,0
VY,Italy,Cuba,0,1,0
BA,United Arab Emirates,Morocco,0,1,0
AT,Italy,Guinea,3,3,3
AF,Germany,United States,1,0,1
UA,Peru,,0,1,0
KN,China,China,0,1,0
NO,Italy,Jordan,5,2,5
OS,Austria,Romania,5,0,5
W6,Italy,India,0,39,0
W6,Malta,Italy,0,1,0
FR,Republic of Ireland,United Kingdom,9,1,9
FR,Greece,Spain,0,1,0
EK,Italy,South Africa,2,3,2
FR,Portugal,United Kingdom,2,0,2
EY,Oman,Italy,0,1,0
AV,Costa Rica,,0,1,0
SQ,Italy,,0,9,0
TK,Italy,Seychelles,0,3,0
UA,French Polynesia,Italy,0,1,0
JQ,Singapore,Malaysia,3,0,3
FR,Morocco,United Kingdom,1,0,1
TS,Italy,Canada,43,31,43
PK,Saudi Arabia,Pakistan,1,3,1
AZ,Netherlands,Italy,12,17,12
W6,Lithuania,Italy,4,0,4
TB,Cuba,Belgium,4,0,4
OZ,Italy,South Korea,2,1,2
W4,Italy,Jordan,0,1,0
FR,Italy,Guinea,0,1,0
U2,Switzerland,United Kingdom,2,0,2
G3,Uruguay,Brazil,0,1,0
SQ,United Arab Emirates,Indonesia,1,0,1
U2,Italy,Switzerland,62,11,61
PC,Italy,United Arab Emirates,5,0,5
Q4,Cuba,Mexico,0,1,0
LX,Switzerland,United Kingdom,0,5,0
EW,Italy,Czech Republic,16,4,16
TK,United States,Egypt,0,1,0
SV,Italy,United Arab Emirates,0,3,0
UA,United Kingdom,,1,0,1
SK,Sweden,Brazil,0,1,0
W4,Italy,Morocco,103,115,102
W6,Italy,Republic of Macedonia,5,8,5
VY,Italy,Greece,19,30,19
LA,Brazil,Italy,13,66,13
WY,Italy,Maldives,0,5,0
W6,United Kingdom,Hungary,0,2,0
QF,Australia,Italy,2,4,2
CY,Cyprus,Italy,1,0,1
EK,Italy,Malaysia,1,2,1
ZG,Japan,South Korea,1,0,1
G9,Italy,Malaysia,3,2,3
AF,Spain,Italy,1,0,1
MU,Italy,Philippines,0,2,0
OS,Italy,Serbia,1,0,1
4Y,Germany,Italy,0,1,0
S4,Portugal,Germany,0,1,0
W4,Italy,Croatia,6,57,6
BA,Mexico,Italy,5,3,5
TP,Senegal,Italy,4,6,4
IB,Italy,Cuba,5,20,5
U2,Albania,Switzerland,1,0,1
MS,Italy,Ethiopia,0,2,0
J2,Azerbaijan,Kazakhstan,0,1,0
EY,United Arab Emirates,Sri Lanka,1,1,1
AV,Ecuador,Colombia,1,0,1
ET,Italy,Zimbabwe,0,1,0
LA,Bolivia,Germany,0,1,0
AR,Italy,Argentina,0,105,0
AZ,Italy,Bulgaria,4,19,4
U2,Italy,Croatia,62,27,61
DE,Germany,Spain,1,7,1
EY,Italy,Singapore,2,7,2
LX,Italy,Portugal,4,5,4
W6,Turkey,Italy,0,2,0
EK,United Arab Emirates,Poland,1,0,1
G9,Egypt,United Arab Emirates,1,0,1
AT,Italy,Senegal,0,4,0
UX,Italy,Portugal,0,1,0
CI,Italy,Taiwan,0,2,0
LX,Greece,Brazil,0,1,0
FR,Portugal,Turkey,0,1,0
EW,Italy,,0,1,0
AI,Italy,Japan,0,1,0
PC,Kazakhstan,Italy,0,3,0
EK,United Arab Emirates,Italy,6,1,6
F9,United States,United States,13,19,13
WY,Italy,Sri Lanka,0,4,0
TC,Tanzania,Tanzania,0,4,0
EN,Italy,Australia,0,1,0
W9,Portugal,United Kingdom,1,0,1
CA,Italy,Japan,0,65,0
CX,Hong Kong,China,1,0,1
AA,United States,Cuba,1,0,1
U2,France,Canada,0,4,0
U2,Croatia,Italy,5,3,5
OU,Croatia,Italy,0,2,0
SK,France,United Kingdom,0,1,0
W6,Italy,Bosnia and Herzegovina,0,1,0
6E,India,Maldives,0,1,0
5W,United Arab Emirates,Italy,0,3,0
SN,Italy,Uganda,5,1,5
AZ,Netherlands,Argentina,0,1,0
LO,Moldova,Czech Republic,0,3,0
LH,Italy,Cyprus,0,1,0
U2,Italy,Brazil,0,1,0
SV,Italy,Tanzania,1,1,1
SV,Italy,,4,1,4
FR,Spain,Romania,0,4,0
KE,China,South Korea,1,0,1
FR,Malta,United Kingdom,0,3,0
PC,Italy,,0,1,0
FR,Luxembourg,Spain,1,1,1
DE,Switzerland,Spain,0,1,0
KL,Spain,United States,1,0,1
KM,Belgium,Malta,0,1,0
W4,Italy,Iceland,63,79,62
LH,Italy,South Korea,8,13,8
MM,Japan,Japan,0,4,0
AF,Netherlands,Argentina,1,2,1
DE,Cuba,Italy,3,0,3
TK,Italy,Somalia,0,1,0
G3,Brazil,Spain,0,1,0
AF,Italy,Slovenia,0,1,0
TP,Belgium,Portugal,2,1,2
AZ,Italy,Romania,0,3,0
AF,United Kingdom,Peru,0,1,0
AF,Italy,Portugal,0,1,0
EW,Germany,Croatia,1,0,1
G9,Italy,Sri Lanka,8,5,8
A3,Israel,Italy,0,7,0
UO,Japan,Hong Kong,0,2,0
AF,United States,Italy,6,6,6
SG,United Arab Emirates,India,3,4,3
SM,Egypt,Saudi Arabia,0,1,0
FZ,Sri Lanka,Albania,3,0,3
BA,Brazil,Italy,0,2,0
XZ,Italy,Argentina,0,1,0
DT,South Africa,Italy,0,1,0
EK,United Arab Emirates,Croatia,0,1,0
V7,Germany,Italy,0,2,0
AM,Italy,Honduras,0,4,0
LS,Italy,United Kingdom,41,22,41
IB,Mexico,Italy,2,7,2
H2,Chile,Peru,0,1,0
W6,Italy,Sri Lanka,0,8,0
LH,Germany,United Kingdom,0,1,0
Q4,Mexico,Cuba,0,3,0
VY,Czech Republic,France,0,1,0
KL,Netherlands,Croatia,1,0,1
LX,Italy,United Kingdom,1,1,1
FD,Indonesia,Thailand,0,5,0
AR,Argentina,Italy,0,4,0
FR,Portugal,Germany,0,1,0
FR,Portugal,Albania,0,1,0
FR,France,,0,1,0
CZ,Italy,Australia,1,2,1
SV,Lebanon,Saudi Arabia,0,1,0
SK,Italy,Estonia,0,8,0
W4,Italy,,0,33,0
VA,Australia,Italy,1,3,1
GQ,Greece,Italy,7,11,7
OG,Netherlands,Iceland,1,0,1
CD,Netherlands,Greece,0,1,0
V7,Greece,Greece,6,6,6
W6,Uzbekistan,Italy,0,1,0
W6,Italy,Pakistan,0,2,0
GF,Italy,Sri Lanka,0,1,0
UX,Spain,Tunisia,1,0,1
FR,Italy,Israel,11,7,11
W6,Portugal,Italy,13,9,13
ET,Italy,Ethiopia,1,7,1
UX,Peru,Italy,3,9,3
W6,Greece,Romania,0,1,0
S4,Switzerland,Portugal,0,1,0
W4,Romania,United Kingdom,1,1,1
SN,Italy,Burkina Faso,0,1,0
TP,Spain,Brazil,2,4,2
FR,Italy,Mali,0,1,0
JQ,Singapore,Australia,0,1,0
AF,United States,France,2,1,2
FR,Czech Republic,Belgium,0,2,0
AT,Spain,Morocco,0,1,0
FI,Sweden,United States,1,0,1
LX,Italy,Vietnam,0,1,0
MU,Italy,China,0,18,0
OV,Thailand,Italy,0,4,0
AZ,Italy,Turkey,0,8,0
AY,Netherlands,Finland,1,0,1
GF,Thailand,Egypt,0,1,0
AC,Canada,Canada,6,0,6
U2,Portugal,France,2,0,2
W6,United Arab Emirates,Romania,0,1,0
TP,Switzerland,Spain,0,1,0
GL,Denmark,Greenland,0,1,0
VY,Portugal,Netherlands,1,0,1
FR,United Kingdom,Egypt,0,1,0
AC,Morocco,United States,0,1,0
BA,Italy,United Kingdom,79,54,78
3O,Morocco,Italy,57,17,56
AD,Brazil,Brazil,0,32,0
OS,Italy,Hungary,1,5,1
LX,Germany,,0,5,0
JA,Argentina,Argentina,0,2,0
LH,United Arab Emirates,Italy,1,0,1
OS,United States,Italy,0,3,0
LH,Albania,China,1,4,1
E9,Costa Rica,Spain,2,0,2
A3,Greece,Spain,1,3,1
H2,Peru,Italy,0,1,0
DY,Spain,Finland,0,3,0
EW,Germany,Sweden,0,1,0
GF,Egypt,Philippines,0,2,0
AF,South Africa,Italy,1,0,1
MS,United Arab Emirates,Italy,0,2,0
LH,Italy,Aruba,0,1,0
FR,Croatia,Montenegro,1,0,1
AY,South Korea,Italy,2,0,2
LX,Luxembourg,Italy,0,3,0
AZ,Italy,Canada,0,10,0
DE,Italy,Mexico,11,10,11
IB,Senegal,Italy,1,1,1
PK,Pakistan,Italy,1,6,1
JZ,Peru,Peru,0,3,0
TK,Sweden,Thailand,0,1,0
QR,Italy,Kuwait,0,1,0
EY,Israel,Japan,1,0,1
TB,Italy,Morocco,6,9,6
TN,France,French Polynesia,0,4,0
SQ,Italy,Thailand,15,11,15
LH,Italy,United Arab Emirates,5,6,5
TK,Indonesia,Italy,0,1,0
IB,Italy,Venezuela,0,1,0
EK,Italy,China,1,0,1
LH,Italy,Australia,0,1,0
"",United States,Spain,1,0,1
VY,Spain,Czech Republic,2,1,2
PC,Israel,Germany,1,0,1
Y4,Peru,Italy,0,1,0
A3,Italy,Lebanon,6,14,6
EK,Italy,Mauritius,3,61,3
U2,Italy,Portugal,162,27,160
KU,Kuwait,Italy,2,15,2
I2,Spain,Spain,22,0,22
LX,Italy,Cuba,3,13,3
LS,United Kingdom,Italy,15,2,15
BA,United States,,3,0,3
ET,Argentina,Italy,2,2,2
FR,United Kingdom,United Kingdom,5,1,5
TP,Italy,Spain,0,8,0
V7,Italy,,0,8,0
BA,Italy,Mexico,10,4,10
FR,Cyprus,Romania,0,1,0
CM,Panama,Cuba,1,0,1
SK,Sweden,Italy,3,3,3
LH,Lebanon,Italy,0,1,0
LH,Germany,Sweden,1,0,1
LH,Italy,Maldives,0,1,0
KL,Romania,Spain,1,0,1
T7,Italy,France,0,2,0
CY,France,Cyprus,0,1,0
MS,Italy,,0,4,0
U2,United Kingdom,France,7,0,7
AA,United States,Turks and Caicos Islands,3,0,3
WE,Thailand,Vietnam,1,0,1
EW,Germany,Tunisia,2,3,2
TU,Italy,Ivory Coast,0,12,0
HO,China,China,0,2,0
W4,Germany,Albania,2,1,2
OD,Australia,Italy,0,1,0
W9,United Kingdom,Turkey,1,0,1
XJ,Thailand,South Korea,0,1,0
TK,Kenya,Italy,0,4,0
AY,Italy,Singapore,1,1,1
KM,Cyprus,Italy,0,2,0
DE,Germany,Italy,0,2,0
EK,Saudi Arabia,United Arab Emirates,1,0,1
UX,Italy,Paraguay,0,1,0
DE,Switzerland,Greece,1,1,1
Z0,United States,Netherlands,0,1,0
W6,Italy,Iran,0,2,0
VJ,Thailand,Vietnam,0,1,0
JU,Romania,Italy,0,1,0
W6,Italy,Bangladesh,0,4,0
LH,Italy,Philippines,0,3,0
NO,Italy,Italy,4,2,4
DY,Italy,Denmark,0,38,0
AF,France,Netherlands,1,1,1
LH,Germany,Spain,4,3,4
LH,Norway,Italy,0,4,0
A3,Luxembourg,Greece,0,1,0
NH,Germany,Japan,1,0,1
LA,Argentina,Germany,0,1,0
LH,Brazil,Italy,4,1,4
SQ,Germany,Thailand,0,1,0
F9,United States,Puerto Rico,0,1,0
W4,Italy,Israel,20,10,20
AF,Italy,Chile,6,5,6
EC,Italy,Italy,0,1,0
TK,Turkey,Cameroon,0,3,0
G9,Italy,Thailand,0,6,0
OS,Germany,France,5,0,5
LH,Germany,Costa Rica,0,1,0
VY,Italy,Netherlands,5,2,5
LH,Sweden,Italy,6,2,6
SN,Italy,Togo,0,1,0
VY,Denmark,Italy,0,1,0
DE,Germany,Cuba,0,1,0
BT,Lithuania,Hungary,1,0,1
UX,Ecuador,Italy,0,1,0
MH,Malaysia,Singapore,0,1,0
W6,Italy,Paraguay,0,1,0
OS,Italy,Cyprus,2,2,2
VY,Croatia,Spain,0,1,0
KL,United States,Italy,2,2,2
FR,Greece,Egypt,0,5,0
LO,Egypt,United States,0,1,0
HY,Italy,Uzbekistan,0,1,0
TP,Germany,Portugal,1,0,1
G9,Italy,Qatar,3,0,3
I2,Netherlands,Spain,2,0,2
EK,Italy,India,7,0,7
WY,Tanzania,Italy,1,0,1
FR,United Kingdom,Sweden,0,1,0
TX,United States,Italy,0,7,0
AY,Finland,Italy,7,2,7
EY,Italy,Australia,0,7,0
LH,Italy,Romania,1,13,1
QR,Australia,Italy,1,2,1
RJ,Lebanon,Jordan,0,1,0
W6,Italy,Kuwait,2,1,2
TK,Italy,Ghana,0,3,0
OS,Bosnia and Herzegovina,Italy,2,4,2
BY,Italy,United Kingdom,6,0,6
TK,Italy,Maldives,6,3,6
W6,Cyprus,Greece,1,0,1
IB,Spain,Peru,0,2,0
KM,Italy,France,0,7,0
W6,Italy,Martinique,0,1,0
8B,Indonesia,Indonesia,0,4,0
IB,Spain,Portugal,5,1,5
W6,Poland,France,1,0,1
LX,Italy,Mexico,1,0,1
AY,Italy,South Korea,18,7,18
BQ,Germany,Italy,0,3,0
LX,Italy,Netherlands,4,1,4
PC,Italy,Kuwait,1,0,1
AM,Mexico,Italy,0,6,0
CM,Colombia,Germany,0,1,0
QR,Switzerland,Maldives,1,0,1
VY,Netherlands,Portugal,1,0,1
AF,France,Austria,1,2,1
OS,Germany,Serbia,1,0,1
U2,Spain,United Kingdom,2,0,2
RO,Romania,Lebanon,0,2,0
DY,Denmark,Netherlands,0,1,0
W6,Denmark,Italy,0,1,0
XZ,Italy,Romania,56,0,55
IB,Italy,Brazil,7,0,7
LX,Italy,Egypt,1,0,1
YS,Tanzania,Tanzania,0,3,0
FY,Malaysia,Malaysia,1,2,1
BA,France,United Kingdom,7,4,7
LA,Argentina,Italy,1,2,1
W6,United Kingdom,Italy,0,4,0
BA,Argentina,Germany,2,0,2
RO,Romania,Romania,0,3,0
LH,Italy,Hong Kong,0,3,0
A3,Greece,Belgium,0,1,0
LH,Italy,Cambodia,0,1,0
ET,Italy,Ghana,0,2,0
W6,Bulgaria,Italy,10,12,10
TK,Qatar,Italy,1,0,1
FZ,Bangladesh,Italy,1,5,1
AR,Italy,,0,1,0
UX,Cuba,Albania,0,1,0
BS,Bangladesh,Bangladesh,0,1,0
VY,Spain,Germany,2,0,2
4Y,Germany,Morocco,0,1,0
MM,Japan,,0,2,0
W4,Republic of Kosovo,Italy,1,2,1
AF,France,Sweden,2,0,2
Y9,Canada,Canada,0,4,0
5W,Greece,United Arab Emirates,0,1,0
FR,Sweden,Austria,1,0,1
LH,Italy,Germany,132,261,131
H4,Moldova,Italy,0,23,0
VY,United States,Italy,2,2,2
QR,Spain,Thailand,0,1,0
SV,Italy,India,2,22,2
QZ,Singapore,Indonesia,0,14,0
ET,Italy,Namibia,1,3,1
TK,Singapore,Italy,3,1,3
W6,Italy,Armenia,0,3,0
SM,Egypt,Egypt,2,3,2
VY,Italy,Argentina,3,3,3
W4,Romania,Germany,3,1,3
TK,Belgium,Turkey,0,6,0
DE,Germany,Greece,4,2,4
G9,Jordan,Malaysia,1,0,1
HC,The Gambia,Italy,0,10,0
AZ,Italy,Denmark,0,1,0
VY,Argentina,Spain,0,2,0
KL,Italy,Curaçao,1,4,1
EI,United Kingdom,United Kingdom,1,0,1
AM,Italy,Mexico,0,31,0
TB,Dominican Republic,Belgium,0,1,0
AZ,Italy,Thailand,0,12,0
CA,China,Italy,0,6,0
EY,Germany,Malaysia,0,1,0
EW,Czech Republic,Italy,3,0,3
FR,Portugal,Belgium,0,2,0
W6,Italy,Albania,0,13,0
KL,France,Spain,0,1,0
LH,Belgium,Italy,1,4,1
NO,Cuba,Italy,3,1,3
IB,Switzerland,Spain,1,2,1
AZ,Italy,The Bahamas,0,4,0
TK,Italy,Fiji,0,1,0
EY,Italy,United Arab Emirates,44,5,44
W6,France,Italy,16,2,16
5J,United Arab Emirates,Philippines,5,9,5
AF,Italy,Spain,2,4,2
VY,Italy,Colombia,1,3,1
BA,Finland,United States,1,4,1
TK,Czech Republic,Iran,0,5,0
Z2,China,Malaysia,0,1,0
DL,United States,Guatemala,1,0,1
W6,Israel,,0,1,0
U2,Denmark,Germany,1,0,1
BA,Switzerland,United Kingdom,3,0,3
UX,Italy,Ecuador,0,1,0
DE,Germany,Dominican Republic,0,1,0
BY,Morocco,United Kingdom,1,0,1
G9,United Arab Emirates,Sri Lanka,0,1,0
FR,United Kingdom,Germany,3,0,3
A3,Italy,Israel,2,0,2
AT,Morocco,Senegal,0,3,0
UX,Italy,Morocco,0,3,0
LH,Kenya,Italy,1,4,1
OS,Switzerland,Austria,0,2,0
CA,United Kingdom,China,0,1,0
6H,Israel,Israel,0,1,0
SV,Egypt,United States,0,1,0
HV,Greece,France,0,1,0
AF,Germany,Panama,1,0,1
KU,Pakistan,Italy,0,4,0
"",Italy,,0,1,0
LH,Iceland,Germany,1,0,1
CM,Peru,Cuba,2,2,2
AV,Mexico,Ecuador,0,1,0
EY,United Arab Emirates,Maldives,0,1,0
GQ,United Kingdom,Greece,1,1,1
KL,Netherlands,Italy,8,5,8
FR,Hungary,Greece,0,7,0
VY,Italy,Italy,33,11,33
IQ,Azerbaijan,Kazakhstan,1,0,1
BA,Argentina,Italy,3,0,3
EK,United Kingdom,United Arab Emirates,1,0,1
6E,Italy,Thailand,0,2,0
KL,Netherlands,Austria,1,0,1
IB,Austria,Spain,2,0,2
DY,Norway,,0,1,0
F9,United States,Guatemala,1,0,1
W6,United Arab Emirates,Spain,0,2,0
W4,Italy,Saudi Arabia,0,1,0
KL,Italy,Faroe Islands,0,1,0
IB,Chile,Spain,1,0,1
DE,Canada,Italy,0,5,0
AA,United States,Panama,1,0,1
U2,United Kingdom,Croatia,2,0,2
TK,Bulgaria,Turkey,1,0,1
W6,Hungary,United Kingdom,0,1,0
AY,Finland,Germany,1,0,1
AI,United Kingdom,India,0,1,0
GQ,Belgium,Greece,0,1,0
AY,Sweden,Germany,1,0,1
QR,Italy,Indonesia,16,26,16
EI,Republic of Ireland,United States,4,0,4
FR,Belgium,Malta,0,4,0
S4,Italy,Portugal,1,1,1
AZ,Italy,Seychelles,0,1,0
ZB,Albania,Italy,0,10,0
FR,Netherlands,Spain,1,1,1
A3,Greece,Egypt,0,2,0
LX,Spain,Greece,0,1,0
SV,Pakistan,Saudi Arabia,0,2,0
SL,Nepal,Thailand,0,2,0
TK,Italy,Lebanon,3,1,3
LH,Italy,Saudi Arabia,2,0,2
LH,Italy,Switzerland,4,0,4
AA,Spain,Argentina,1,0,1
AI,Italy,Singapore,0,2,0
DY,Norway,Poland,0,1,0
5W,Albania,United Arab Emirates,0,1,0
"",Colombia,Colombia,13,1,13
LH,Italy,India,16,29,16
WF,Norway,Norway,0,11,0
W4,Italy,Czech Republic,25,32,25
EK,Italy,Japan,4,5,4
CA,Japan,Italy,0,4,0
FR,Norway,Italy,1,4,1
LA,Chile,Colombia,1,0,1
KL,Italy,Hungary,0,1,0
IB,Spain,Mexico,2,0,2
IB,Germany,Argentina,0,1,0
IB,France,Peru,1,1,1
EW,Germany,Italy,83,65,82
U2,Netherlands,Spain,4,0,4
LH,Switzerland,Italy,0,2,0
J2,Italy,Uzbekistan,0,1,0
AZ,Switzerland,United States,1,0,1
WF,Denmark,Norway,0,1,0
W6,Italy,Sweden,0,1,0
BX,South Korea,South Korea,0,2,0
W4,Italy,Cuba,0,3,0
EK,Italy,South Korea,1,0,1
MF,Japan,China,0,1,0
OS,Austria,Lithuania,1,0,1
K6,Vietnam,Cambodia,0,1,0
UA,Italy,Cook Islands,0,1,0
SK,Italy,Sweden,3,36,3
AF,Italy,Japan,14,11,14
TP,Spain,Portugal,5,5,5
LX,Italy,Brazil,4,13,4
VB,Mexico,Mexico,11,2,11
TK,Italy,Bangladesh,0,2,0
TP,Germany,United States,1,0,1
FR,France,United Kingdom,0,3,0
FO,Argentina,Italy,0,2,0
FZ,Maldives,Italy,2,2,2
AT,Senegal,Italy,1,4,1
BJ,Tunisia,France,1,2,1
KL,Republic of Ireland,Italy,2,1,2
W6,Albania,Italy,0,3,0
B6,Netherlands,United States,0,1,0
W6,Italy,Azerbaijan,0,1,0
PC,Germany,Albania,0,1,0
ID,Indonesia,Thailand,0,1,0
SV,Italy,Maldives,0,1,0
TK,Italy,Brazil,1,0,1
EY,Italy,India,12,32,12
LA,Brazil,Brazil,12,8,12
TK,Hungary,Kenya,0,1,0
LH,United Kingdom,Italy,2,4,2
AZ,Italy,French Polynesia,0,2,0
W6,Romania,Spain,0,1,0
LQ,Thailand,Cambodia,0,1,0
A3,Italy,Georgia,1,5,1
KL,Romania,France,1,0,1
HV,Slovenia,Netherlands,1,0,1
FI,Iceland,United Kingdom,1,0,1
JU,Italy,Hungary,0,1,0
OS,Italy,Poland,6,3,6
IB,Spain,Spain,19,14,19
EW,Norway,Italy,3,2,3
AC,Canada,United States,5,3,5
LH,Italy,Georgia,2,5,2
IB,Spain,United States,4,2,4
AY,Belgium,Finland,1,0,1
AF,Italy,Ecuador,1,2,1
W4,Greece,Romania,0,1,0
LX,Switzerland,Germany,1,2,1
LH,France,Poland,1,0,1
DE,Germany,United States,2,0,2
IB,Spain,Greece,2,0,2
LH,France,,0,1,0
SN,Belgium,Spain,2,0,2
BA,United Kingdom,United Kingdom,1,0,1
TP,Italy,Canada,2,5,2
KE,Italy,South Korea,9,4,9
AY,Italy,Thailand,9,2,9
SN,United Kingdom,Ghana,1,1,1
SV,Turkey,Kenya,0,1,0
FR,United Kingdom,Norway,1,0,1
ET,Democratic Republic of the Congo,Italy,0,1,0
OS,Italy,Romania,4,7,4
FR,Italy,Gibraltar,0,1,0
FZ,United Arab Emirates,Italy,2,10,2
FI,Italy,,0,2,0
EK,Japan,Italy,2,1,2
TK,Italy,Venezuela,2,5,2
BA,United Kingdom,Antigua and Barbuda,1,2,1
CA,Italy,Samoa,0,1,0
GF,Italy,Bangladesh,0,4,0
TP,Mexico,Italy,1,0,1
LH,Italy,Belgium,1,2,1
PC,Turkey,Cyprus,1,1,1
B6,Guatemala,United States,0,2,0
AT,France,,0,1,0
W2,Italy,Italy,0,30,0
VY,Italy,Croatia,16,16,16
AF,Italy,Canada,9,9,9
LH,Italy,Egypt,13,54,13
CA,Italy,New Zealand,0,1,0
WN,United States,Italy,0,2,0
6E,India,Italy,0,3,0
AZ,Italy,Kenya,0,14,0
EI,Republic of Ireland,Germany,2,0,2
SK,Republic of Ireland,Norway,1,4,1
LH,China,Italy,0,3,0
AR,Italy,Chile,0,2,0
BR,Italy,Taiwan,0,2,0
KU,Italy,Nepal,1,0,1
5W,Kazakhstan,Italy,0,1,0
FR,Denmark,Germany,0,1,0
TK,Italy,New Zealand,0,1,0
VY,Italy,Iceland,0,1,0
DV,Turkey,Kazakhstan,0,1,0
XZ,Italy,Greece,84,9,83
FD,Thailand,Cambodia,0,5,0
W6,Italy,Portugal,46,46,46
JU,Italy,Thailand,1,5,1
LO,Estonia,Poland,0,2,0
U2,France,Portugal,4,0,4
OS,Romania,Greece,1,0,1
LA,Ecuador,Ecuador,1,0,1
AZ,Italy,Burkina Faso,0,1,0
U2,Italy,Cyprus,11,0,11
BT,Italy,Finland,0,2,0
AC,United States,Egypt,0,1,0
W6,Sweden,Italy,0,4,0
W6,Hungary,Germany,2,0,2
MU,Hungary,Japan,0,1,0
W6,Sweden,Morocco,0,1,0
TK,Iran,Italy,0,1,0
LX,Croatia,Bulgaria,1,0,1
A3,Albania,Egypt,0,1,0
FR,Hungary,Denmark,0,1,0
E9,Spain,Dominican Republic,0,3,0
4F,Somalia,Kenya,0,1,0
ME,France,Lebanon,0,2,0
KL,Italy,Cuba,2,2,2
LH,Italy,Poland,11,14,11
TK,Germany,Pakistan,0,2,0
FI,United States,United Kingdom,1,0,1
OS,Romania,Austria,1,0,1
LH,Italy,Tunisia,0,1,0
T7,France,Italy,0,3,0
GF,Italy,Thailand,0,26,0
TP,France,Portugal,0,7,0
SM,United Arab Emirates,Egypt,0,1,0
TK,Venezuela,Italy,1,8,1
KL,Italy,Colombia,2,5,2
DG,Philippines,Philippines,2,6,2
AF,Greece,France,1,0,1
A3,Israel,France,2,0,2
BR,Thailand,Italy,0,1,0
W9,United Kingdom,Italy,1,2,1
VA,Australia,Indonesia,2,0,2
SK,Italy,Netherlands,0,1,0
HV,Algeria,Italy,0,1,0
U2,Italy,Austria,0,1,0
FZ,United Arab Emirates,Nepal,0,1,0
KM,Italy,Czech Republic,0,1,0
AF,Netherlands,France,1,0,1
OS,Italy,Austria,56,78,55
AA,United States,The Bahamas,2,0,2
TK,Italy,China,0,10,0
TP,Italy,Venezuela,1,5,1
BY,Mexico,Italy,0,2,0
FR,Italy,Mauritius,0,1,0
AZ,Italy,Zambia,0,1,0
TK,Italy,Vietnam,0,11,0
KL,Argentina,Italy,0,1,0
NH,Switzerland,Japan,1,0,1
LA,United States,Argentina,0,1,0
AC,United States,Republic of Ireland,1,0,1
ID,Indonesia,Indonesia,0,2,0
LH,Italy,Sweden,16,15,16
E5,Italy,,0,6,0
AV,Bolivia,Colombia,1,1,1
U2,Germany,United Kingdom,2,0,2
U2,Germany,Netherlands,2,0,2
MS,South Africa,Italy,0,2,0
FR,Netherlands,United Kingdom,1,0,1
LH,Sweden,Germany,1,3,1
U2,Malta,United Kingdom,0,2,0
BA,France,,3,0,3
FR,Portugal,Poland,0,1,0
W4,Italy,Greece,204,251,202
UX,Italy,Bolivia,2,6,2
6E,United Arab Emirates,Maldives,2,1,2
AC,Italy,,0,4,0
MS,Libya,Italy,0,1,0
BA,Switzerland,United States,2,0,2
KL,Italy,Finland,2,1,2
5J,Philippines,Italy,0,2,0
W4,Italy,Netherlands,0,4,0
EY,Pakistan,Italy,0,1,0
FZ,Italy,,0,4,0
AV,Uruguay,Spain,1,0,1
EY,Italy,Bangladesh,0,1,0
NO,Greece,Italy,11,10,11
2B,Italy,Uzbekistan,0,1,0
W4,Italy,Austria,36,59,36
FR,United Kingdom,Belgium,2,3,2
UX,Italy,Argentina,1,11,1
EK,Italy,Iran,0,5,0
PC,Turkey,Hungary,0,3,0
AZ,Egypt,Albania,0,11,0
QR,Italy,Singapore,3,2,3
KL,Italy,South Korea,2,1,2
FR,Italy,Dominican Republic,0,6,0
BR,Italy,Thailand,0,2,0
W6,United Kingdom,Poland,0,2,0
EW,Germany,France,1,0,1
RZ,Costa Rica,Peru,0,1,0
LX,Italy,Republic of Ireland,1,0,1
SN,France,Cameroon,0,1,0
LH,Germany,Turkey,1,0,1
QR,Pakistan,Spain,0,2,0
JU,Greece,Italy,0,7,0
AF,France,Italy,34,21,34
U2,Italy,,0,17,0
VY,Italy,,0,27,0
SV,Italy,Indonesia,2,22,2
V7,Italy,Morocco,0,5,0
NO,Italy,Canada,1,1,1
EK,Malaysia,United Arab Emirates,1,0,1
AV,Colombia,United States,0,1,0
KU,India,Italy,1,1,1
FD,Cambodia,Thailand,0,1,0
BA,Italy,Uruguay,0,1,0
BF,United States,Italy,0,22,0
TK,Italy,Tanzania,5,10,5
U2,Italy,United States,11,8,11
LH,Italy,Latvia,1,1,1
FR,Spain,Austria,2,1,2
LH,Germany,Morocco,0,2,0
UX,Italy,Mexico,3,14,3
TK,Moldova,South Korea,0,1,0
LH,South Korea,Italy,1,2,1
DY,Sweden,Denmark,0,2,0
AZ,Argentina,France,0,1,0
SM,Egypt,Jordan,1,0,1
OS,Italy,Czech Republic,2,0,2
AM,Italy,,0,3,0
BT,Italy,Latvia,5,1,5
FR,Sweden,Italy,10,15,10
Y4,El Salvador,Mexico,0,1,0
EI,Republic of Ireland,United Kingdom,0,1,0
QR,Singapore,Italy,1,0,1
OB,Bolivia,Germany,0,1,0
UX,Spain,United States,0,1,0
LH,Italy,Cape Verde,0,1,0
AZ,Italy,Spain,22,144,22
LH,Italy,Czech Republic,3,3,3
HV,Spain,Netherlands,2,0,2
UA,Italy,Canada,0,5,0
AF,Italy,Central African Republic,0,2,0
LX,Italy,Singapore,1,12,1
HA,United States,,0,6,0
SN,Italy,Cameroon,1,1,1
PD,United States,Canada,1,0,1
PW,Tanzania,Italy,0,2,0
FR,Spain,Argentina,0,1,0
LH,Luxembourg,,0,1,0
SV,Italy,Singapore,2,8,2
LX,Morocco,Switzerland,0,1,0
LH,Germany,Mexico,0,1,0
H4,Romania,Spain,0,2,0
TG,Thailand,Germany,1,0,1
AF,Italy,Tunisia,0,1,0
TB,Italy,Belgium,1,1,1
WS,United States,Italy,1,2,1
GF,Italy,Laos,0,1,0
QF,Italy,Australia,4,3,4
SK,Italy,Denmark,13,26,13
BA,Italy,Dominican Republic,0,1,0
LH,Italy,United Kingdom,11,17,11
W6,Italy,Austria,0,7,0
U2,Italy,Denmark,21,3,21
CM,Costa Rica,Belgium,0,1,0
AF,Italy,Singapore,2,4,2
SQ,Italy,New Zealand,0,1,0
TK,Turkey,Thailand,1,0,1
EW,Italy,United Kingdom,0,1,0
OS,Italy,United States,3,6,3
OS,Italy,Vietnam,0,1,0
TK,Saudi Arabia,Italy,1,0,1
AM,Colombia,Italy,0,2,0
3O,Spain,Morocco,2,0,2
UX,Dominican Republic,Italy,3,1,3
TK,India,Germany,0,1,0
NO,Iceland,Italy,1,0,1
LA,Spain,Chile,1,0,1
SK,France,Norway,0,1,0
IB,Portugal,United States,1,0,1
W4,Italy,United Arab Emirates,0,14,0
AF,Italy,France,156,108,154
LY,Israel,Italy,4,2,4
W6,Italy,Croatia,0,1,0
FR,Luxembourg,Italy,0,6,0
VJ,Vietnam,Thailand,0,4,0
DY,France,Sweden,0,1,0
MH,Italy,Australia,0,1,0
PR,Philippines,Vietnam,1,0,1
FZ,Italy,Thailand,0,1,0
TK,Croatia,Kenya,0,1,0
SQ,Italy,Malaysia,2,3,2
BF,France,United States,4,1,4
G3,Argentina,Italy,0,5,0
"",United States,Italy,2,0,2
5W,Uzbekistan,Italy,0,2,0
RJ,Egypt,Jordan,1,0,1
MS,Italy,India,0,1,0
ET,Madagascar,Italy,1,0,1
FR,Austria,Latvia,1,0,1
6E,United Arab Emirates,,0,1,0
BT,Finland,Italy,0,3,0
ET,Italy,Togo,0,1,0
BA,United Kingdom,Italy,21,5,21
TK,Italy,South Africa,7,5,7
LX,Italy,South Africa,3,0,3
LH,Germany,Norway,0,1,0
U2,Italy,Canada,1,0,1
CI,Italy,Palau,0,2,0
FR,Germany,Romania,1,0,1
AA,France,,1,0,1
W6,Serbia,Netherlands,0,1,0
TP,Brazil,Belgium,0,1,0
QR,Italy,Kazakhstan,1,0,1
LO,Italy,Armenia,0,3,0
W4,Italy,France,52,111,51
AF,Italy,Nigeria,4,12,4
LH,France,Italy,4,1,4
SQ,Italy,Vietnam,1,1,1
EW,Germany,Malta,1,0,1
OZ,South Korea,Thailand,1,0,1
EW,United Kingdom,Austria,0,1,0
DE,Jamaica,Italy,0,1,0
KL,Italy,China,10,8,10
SV,Pakistan,Denmark,0,1,0
TK,Italy,Tajikistan,0,1,0
KQ,Italy,Kenya,3,6,3
BJ,Tunisia,United Kingdom,1,0,1
OD,Indonesia,Malaysia,0,2,0
EW,Germany,Norway,2,0,2
FR,Portugal,Republic of Ireland,0,1,0
JQ,Australia,Australia,15,2,15
RJ,Turkey,Egypt,0,1,0
W6,Italy,Luxembourg,0,3,0
HF,Ivory Coast,Mali,0,5,0
LH,Poland,France,0,2,0
KS,Italy,United Kingdom,0,1,0
PK,United Arab Emirates,Pakistan,0,1,0
VY,Italy,Spain,811,642,803
AF,Italy,Costa Rica,1,3,1
OW,Kenya,Kenya,0,2,0
QZ,Malaysia,Indonesia,0,8,0
LH,Italy,Argentina,6,4,6
SN,Italy,Ghana,2,1,2
W4,Italy,Armenia,13,13,13
Z0,United States,United Kingdom,3,1,3
VR,Cape Verde,Portugal,2,0,2
LH,Greece,Italy,2,0,2
AZ,Italy,Bosnia and Herzegovina,0,1,0
UX,Spain,Portugal,1,0,1
NO,Italy,Greece,9,30,9
AF,Italy,Senegal,1,1,1
AF,Italy,Guadeloupe,5,2,5
UX,Venezuela,,0,1,0
PC,Kazakhstan,Turkey,1,1,1
CA,Italy,South Korea,0,6,0
FR,Spain,Belgium,0,1,0
FR,Italy,Rwanda,0,1,0
AF,Poland,Italy,2,0,2
UX,Spain,Dominican Republic,1,1,1
FR,Malta,Israel,0,1,0
TK,South Africa,Italy,1,0,1
UP,United States,The Bahamas,0,1,0
QR,Slovenia,Sri Lanka,0,1,0
JU,Italy,Vietnam,0,1,0
A3,Egypt,Italy,6,20,6
W4,Greece,Italy,34,11,34
W6,Czech Republic,Italy,8,14,8
OZ,Italy,Cambodia,0,6,0
FR,Italy,Latvia,4,8,4
PC,Iran,Italy,1,0,1
AZ,Italy,Bonaire,0,1,0
W6,Spain,Hungary,1,0,1
EY,Bahrain,Italy,0,2,0
FI,Finland,United States,0,2,0
W4,Austria,United Kingdom,0,2,0
OR,Netherlands,Portugal,1,0,1
MF,Italy,China,0,2,0
5J,United Arab Emirates,Australia,0,1,0
W6,Italy,Malaysia,0,1,0
VY,Italy,France,215,91,213
SN,Norway,Italy,0,1,0
W4,Austria,Italy,5,5,5
AF,Italy,Poland,1,2,1
DL,Mexico,United States,1,0,1
OD,Maldives,Indonesia,0,1,0
NO,Italy,Tunisia,12,4,12
TK,Italy,Indonesia,20,5,20
W4,Sweden,Romania,0,1,0
ET,Sweden,Norway,0,2,0
W6,Hungary,Turkey,2,0,2
VY,Greece,Italy,7,1,7
FR,Italy,Switzerland,0,3,0
PC,Spain,Thailand,0,1,0
VY,Czech Republic,Spain,1,0,1
UO,Hong Kong,South Korea,0,3,0
UA,Panama,Turkey,0,1,0
AZ,Italy,South Korea,2,7,2
AZ,Italy,Colombia,0,26,0
GQ,Germany,Greece,0,1,0
AK,Malaysia,Indonesia,0,2,0
OS,Denmark,Italy,0,1,0
W6,Serbia,Spain,0,1,0
A3,Germany,Greece,1,6,1
W6,Italy,Spain,0,38,0
U2,Denmark,Portugal,2,0,2
VY,Greece,Spain,1,7,1
UX,Venezuela,Italy,0,4,0
WY,Thailand,Turkey,0,1,0
DY,Sweden,Pakistan,0,3,0
LX,Italy,Hungary,1,2,1
SK,Estonia,Italy,0,1,0
TK,Azerbaijan,Italy,1,0,1
MH,Australia,Italy,0,2,0
KE,South Korea,Italy,1,2,1
LX,Italy,Maldives,1,2,1
AV,Spain,Chile,4,0,4
JQ,Japan,Japan,8,0,8
UG,Tunisia,Tunisia,0,7,0
DM,Mexico,Dominican Republic,2,0,2
FO,Argentina,,0,1,0
PK,Italy,Pakistan,0,2,0
VY,United Kingdom,Spain,1,0,1
SQ,Italy,Myanmar,0,1,0
AH,Italy,Niger,0,1,0
NT,Spain,Spain,0,14,0
PC,United Arab Emirates,Italy,1,1,1
QH,Vietnam,Vietnam,4,0,4
PC,Italy,Kazakhstan,3,1,3
EK,United Arab Emirates,South Africa,0,1,0
LH,India,Italy,2,0,2
SQ,United Kingdom,Australia,1,0,1
NO,Cape Verde,Italy,1,0,1
H4,Germany,Moldova,0,1,0
QR,United Kingdom,Pakistan,0,1,0
TK,United Kingdom,Egypt,0,1,0
AZ,Switzerland,Italy,5,6,5
W4,Italy,Albania,493,490,488
TP,Portugal,France,2,2,2
FR,Spain,Poland,1,2,1
AZ,Italy,Lebanon,1,1,1
D7,Australia,Italy,0,9,0
AT,Morocco,Spain,1,6,1
TK,Georgia,France,0,1,0
AZ,Italy,Iceland,0,1,0
U2,Spain,Portugal,3,0,3
UX,Argentina,Spain,0,1,0
2W,Cuba,Italy,0,4,0
W6,Italy,Australia,0,3,0
IW,Indonesia,Indonesia,0,1,0
MS,Italy,Rwanda,0,1,0
I2,Spain,Republic of Ireland,1,0,1
MH,Malaysia,,0,1,0
W4,Egypt,Italy,0,1,0
FR,United Kingdom,France,2,1,2
W4,Italy,Norway,0,8,0
KL,Germany,Italy,2,0,2
AZ,Italy,Kyrgyzstan,0,5,0
PD,Canada,Canada,4,1,4
LX,Denmark,Italy,0,1,0
IB,Italy,Bolivia,0,1,0
FR,Germany,Armenia,0,1,0
AZ,Germany,Argentina,0,1,0
AZ,Italy,Netherlands,19,76,19
WS,Italy,Canada,1,7,1
TK,Italy,Australia,0,8,0
LH,Italy,Brazil,12,11,12
LX,Italy,Sweden,0,2,0
FR,United Kingdom,Denmark,1,0,1
EY,South Korea,Italy,4,1,4
LX,Italy,Dominican Republic,2,5,2
LH,Italy,Finland,2,4,2
AF,Italy,United Arab Emirates,5,0,5
KC,Kazakhstan,Turkey,1,0,1
TP,France,Spain,0,1,0
DL,United States,Mexico,2,0,2
FR,Italy,Republic of Ireland,101,160,100
QZ,Indonesia,Malaysia,0,3,0
JU,Slovenia,Albania,3,4,3
WY,Malaysia,Italy,0,1,0
AR,Brazil,Argentina,0,3,0
W4,Italy,Republic of Kosovo,4,8,4
KL,Italy,Ghana,2,0,2
TK,India,Italy,0,1,0
IB,Venezuela,Spain,0,1,0
AF,Italy,Netherlands,0,1,0
KL,Italy,Brazil,0,4,0
WS,Italy,United States,0,2,0
QF,United Kingdom,Singapore,1,0,1
A3,Greece,Hungary,0,2,0
RO,Italy,Romania,0,3,0
W6,United Arab Emirates,Italy,4,26,4
AF,Italy,United Kingdom,0,2,0
TA,Nicaragua,Italy,0,4,0
A3,Turkey,Greece,3,0,3
U2,Netherlands,Switzerland,1,0,1
MS,Egypt,Azerbaijan,0,1,0
LH,Austria,Italy,1,0,1
EY,United Arab Emirates,Singapore,0,1,0
FR,Italy,Kyrgyzstan,0,1,0
LA,Peru,Italy,0,2,0
W6,Germany,Georgia,1,2,1
MS,Saudi Arabia,Italy,0,2,0
Z0,United States,France,1,0,1
OR,Bonaire,Netherlands,1,0,1
D7,China,Malaysia,0,1,0
CA,Italy,Hong Kong,0,4,0
FR,Malta,Albania,0,1,0
NO,Italy,Kenya,5,9,5
DL,Canada,United States,2,0,2
BA,United States,Italy,9,2,9
OZ,Italy,,0,1,0
OG,United States,Italy,0,3,0
EK,Morocco,United Arab Emirates,1,0,1
BY,United Kingdom,Croatia,1,0,1
UX,Colombia,Spain,0,1,0
AF,Italy,Czech Republic,0,1,0
SQ,Netherlands,Australia,1,0,1
AY,Poland,Finland,1,0,1
SK,Italy,Finland,0,1,0
AK,Malaysia,Malaysia,0,14,0
AV,Colombia,Ecuador,1,0,1
W4,Italy,Montenegro,11,10,11
SV,Italy,Malaysia,1,17,1
Y4,Guatemala,Mexico,0,1,0
LH,Finland,Germany,1,0,1
AZ,Japan,Italy,1,0,1
TK,Guatemala,Turkey,0,1,0
W6,Bosnia and Herzegovina,Italy,0,1,0
LX,Italy,Denmark,0,1,0
AF,Italy,Faroe Islands,1,8,1
CA,Italy,China,6,121,6
EY,Italy,Philippines,7,21,7
LA,Brazil,Spain,0,3,0
DL,United States,Canada,1,0,1
AV,Colombia,Spain,3,1,3
NO,Italy,Tanzania,4,0,4
W4,Iceland,Italy,4,0,4
EY,Italy,Seychelles,0,1,0
TK,Italy,Hong Kong,0,2,0
TK,Italy,Israel,2,1,2
9I,India,India,0,1,0
UR,Uganda,Kenya,0,1,0
2W,Spain,Cuba,0,7,0
E9,Spain,Mexico,0,1,0
FR,Germany,Denmark,1,1,1
VY,France,Denmark,1,0,1
FR,Italy,Kenya,0,2,0
IB,United States,Italy,0,1,0
VY,France,Italy,45,14,45
PG,Thailand,Italy,0,6,0
VY,Spain,Egypt,0,1,0
ET,Ethiopia,Italy,1,1,1
W6,Hungary,Netherlands,1,0,1
MU,China,Italy,0,1,0
NP,Egypt,Egypt,0,3,0
AV,Colombia,Colombia,13,21,13
UX,Italy,Colombia,2,10,2
AZ,Italy,Argentina,9,53,9
BA,Italy,Brazil,2,0,2
W6,Armenia,United Kingdom,0,2,0
LH,Italy,Austria,1,4,1
UX,Venezuela,Spain,0,2,0
KM,Germany,Malta,0,1,0
DE,Italy,,5,0,5
AZ,Tunisia,Greece,0,1,0
U5,Nigeria,Nigeria,0,1,0
FR,France,France,0,1,0
TG,Switzerland,Thailand,3,0,3
AF,Italy,Togo,1,0,1
LH,Mexico,Italy,1,0,1
NR,Maldives,Italy,0,1,0
V7,Greece,Italy,68,24,67
AF,Italy,Indonesia,0,4,0
VY,France,United Kingdom,2,0,2
FZ,Italy,Oman,0,1,0
LO,Bosnia and Herzegovina,Italy,0,1,0
XR,Greece,Italy,0,1,0
ET,South Africa,Italy,1,2,1
AA,France,United States,1,0,1
AT,Ivory Coast,Morocco,0,1,0
W4,Italy,Italy,1444,1781,1430
FR,Republic of Ireland,Italy,28,25,28
AT,Italy,Togo,0,2,0
FB,Italy,Bulgaria,0,6,0
AF,Italy,China,2,10,2
AF,Italy,Peru,8,5,8
GF,Italy,,0,2,0
FD,Thailand,Indonesia,0,5,0
CM,Venezuela,Argentina,0,1,0
OG,United Kingdom,Iceland,1,1,1
DE,France,Germany,4,1,4
AF,Italy,French Polynesia,0,1,0
TK,Saudi Arabia,Denmark,0,2,0
SQ,United Kingdom,Singapore,1,0,1
QR,Qatar,,0,2,0
AZ,Italy,United Kingdom,15,28,15
G3,Brazil,Italy,0,3,0
2B,Italy,Albania,0,66,0
AF,France,Spain,4,5,4
W9,United Kingdom,Spain,1,2,1
EY,Italy,Pakistan,0,2,0
LH,United States,Italy,14,10,14
EK,Hong Kong,Italy,0,2,0
KQ,France,Tanzania,2,0,2
AZ,Bulgaria,Italy,2,3,2
GQ,Greece,Spain,0,1,0
LH,Czech Republic,Italy,1,1,1
W2,Greece,Italy,0,1,0
AT,Italy,United States,0,1,0
EW,Greece,Germany,1,0,1
W6,Italy,Italy,0,75,0
LX,Italy,Switzerland,10,20,10
TR,Thailand,Singapore,0,1,0
FR,Sweden,France,0,9,0
FR,Italy,Colombia,0,7,0
KL,Belgium,Japan,0,2,0
QR,Vietnam,Italy,0,3,0
AZ,Spain,Brazil,0,1,0
LX,Italy,Thailand,22,30,22
TR,Australia,Italy,0,6,0
SK,Denmark,Italy,6,2,6
KL,Norway,,1,1,1
IB,Venezuela,Italy,4,0,4
TX,France,Martinique,1,1,1
JU,Germany,Italy,0,1,0
CA,Cambodia,Italy,0,1,0
TX,Guadeloupe,Italy,0,1,0
TK,Spain,Peru,0,1,0
EW,Italy,Sweden,7,15,7
LY,Italy,Mexico,0,1,0
TK,Austria,,0,6,0
KU,Italy,Malaysia,0,5,0
AC,United States,Italy,1,0,1
FR,Netherlands,Malta,1,0,1
G9,Pakistan,Italy,3,2,3
KL,Brazil,Italy,0,3,0
EW,Germany,Germany,3,2,3
FR,Poland,Croatia,0,1,0
AC,Italy,Canada,13,74,13
UX,Brazil,Italy,0,2,0
W9,France,United Kingdom,2,4,2
TK,Italy,United Arab Emirates,5,13,5
KL,France,Italy,2,0,2
W9,Italy,Norway,0,1,0
KL,Italy,Thailand,4,0,4
OU,Bosnia and Herzegovina,,0,2,0
NP,Egypt,,0,4,0
SK,Sweden,Norway,0,2,0
LX,Italy,Slovenia,0,1,0
BA,United Kingdom,France,0,2,0
RJ,Italy,United Arab Emirates,0,1,0
XR,Spain,Belgium,0,1,0
AZ,Spain,India,1,0,1
TP,Italy,Senegal,1,12,1
EK,Italy,Thailand,26,13,26
DE,Italy,Canada,1,4,1
OS,Italy,Turkey,0,1,0
H4,Israel,Moldova,0,1,0
KL,Denmark,Italy,2,7,2
W6,Italy,Norway,0,4,0
LX,Singapore,Italy,6,5,6
LH,Germany,Panama,0,1,0
MS,Italy,Australia,0,5,0
PC,Sweden,Turkey,1,0,1
LA,Paraguay,Germany,0,1,0
BR,Japan,Italy,0,2,0
QR,Italy,Kenya,1,1,1
CA,Italy,Taiwan,0,4,0
SV,Italy,Saudi Arabia,1,10,1
KM,Germany,Italy,0,2,0
U2,France,Spain,6,1,6
AV,Chile,Spain,1,0,1
IB,France,Spain,2,2,2
AS,United States,,0,2,0
JA,Chile,Chile,3,1,3
E9,Cuba,Spain,0,2,0
FR,Italy,Chile,0,2,0
LH,Argentina,Germany,0,1,0
U2,United Kingdom,Spain,3,0,3
F9,United States,Italy,0,1,0
AV,United States,Curaçao,1,1,1
SN,Belgium,Italy,14,14,14
TK,Italy,Mexico,1,1,1
AT,Morocco,Western Sahara,2,0,2
TP,Italy,Colombia,0,2,0
W4,Albania,Italy,52,65,51
JU,Albania,Spain,3,0,3
AA,Mexico,United States,1,0,1
SN,Italy,The Gambia,0,3,0
EW,Hungary,Germany,1,0,1
VY,Italy,Republic of Ireland,0,1,0
TK,Luxembourg,Azerbaijan,0,1,0
OS,Austria,Belgium,1,0,1
A3,Turkey,Italy,0,1,0
IB,Spain,Panama,1,1,1
X3,Spain,Germany,0,1,0
AK,Indonesia,Malaysia,0,3,0
MS,Italy,China,0,6,0
FM,China,Italy,0,2,0
EW,Iceland,Italy,3,3,3
NH,United States,Mexico,0,1,0
KL,Netherlands,France,1,1,1
OS,France,Austria,1,0,1
TK,Bosnia and Herzegovina,Turkey,0,2,0
QR,Kenya,Italy,1,0,1
W6,Poland,Spain,0,2,0
IB,Italy,El Salvador,0,2,0
SP,Portugal,Portugal,0,12,0
3L,Turkey,United Arab Emirates,0,1,0
U2,France,United Kingdom,10,0,10
SQ,Germany,Singapore,1,0,1
VN,France,Vietnam,0,1,0
AZ,Malta,Albania,2,0,2
AM,Cuba,Mexico,0,2,0
EW,Switzerland,Czech Republic,1,0,1
AI,Thailand,Italy,0,17,0
U2,Italy,Malta,77,12,76
TK,Italy,Thailand,7,28,7
CI,Italy,Philippines,0,9,0
V7,Spain,Spain,2,1,2
FR,United Kingdom,,0,8,0
SQ,United Arab Emirates,Singapore,0,1,0
IB,France,Brazil,2,0,2
Z2,Japan,Philippines,0,1,0
HT,Italy,Greece,0,1,0
SQ,Italy,Cambodia,0,2,0
CZ,Italy,Philippines,0,4,0
KM,Italy,Cyprus,0,4,0
AZ,Italy,Luxembourg,1,6,1
AF,China,Italy,2,1,2
FR,Romania,,0,1,0
KL,Portugal,Germany,2,0,2
AZ,Brazil,Italy,4,2,4
HV,France,Algeria,1,0,1
6E,Italy,,0,1,0
QR,Nepal,Spain,1,0,1
VY,Spain,Belgium,1,0,1
UA,Italy,Costa Rica,3,2,3
HC,Senegal,Italy,0,1,0
EW,Germany,Spain,9,4,9
TK,Senegal,Italy,10,10,10
OS,Italy,India,0,4,0
IB,Italy,France,2,1,2
FZ,Italy,United Arab Emirates,4,26,4
AF,Finland,Italy,1,0,1
QR,Italy,New Zealand,3,9,3
EY,Japan,Seychelles,1,0,1
MS,Italy,Lebanon,0,4,0
KE,South Korea,Switzerland,0,2,0
GQ,Greece,Germany,1,1,1
AV,United Kingdom,Colombia,2,0,2
"",Argentina,Italy,1,0,1
OS,Austria,United States,1,0,1
LO,Italy,,0,4,0
TK,Mexico,Italy,2,2,2
WJ,Argentina,Chile,0,1,0
W4,Greece,Albania,0,3,0
FR,Portugal,Spain,4,4,4
"",Argentina,Spain,1,0,1
LO,Italy,Moldova,1,1,1
IB,Germany,Cuba,0,1,0
AZ,Italy,Ivory Coast,0,2,0
NT,Spain,Morocco,0,2,0
LX,Spain,United States,0,1,0
DL,Italy,,15,0,15
U2,Italy,Czech Republic,34,4,34
EY,Italy,Maldives,4,12,4
KL,Colombia,Germany,0,6,0
TU,Switzerland,Tunisia,0,2,0
CY,Egypt,Italy,0,3,0
EK,Italy,Ecuador,0,1,0
KE,Italy,Japan,7,3,7
U2,Belgium,France,2,0,2
EY,Italy,Sri Lanka,1,5,1
JU,Albania,Hungary,0,3,0
W6,Czech Republic,Cyprus,1,0,1
SN,Ivory Coast,France,0,1,0
PC,Italy,Iran,3,18,3
W6,Italy,Uzbekistan,0,8,0
U2,Netherlands,Italy,55,9,54
W4,Italy,Philippines,0,2,0
W6,Italy,United Kingdom,0,16,0
CM,Argentina,Italy,0,4,0
LS,United Kingdom,Spain,1,0,1
LH,Estonia,Italy,2,0,2
BA,United States,Egypt,0,1,0
LH,Spain,Italy,1,4,1
SQ,Indonesia,India,1,0,1
FR,Italy,Armenia,0,1,0
BY,United Kingdom,Greece,1,0,1
AV,Colombia,Peru,1,0,1
CM,Costa Rica,Dominican Republic,0,1,0
U2,Germany,Italy,31,5,31
NO,Kenya,Greece,0,1,0
SV,Italy,South Korea,0,3,0
VY,Spain,,0,2,0
QR,Italy,South Korea,0,2,0
KL,Luxembourg,Italy,0,1,0
V7,Italy,United States,0,1,0
DM,Dominican Republic,Colombia,2,0,2
SV,Egypt,United Arab Emirates,0,1,0
EW,Germany,Georgia,0,1,0
7C,Japan,Philippines,0,1,0
G9,Kenya,Italy,0,2,0
SK,Netherlands,Denmark,1,0,1
FR,France,Belgium,1,0,1
AT,Italy,Ghana,0,11,0
PC,Turkey,Italy,32,21,32
AY,United States,United Kingdom,2,0,2
KL,China,Italy,6,5,6
KS,Italy,Italy,2,0,2
FR,Italy,Mexico,0,5,0
5J,Philippines,Australia,1,2,1
FR,Croatia,Germany,0,1,0
FJ,Japan,Fiji,1,0,1
LH,Greece,Belgium,1,0,1
A3,Egypt,Greece,1,0,1
LX,Belgium,Italy,1,0,1
WY,Italy,Tanzania,4,15,4
MH,Malaysia,Malaysia,1,2,1
A3,Greece,Greece,8,5,8
DE,Italy,Cuba,10,12,10
OS,Italy,Moldova,3,0,3
BY,Mexico,United Kingdom,6,0,6
KM,Italy,Spain,0,2,0
MS,Italy,Saudi Arabia,0,4,0
VY,Spain,Switzerland,1,0,1
DT,Angola,Angola,0,1,0
U2,France,Germany,1,0,1
AK,Vietnam,Malaysia,0,1,0
FZ,United Arab Emirates,Saudi Arabia,0,2,0
GF,Italy,France,0,1,0
JU,Serbia,France,1,0,1
V7,France,Algeria,1,2,1
KL,Germany,Norway,1,0,1
TK,Italy,Uzbekistan,8,14,8
AZ,Italy,China,0,23,0
CI,Italy,Vietnam,0,4,0
FR,Spain,Sweden,2,0,2
CA,Italy,Philippines,0,12,0
QG,Indonesia,Indonesia,0,1,0
FR,Bulgaria,Netherlands,1,0,1
Z8,Bolivia,Bolivia,1,0,1
OS,Greece,Italy,0,1,0
LH,Italy,Lebanon,4,3,4
RO,Lebanon,Italy,0,1,0
KL,Italy,Trinidad and Tobago,1,0,1
EI,United States,Italy,4,2,4
W6,Italy,Iceland,0,1,0
VY,Netherlands,Italy,3,0,3
3U,Thailand,Italy,0,1,0
RJ,Italy,,0,2,0
TK,Italy,Kazakhstan,1,3,1
OS,Italy,Iceland,2,2,2
TP,France,Mexico,0,1,0
UX,Switzerland,Spain,0,1,0
W6,Italy,Bulgaria,29,37,29
FR,Greece,Bulgaria,2,4,2
LH,Italy,Netherlands,6,0,6
W6,Italy,Georgia,3,1,3
5W,Saudi Arabia,Qatar,0,1,0
V7,France,France,1,1,1
W4,Italy,Indonesia,0,1,0
LH,Singapore,Germany,1,0,1
OG,Iceland,Denmark,3,0,3
AF,Thailand,Italy,0,1,0
TK,France,Turkey,1,3,1
VJ,Vietnam,Vietnam,0,14,0
AP,Italy,Italy,0,7,0
ME,Italy,Lebanon,1,0,1
AZ,Italy,Hungary,0,2,0
UA,Guatemala,Italy,0,2,0
N0,Thailand,Norway,1,0,1
G9,Kenya,Malaysia,1,0,1
PC,Netherlands,United Arab Emirates,2,0,2
"",Republic of Kosovo,Germany,1,0,1
LO,Italy,South Korea,0,1,0
DY,Norway,Hungary,0,3,0
FN,Zimbabwe,Zimbabwe,0,1,0
U2,Czech Republic,Portugal,0,1,0
UX,Italy,Cuba,17,80,17
AZ,Italy,Dominican Republic,0,3,0
BA,United Kingdom,Colombia,2,0,2
KU,Italy,Thailand,2,3,2
HA,United States,United States,0,5,0
"",Italy,Argentina,3,0,3
3U,Italy,Thailand,0,1,0
LG,Luxembourg,Italy,3,7,3
AF,Réunion,France,1,0,1
LO,Italy,Canada,0,1,0
AZ,Italy,Vietnam,0,3,0
OG,United Kingdom,United States,2,0,2
AF,France,Martinique,1,1,1
IB,United Kingdom,Colombia,1,0,1
U2,Italy,Tunisia,0,10,0
W6,Republic of Macedonia,Italy,2,4,2
3U,Italy,China,0,4,0
MS,Kenya,Italy,0,4,0
V7,Italy,Germany,1,4,1
KL,Italy,Republic of Ireland,7,0,7
OD,Indonesia,Macau,0,1,0
EY,Australia,Switzerland,1,0,1
FR,Germany,Poland,1,0,1
AF,Republic of Ireland,Italy,0,2,0
FZ,Pakistan,Italy,0,1,0
NH,Japan,Taiwan,1,0,1
FO,Argentina,Argentina,15,6,15
LH,South Africa,Italy,7,4,7
AV,Spain,Colombia,7,2,7
VY,Morocco,Spain,7,0,7
"",Italy,Germany,0,13,0
BA,United States,France,1,0,1
TU,Tunisia,France,0,5,0
EW,Greece,Italy,1,1,1
KE,Japan,South Korea,1,0,1
TK,Thailand,Italy,1,0,1
TK,Malaysia,Italy,0,1,0
IB,Italy,Ecuador,1,8,1
DL,Italy,Argentina,2,0,2
W6,Egypt,Italy,22,12,22
KL,Italy,Japan,4,1,4
RO,Egypt,Italy,0,2,0
VJ,South Korea,Vietnam,0,5,0
SN,France,Belgium,2,0,2
EY,Italy,Oman,0,1,0
KL,France,Netherlands,1,1,1
DE,Germany,Turkey,0,1,0
TR,Indonesia,Italy,0,1,0
EW,Italy,Portugal,0,2,0
PC,Oman,Turkey,0,1,0
FR,Austria,Croatia,1,0,1
LO,China,Czech Republic,1,0,1
FR,Italy,Sri Lanka,0,8,0
FR,Portugal,Morocco,1,0,1
HV,Italy,Netherlands,30,55,30
KL,Italy,South Africa,11,8,11
LA,Italy,Chile,11,8,11
S4,Portugal,Italy,0,1,0
SN,Belgium,Lithuania,2,0,2
A3,Egypt,Albania,0,4,0
CI,Japan,Italy,0,7,0
BA,Luxembourg,United Kingdom,2,0,2
J2,Italy,Azerbaijan,1,1,1
EY,South Korea,Switzerland,1,1,1
KQ,South Africa,Kenya,1,0,1
BA,France,United States,2,0,2
AF,Peru,Italy,6,2,6
W6,Poland,Malta,3,0,3
KM,France,Malta,0,2,0
EY,Belgium,Sri Lanka,1,0,1
OS,France,Mauritius,1,2,1
LX,Switzerland,Spain,1,2,1
TK,Italy,Kyrgyzstan,1,2,1
EK,Italy,Seychelles,12,6,12
LH,Italy,Cuba,0,1,0
ET,Italy,Madagascar,1,13,1
A3,Italy,,0,3,0
IB,Dominican Republic,Italy,2,4,2
W4,Italy,Belgium,0,3,0
IB,Italy,Panama,2,1,2
ZB,Italy,Albania,0,16,0
VS,United Kingdom,United States,0,6,0
FI,Netherlands,United States,0,1,0
GQ,France,Greece,0,5,0
Y4,Mexico,United States,0,2,0
AA,Cuba,United States,1,0,1
V7,Italy,Turkey,0,1,0
ET,Italy,Seychelles,8,9,8
SV,Italy,Pakistan,1,13,1
KU,Turkey,Philippines,0,2,0
EK,Philippines,Italy,0,2,0
KL,Italy,Denmark,1,3,1
CA,Italy,Singapore,0,2,0
W6,Poland,Bulgaria,0,1,0
SQ,Nepal,Indonesia,1,0,1
BA,Italy,India,0,1,0
PC,Italy,Greece,0,1,0
IB,Italy,Uruguay,2,4,2
PC,Turkey,Germany,0,6,0
OA,Greece,Italy,0,3,0
UA,Panama,Italy,0,1,0
W4,Poland,Italy,3,0,3
LO,Poland,Italy,2,1,2
AT,Germany,Morocco,2,1,2
W6,Saudi Arabia,Morocco,0,2,0
AT,The Gambia,Italy,0,1,0
W6,Italy,Nepal,0,3,0
EW,Italy,Croatia,0,1,0
U2,Italy,Republic of Ireland,0,1,0
LG,Czech Republic,Luxembourg,0,2,0
LA,Uruguay,Brazil,1,0,1
LX,United States,Italy,1,1,1
OS,Italy,Greece,1,10,1
DL,Italy,United States,73,0,72
U2,Italy,Senegal,0,2,0
U2,Italy,Finland,0,2,0
JU,Germany,Albania,1,0,1
4Z,Mozambique,Italy,0,1,0
EN,Italy,Japan,1,2,1
U2,United Kingdom,Netherlands,1,0,1
DL,United States,Dominican Republic,2,0,2
UA,United States,,1,2,1
LX,Spain,Switzerland,0,2,0
KE,South Korea,Thailand,0,1,0
BR,Italy,Cambodia,0,1,0
AK,Thailand,Indonesia,0,1,0
EK,United Arab Emirates,Singapore,1,0,1
FR,Romania,Italy,26,35,26
AF,Panama,Italy,2,2,2
SK,Republic of Ireland,Italy,0,1,0
6E,Nepal,India,0,8,0
W6,Netherlands,Poland,0,1,0
SV,Egypt,Indonesia,0,1,0
LO,Italy,Japan,0,2,0
W4,Italy,Egypt,0,7,0
SV,Saudi Arabia,Egypt,0,5,0
EI,Republic of Ireland,Canada,0,1,0
AF,France,Vietnam,0,1,0
LX,Italy,Serbia,0,1,0
A3,United Kingdom,Egypt,0,2,0
VY,Argentina,Italy,2,3,2
VY,Spain,Italy,139,83,138
W4,Italy,Spain,558,848,552
TR,Malaysia,Singapore,0,5,0
AD,Brazil,,0,1,0
SV,Italy,Philippines,0,6,0
IB,United States,United Kingdom,0,1,0
CZ,Italy,Vietnam,0,5,0
DL,Italy,Peru,3,0,3
U2,France,Italy,187,14,185
VY,France,Spain,14,8,14
OS,Italy,Japan,13,47,13
LO,Egypt,Italy,0,6,0
FZ,Nepal,United Arab Emirates,1,0,1
CI,Indonesia,Italy,0,1,0
UM,Zimbabwe,Zimbabwe,0,1,0
KE,Italy,New Zealand,0,1,0
TB,Belgium,Morocco,0,2,0
AT,Italy,Nigeria,0,3,0
W6,Austria,Italy,0,1,0
TP,Spain,Switzerland,0,1,0
NO,Italy,Cuba,20,10,20
VY,Spain,Croatia,3,0,3
UA,Mexico,Italy,0,4,0
LA,Brazil,Portugal,1,1,1
U2,Portugal,United Kingdom,2,0,2
LH,Bosnia and Herzegovina,Italy,0,2,0
AC,Austria,United States,0,1,0
FR,Italy,Republic of Kosovo,0,1,0
U2,Italy,India,0,1,0
W6,Italy,Thailand,0,13,0
U2,United Kingdom,Italy,95,4,94
TK,United Arab Emirates,Italy,4,3,4
W4,Israel,Italy,3,2,3
LH,Italy,Singapore,3,3,3
F8,United States,Canada,0,6,0
KL,Italy,Ecuador,2,2,2
AC,France,,0,1,0
DG,Philippines,,0,6,0
CZ,Philippines,United Arab Emirates,0,1,0
WY,Italy,Oman,3,4,3
HT,Italy,Italy,0,4,0
HU,China,Japan,0,1,0
KL,Colombia,Italy,1,1,1
DY,Italy,United Kingdom,0,1,0
SK,Italy,United States,6,13,6
AZ,India,Italy,0,2,0
QZ,Thailand,Indonesia,0,1,0
W6,Italy,Netherlands,31,41,31
AV,Costa Rica,Spain,0,2,0
AT,Morocco,United Kingdom,0,6,0
AZ,Italy,Albania,5,36,5
AA,United States,Mexico,5,0,5
SM,Italy,,0,6,0
FR,Italy,Faroe Islands,0,2,0
EK,Kenya,Italy,0,2,0
EY,United Arab Emirates,Thailand,1,0,1
AV,Peru,Spain,0,4,0
FR,Spain,United Kingdom,1,3,1
W4,Italy,United Kingdom,222,220,220
U2,Italy,Morocco,52,19,51
W6,Italy,France,63,112,62
RJ,Egypt,Italy,0,7,0
PC,Turkey,Turkey,0,5,0
FI,Norway,Iceland,0,2,0
GA,Indonesia,Indonesia,0,1,0
LH,Germany,India,1,0,1
TP,Portugal,Netherlands,0,1,0
UA,Italy,Honduras,0,1,0
EK,Thailand,United Arab Emirates,0,1,0
KL,Italy,Netherlands,78,94,77
W4,Romania,Italy,80,77,79
I5,India,India,3,1,3
SQ,Italy,Spain,9,5,9
KL,Italy,Croatia,1,0,1
AZ,Italy,Jordan,1,4,1
KL,Italy,Iceland,2,7,2
LH,Germany,Brazil,2,0,2
ET,South Korea,Japan,2,2,2
FB,Bulgaria,Italy,0,5,0
AV,Argentina,Spain,5,0,5
LX,Italy,India,0,1,0
CM,Dominican Republic,Ecuador,2,1,2
AM,Mexico,United States,0,1,0
9X,United States,United States,0,1,0
LO,Slovakia,Italy,0,1,0
TR,Singapore,Vietnam,2,0,2
LO,Italy,Egypt,0,1,0
6E,India,Bangladesh,1,0,1
U2,France,Israel,2,0,2
TK,Italy,Iraq,0,3,0
EK,India,United Kingdom,1,0,1
QR,Italy,Oman,0,3,0
SG,India,India,1,0,1
IB,Cuba,Spain,1,0,1
VY,Spain,France,4,2,4
EY,Maldives,Spain,0,1,0
BA,Antigua and Barbuda,Italy,0,1,0
W4,Israel,Spain,0,1,0
A3,Italy,Armenia,0,1,0
FR,Italy,United Arab Emirates,0,10,0
QR,China,Italy,0,1,0
HC,Cape Verde,Italy,0,1,0
LA,Chile,Italy,0,9,0
OR,Bonaire,Italy,0,1,0
AV,Peru,Aruba,1,0,1
MK,France,Mauritius,1,0,1
VY,Portugal,Italy,0,3,0
CZ,France,Vietnam,1,0,1
BT,Lithuania,Latvia,1,0,1
EN,Italy,Mexico,0,1,0
FM,Panama,China,0,1,0
FR,Italy,Lithuania,12,20,12
ZB,Turkey,Albania,0,7,0
MK,Italy,Mauritius,0,11,0
NO,Kenya,Italy,0,2,0
6E,United Arab Emirates,Thailand,1,0,1
KL,Italy,Czech Republic,0,8,0
7C,Japan,South Korea,2,2,2
B6,United States,Turks and Caicos Islands,0,1,0
WY,Italy,Philippines,0,1,0
LX,Italy,Hong Kong,1,1,1
FR,Czech Republic,Greece,0,1,0
PK,Pakistan,Spain,0,3,0
TR,Singapore,Indonesia,8,5,8
A3,Albania,Greece,1,0,1
EK,Saudi Arabia,Indonesia,0,5,0
N0,Italy,Costa Rica,0,1,0
EY,Italy,Malaysia,4,2,4
OS,Austria,,0,1,0
EI,United Kingdom,United States,1,0,1
U2,France,Netherlands,1,0,1
FR,United Kingdom,Croatia,1,0,1
IB,Colombia,Spain,0,8,0
OG,Italy,Iceland,21,26,21
V7,Spain,Italy,11,11,11
MH,Italy,Malaysia,0,4,0
FR,Italy,United States,0,19,0
AK,Maldives,Malaysia,0,2,0
LH,Austria,France,0,2,0
EK,Vietnam,Italy,1,5,1
FR,Estonia,Sweden,1,1,1
SN,Portugal,United States,0,1,0
AF,Italy,Kenya,0,4,0
CA,Vietnam,Italy,0,1,0
SV,Lebanon,Vietnam,0,1,0
AY,Italy,Estonia,1,0,1
FR,Italy,Turkey,0,29,0
W6,Italy,Czech Republic,76,132,75
PC,United Kingdom,Turkey,0,1,0
AZ,Colombia,Italy,4,0,4
CA,Thailand,Italy,0,5,0
VJ,Vietnam,Indonesia,0,3,0
HV,Italy,Martinique,1,0,1
IB,Spain,Germany,1,0,1
PC,Italy,Azerbaijan,1,0,1
DL,Italy,Canada,1,0,1
MS,Egypt,Italy,0,32,0
FR,Netherlands,Italy,27,32,27
AZ,Italy,United Arab Emirates,2,9,2
ET,Ethiopia,Ethiopia,2,0,2
FR,Czech Republic,Italy,12,16,12
HV,Italy,Denmark,0,1,0
W4,Albania,Spain,1,0,1
W4,Czech Republic,Italy,4,2,4
AF,Ivory Coast,France,1,0,1
ET,Ghana,Italy,1,0,1
5W,United Arab Emirates,Uzbekistan,2,3,2
LX,Italy,Iceland,2,1,2
TP,Angola,Italy,0,1,0
3O,Morocco,Morocco,1,1,1
W6,Italy,Germany,0,2,0
LS,United Kingdom,Malta,1,0,1
JU,Italy,Sweden,1,0,1
SK,Norway,Spain,0,1,0
A3,Italy,Jordan,0,1,0
SV,Italy,Thailand,10,71,10
AR,Argentina,Brazil,0,3,0
AC,Canada,Italy,5,5,5
MU,Italy,Japan,0,22,0
AA,Italy,Mexico,7,0,7
FR,Luxembourg,United Kingdom,0,1,0
UA,United States,Dominican Republic,1,0,1
QR,Kazakhstan,Italy,0,1,0
LH,Poland,Italy,5,0,5
AF,Canada,Italy,1,0,1
AZ,Italy,Austria,0,1,0
AY,France,Finland,1,1,1
TK,Turkey,Italy,11,29,11
3O,Belgium,Morocco,0,3,0
SK,Finland,Italy,1,1,1
EN,Italy,Germany,7,2,7
AZ,Tunisia,Spain,0,2,0
AF,Argentina,Italy,0,2,0
DL,United Kingdom,Mexico,1,0,1
LH,Italy,Jordan,0,1,0
HV,France,Tunisia,1,0,1
FR,United Kingdom,Luxembourg,1,0,1
W4,Germany,Italy,5,9,5
FR,Italy,Austria,121,181,120
W6,Italy,Indonesia,0,12,0
OS,Italy,Iran,1,3,1
AF,Brazil,France,0,1,0
W6,Italy,Morocco,0,4,0
LA,Uruguay,Italy,3,4,3
DM,Colombia,Dominican Republic,1,0,1
BQ,Italy,Italy,4,0,4
BZ,Israel,Italy,1,0,1
W6,Italy,Kyrgyzstan,0,2,0
BA,United Kingdom,Mexico,1,0,1
KL,Italy,Poland,4,0,4
FR,Republic of Ireland,Netherlands,1,0,1
VY,Italy,Martinique,0,1,0
FR,Slovakia,,0,1,0
6E,Maldives,India,3,0,3
TP,Brazil,,0,1,0
KL,Italy,Kenya,1,3,1
LH,Iran,,0,1,0
A1,Italy,Moldova,0,1,0
W6,Bulgaria,Netherlands,1,0,1
FR,Israel,Austria,0,3,0
U2,Italy,Turkey,0,3,0
AZ,Albania,United States,1,0,1
OU,Bosnia and Herzegovina,Italy,0,2,0
N0,Italy,Guatemala,0,1,0
BT,Latvia,Netherlands,1,0,1
FR,United Kingdom,Portugal,1,0,1
W4,Azerbaijan,Italy,0,1,0
IB,Finland,United States,0,1,0
2B,Albania,Italy,0,11,0
BA,Italy,China,2,2,2
PC,Germany,Iraq,0,1,0
BA,Italy,Jamaica,1,1,1
AA,Spain,Ecuador,1,0,1
W4,Romania,Spain,0,1,0
LX,Italy,Poland,0,2,0
LX,Belgium,Switzerland,0,1,0
KE,South Korea,Australia,0,1,0
FR,Morocco,Spain,6,2,6
UA,United States,United States,29,5,29
SY,United States,Italy,0,1,0
LS,Italy,,0,3,0
BA,Italy,Maldives,0,1,0
PW,Tanzania,Romania,0,1,0
LH,Italy,Norway,3,5,3
XQ,France,Turkey,0,1,0
TP,Portugal,Germany,0,1,0
MS,Italy,Tanzania,0,15,0
W4,Italy,United States,0,6,0
W4,Spain,Romania,1,0,1
CM,Peru,Italy,0,1,0
EW,Czech Republic,Sweden,1,0,1
AF,Mexico,Italy,2,3,2
MS,Italy,Ghana,0,2,0
HY,Italy,South Korea,0,1,0
EY,South Korea,Greece,1,0,1
LH,Romania,France,0,1,0
SN,Portugal,Mexico,0,3,0
EK,Egypt,Mauritius,0,1,0
AI,Italy,India,0,56,0
G4,United States,United States,0,3,0
FR,Greece,Belgium,1,0,1
OS,Italy,China,1,0,1
FR,Italy,Saudi Arabia,0,2,0
ZB,Germany,Albania,0,2,0
W4,Albania,Greece,0,1,0
NO,Italy,Kazakhstan,0,1,0
KE,South Korea,China,0,1,0
LH,Germany,Luxembourg,1,0,1
W6,Poland,Italy,28,10,28
AF,India,Morocco,0,1,0
LH,Italy,Morocco,0,6,0
VY,Italy,Chile,5,15,5
EW,Italy,Spain,2,20,2
AZ,Italy,El Salvador,0,3,0
SK,Switzerland,Iceland,1,0,1
KL,Italy,France,4,3,4
LX,Spain,Japan,0,1,0
KL,Germany,Netherlands,1,0,1
QR,Italy,Sri Lanka,3,4,3
CA,Singapore,Italy,0,6,0
ET,Italy,Tanzania,7,22,7
TP,United States,Portugal,0,1,0
LY,Israel,Japan,0,1,0
LH,India,Germany,1,0,1
EW,Italy,Armenia,0,1,0
HY,Uzbekistan,Uzbekistan,0,1,0
AA,United States,Dominican Republic,1,0,1
G9,Italy,India,16,27,16
OS,Italy,Montenegro,4,1,4
V7,Italy,Spain,30,43,30
AZ,Italy,Belgium,10,45,10
W4,Italy,Portugal,2,10,2
6E,Italy,India,17,14,17
KL,Italy,Canada,18,5,18
1L,Thailand,Turkey,0,2,0
NK,Puerto Rico,United States,0,1,0
FR,Estonia,Italy,1,7,1
TS,Canada,Italy,0,3,0
LH,Italy,Colombia,0,7,0
LO,Italy,Azerbaijan,0,1,0
OS,Italy,Slovakia,0,2,0
IB,Italy,Nicaragua,0,1,0
VY,Spain,Portugal,2,0,2
I2,Spain,Greece,1,1,1
AV,Aruba,Colombia,1,0,1
VN,Thailand,Vietnam,0,2,0
AZ,Italy,Maldives,2,3,2
OS,Italy,Republic of Macedonia,0,2,0
UA,United States,United Kingdom,1,4,1
SL,Thailand,Thailand,0,10,0
LX,Switzerland,Sweden,0,1,0
RJ,United Arab Emirates,Italy,0,2,0
KS,Romania,Hungary,1,0,1
KL,Italy,Sint Maarten,0,1,0
LH,Italy,New Zealand,0,2,0
SN,Italy,Belgium,55,55,54
W6,Norway,Italy,0,1,0
B6,Sint Maarten,United States,0,2,0
AT,Italy,Western Sahara,0,4,0
FI,United States,Italy,0,2,0
HV,France,Austria,1,0,1
AF,Italy,Denmark,0,2,0
FR,Austria,France,2,0,2
H6,Bulgaria,Spain,0,1,0
CX,Italy,Vietnam,0,1,0
AF,India,Germany,1,1,1
SN,Sweden,Italy,0,1,0
