carrier,origin_country,destination_country,clicks_travix,clicks_competitor,clicks_airlines
AZ,Italy,Italy,464,1051,459
FR,Italy,Italy,3120,5194,3089
AZ,Italy,United States,153,837,151
NO,Italy,Spain,10,22,10
FR,Italy,Spain,1684,2719,1667
NO,Italy,Egypt,50,37,50
TU,Italy,Tunisia,0,96,0
AZ,Italy,,0,82,0
W6,Italy,Egypt,128,237,127
AT,Italy,Morocco,38,136,38
LH,Italy,United States,101,119,100
AR,Argentina,Argentina,0,7,0
LA,Italy,Brazil,32,40,32
FR,Italy,Morocco,118,275,117
FR,Italy,Greece,588,847,582
NO,Italy,Maldives,8,2,8
EI,Italy,United States,26,14,26
LA,Colombia,Colombia,5,5,5
IB,Italy,Spain,165,141,163
BA,Italy,United States,230,278,228
AZ,United States,United States,0,0,0
JU,Italy,Turkey,0,22,0
NO,Egypt,Italy,22,14,22
TK,Italy,Turkey,145,192,144
AZ,Italy,Tunisia,2,31,2
UG,Tunisia,Italy,0,2,0
AT,Morocco,Italy,11,30,11
FR,Italy,Belgium,105,174,104
LH,United States,United States,0,0,0
U2,Italy,Spain,767,130,759
NO,Italy,Dominican Republic,9,16,9
W6,Italy,Jordan,48,61,48
SM,Italy,Egypt,20,146,20
NO,Spain,Italy,1,0,1
KL,Italy,United States,53,142,52
AZ,Egypt,Italy,4,15,4
TP,Italy,United States,23,40,23
MU,Australia,Italy,0,1,0
FR,Italy,Denmark,76,120,75
JU,Italy,Serbia,40,29,40
NO,Italy,United States,8,8,8
AZ,United States,Italy,6,12,6
SK,Italy,,0,3,0
U2,Italy,Italy,1521,219,1506
LH,Italy,,0,63,0
KU,India,Italy,1,3,1
AF,Italy,United States,104,298,103
DX,Italy,Italy,0,57,0
W4,Italy,United Kingdom,220,157,218
FR,Italy,France,282,497,279
FR,Italy,United Kingdom,415,632,411
FR,Italy,Portugal,249,381,247
SV,Italy,Kenya,5,9,5
LY,Italy,Israel,16,12,16
EY,Italy,Indonesia,23,31,23
KL,Italy,Dominican Republic,6,10,6
WY,Switzerland,Thailand,0,1,0
AY,Italy,United States,14,34,14
TK,Italy,The Gambia,0,8,0
IB,Italy,Colombia,16,14,16
SQ,Italy,Thailand,11,9,11
SK,Italy,Denmark,14,29,14
TK,Italy,United States,27,5,27
BA,United States,United States,0,0,0
CZ,Italy,Vietnam,4,13,4
LG,Luxembourg,Italy,2,9,2
BA,Italy,,14,25,14
FR,Italy,Malta,345,505,342
QR,Italy,Thailand,33,96,33
GQ,Greece,Greece,21,40,21
TC,Tanzania,Tanzania,0,7,0
FR,Italy,Jordan,31,35,31
FR,Italy,Czech Republic,106,105,105
JU,Turkey,Italy,2,5,2
V7,Italy,Italy,551,690,546
NP,Egypt,Egypt,0,11,0
AS,United States,United States,0,13,0
IB,Italy,Argentina,19,8,19
FR,Croatia,Italy,10,16,10
AZ,Italy,Spain,15,93,15
IB,Morocco,Spain,0,2,0
QR,Italy,,0,5,0
TK,Italy,South Africa,1,8,1
1L,Italy,France,0,0,0
AZ,Tunisia,Italy,3,4,3
NT,Spain,Spain,0,4,0
QR,India,Italy,5,0,5
EY,Switzerland,Maldives,0,0,0
FR,Italy,Republic of Ireland,96,192,95
4Z,South Africa,South Africa,5,2,5
SN,Italy,,0,0,0
IB,Italy,Mexico,21,37,21
KL,Italy,Mexico,2,9,2
TK,Turkey,Italy,10,24,10
AY,Italy,Japan,3,3,3
LA,Ecuador,Colombia,1,1,1
SM,Egypt,Italy,15,29,15
HC,Senegal,Senegal,0,6,0
LH,Italy,Mexico,3,28,3
LA,Peru,Peru,9,4,9
EK,United States,Italy,0,2,0
EY,United Kingdom,Pakistan,0,0,0
KU,Italy,India,0,6,0
JU,Serbia,Italy,7,1,7
NO,United States,Italy,0,3,0
AZ,Italy,Belgium,16,47,16
IB,Spain,Italy,61,40,60
1L,Italy,Spain,0,0,0
FR,France,Spain,1,6,1
TK,Italy,,0,18,0
NO,Italy,Madagascar,3,2,3
TU,Tunisia,Italy,0,10,0
KL,Italy,,4,37,4
W6,Italy,United Arab Emirates,42,108,42
NO,Italy,Senegal,24,11,24
UX,Italy,Spain,1,22,1
AM,United States,Mexico,0,4,0
SK,Sweden,Norway,1,9,1
TG,Thailand,Thailand,6,15,6
JL,Italy,Japan,0,0,0
FR,Italy,Germany,180,224,178
NO,Italy,Mexico,2,2,2
EY,Italy,Maldives,16,12,16
AZ,Italy,Egypt,9,51,9
LH,United States,Italy,0,3,0
TU,France,Tunisia,0,1,0
AT,Italy,,0,0,0
LO,Italy,Canada,0,0,0
SV,Italy,,0,0,0
SV,Italy,Thailand,2,28,2
AZ,Italy,Morocco,8,41,8
BR,Italy,,0,0,0
H2,Chile,Argentina,0,1,0
BA,Italy,Japan,0,0,0
6E,India,India,16,3,16
AY,Singapore,Italy,3,3,3
TK,Lebanon,Turkey,0,1,0
U2,Italy,France,680,120,673
KM,Malta,Italy,0,15,0
JU,Slovenia,Serbia,0,0,0
CA,Hong Kong,Italy,0,3,0
AZ,Italy,Germany,14,45,14
EK,Italy,Madagascar,0,0,0
EK,Italy,French Polynesia,0,0,0
AK,Sri Lanka,Thailand,0,3,0
MU,Italy,Australia,0,3,0
2W,Dominican Republic,Spain,0,3,0
BA,Spain,Mexico,0,0,0
OB,Peru,Bolivia,0,3,0
AT,Morocco,Morocco,0,1,0
KQ,France,Ethiopia,0,0,0
AI,Thailand,Italy,0,0,0
NO,Dominican Republic,Italy,5,3,5
FR,Italy,Poland,53,85,52
IB,Italy,Chile,1,7,1
BA,Mexico,Italy,6,1,6
CA,Italy,Philippines,0,8,0
LO,Italy,United States,0,2,0
JU,Germany,Turkey,0,1,0
U2,Italy,Egypt,115,50,114
BA,Italy,Panama,0,0,0
HA,United States,United States,0,12,0
1L,Italy,Italy,0,0,0
CA,Italy,Japan,0,102,0
UP,United States,The Bahamas,0,1,0
MS,Italy,Egypt,0,68,0
IB,France,Mexico,1,4,1
QR,Italy,Qatar,2,1,2
KU,Italy,Pakistan,0,6,0
TU,Tunisia,Turkey,0,0,0
RO,Romania,Romania,0,0,0
IZ,Israel,Greece,0,0,0
FR,Spain,Italy,263,354,260
QR,Italy,Australia,7,10,7
JU,Italy,Bosnia and Herzegovina,1,0,1
BA,Germany,United States,1,5,1
FR,Spain,Spain,69,65,68
KM,Switzerland,Italy,0,0,0
W6,Italy,Republic of Macedonia,9,21,9
GF,Pakistan,Italy,0,2,0
LH,United States,Costa Rica,0,0,0
TK,Turkey,Hungary,0,0,0
IB,Italy,Dominican Republic,16,2,16
AF,Italy,,3,56,3
FR,United Kingdom,France,1,0,1
NT,Portugal,Portugal,0,0,0
LA,Chile,Chile,3,4,3
BA,Switzerland,Mexico,0,0,0
DY,Sweden,Norway,0,7,0
EY,Italy,India,7,7,7
V7,Italy,Greece,388,359,384
WY,Tanzania,Italy,0,2,0
AZ,Italy,Israel,2,1,2
EY,Thailand,Italy,2,16,2
SQ,Italy,,0,2,0
EY,Switzerland,Indonesia,1,1,1
LX,Italy,Brazil,7,28,7
LA,Italy,Argentina,4,1,4
LX,Italy,United States,26,39,26
FR,Malta,Greece,2,1,2
LA,Paraguay,Chile,0,0,0
MH,Italy,Malaysia,0,14,0
SQ,Australia,Italy,1,1,1
MU,China,Italy,0,1,0
FR,Italy,Austria,154,200,152
B6,United States,United States,0,8,0
KU,Italy,,0,1,0
TK,Uzbekistan,France,0,0,0
AZ,United States,Mexico,0,0,0
W6,Poland,Italy,17,21,17
ET,India,Italy,0,0,0
BT,Italy,Estonia,0,4,0
GF,Italy,Philippines,0,16,0
IB,Italy,Hong Kong,0,0,0
IB,Italy,United States,5,21,5
IB,Argentina,,3,0,3
TP,Portugal,Portugal,3,8,3
LA,Italy,,0,3,0
HY,Turkey,Uzbekistan,0,0,0
LH,Germany,Mexico,0,3,0
TK,Italy,Australia,0,7,0
FR,Italy,Sweden,39,89,39
OS,Italy,Canada,1,0,1
1L,Italy,Hungary,0,0,0
IB,United Kingdom,Italy,4,9,4
W4,United Kingdom,Italy,58,25,57
LH,Mexico,Italy,1,0,1
XK,France,France,0,2,0
RW,Philippines,Philippines,0,4,0
AZ,Belgium,Italy,2,11,2
EK,Italy,Vietnam,2,1,2
IB,Spain,Colombia,0,0,0
FR,Bulgaria,Italy,4,5,4
DY,Norway,Italy,0,37,0
TP,Italy,,0,12,0
JL,Spain,Japan,0,0,0
BA,Italy,Dominican Republic,0,4,0
KM,Malta,Cyprus,0,3,0
UP,The Bahamas,The Bahamas,0,0,0
EK,Italy,Indonesia,23,7,23
ET,Kenya,Italy,0,0,0
TK,Italy,Qatar,0,2,0
AD,Italy,Brazil,0,7,0
AR,Italy,Argentina,0,61,0
CZ,France,Malaysia,0,3,0
LG,Italy,Luxembourg,13,10,13
TP,Portugal,Italy,22,25,22
AC,Italy,Mexico,0,3,0
ET,Italy,Seychelles,1,7,1
FR,Poland,Italy,22,15,22
AZ,Italy,Argentina,5,41,5
QR,France,Pakistan,0,2,0
AZ,Italy,Algeria,0,3,0
SK,Italy,United States,15,36,15
MS,Egypt,Egypt,0,34,0
IB,Italy,Brazil,4,12,4
ID,Indonesia,Italy,0,0,0
W4,Italy,Italy,1135,1266,1124
IB,Italy,British Virgin Islands,0,0,0
MS,Italy,Kenya,0,5,0
QG,Indonesia,Indonesia,0,6,0
AZ,Canada,United States,0,0,0
EY,Italy,Bangladesh,0,1,0
GA,Indonesia,Italy,0,2,0
IB,Italy,Morocco,0,2,0
ET,South Africa,Italy,0,1,0
NO,Italy,Canada,1,1,1
FR,Germany,Italy,50,53,50
IB,Italy,Peru,35,25,35
MU,Italy,Japan,0,13,0
LH,Mexico,United States,0,0,0
UG,Italy,Tunisia,0,1,0
IB,Italy,Portugal,25,17,25
AZ,Germany,Mexico,0,0,0
W4,Spain,Italy,104,50,103
FZ,United Arab Emirates,Maldives,1,1,1
W4,Albania,Belgium,2,0,2
KL,Italy,South Korea,1,0,1
EW,Italy,Croatia,0,1,0
CA,China,Thailand,0,1,0
AZ,Italy,Colombia,0,11,0
XQ,Italy,Turkey,3,9,3
SQ,Italy,Cambodia,1,3,1
FR,Bulgaria,United Kingdom,2,0,2
AP,Italy,Cape Verde,0,1,0
SV,Saudi Arabia,Egypt,0,1,0
LH,Italy,United Kingdom,10,8,10
FR,Denmark,United Kingdom,1,0,1
AF,Czech Republic,United States,1,0,1
EK,Israel,Japan,1,0,1
W6,Cyprus,Hungary,1,0,1
Y4,Mexico,Guatemala,0,2,0
JL,Germany,Japan,1,0,1
FR,Italy,Dominican Republic,0,10,0
EY,Italy,Thailand,20,48,20
N0,United States,Italy,6,2,6
LH,Italy,Austria,2,10,2
SQ,Italy,Indonesia,28,4,28
IB,Portugal,Spain,2,1,2
PC,Iran,Germany,1,0,1
TR,Australia,Thailand,0,2,0
TW,South Korea,Singapore,0,1,0
UA,United States,Cuba,1,0,1
JU,Spain,Romania,1,1,1
MS,Kenya,Italy,0,5,0
MS,Egypt,Saudi Arabia,0,4,0
LH,Italy,Indonesia,0,5,0
KU,Bangladesh,Italy,0,2,0
EW,Germany,France,0,1,0
HT,Italy,Italy,0,2,0
VY,United Kingdom,France,1,0,1
CM,Peru,,0,1,0
U2,United Kingdom,Italy,78,7,77
NO,Jordan,Italy,4,3,4
KE,Italy,Australia,2,0,2
A3,Italy,Cyprus,9,17,9
U2,United Kingdom,Switzerland,3,0,3
AF,Italy,France,172,100,170
AF,Italy,Tanzania,0,10,0
TU,Italy,Egypt,0,2,0
V7,Italy,Indonesia,0,3,0
U2,Switzerland,Italy,9,0,9
NP,Egypt,Italy,0,2,0
A3,Italy,Armenia,0,1,0
OS,Italy,Spain,0,2,0
AV,Bolivia,Colombia,1,2,1
Z0,United States,United Kingdom,2,0,2
OG,France,United States,0,1,0
G3,Brazil,Italy,0,2,0
LH,France,Italy,1,0,1
FH,Italy,Turkey,0,3,0
LH,Italy,Dominican Republic,0,4,0
VZ,Cambodia,Thailand,0,3,0
4Z,Madagascar,South Africa,0,2,0
W4,Italy,Japan,0,1,0
FR,Belgium,France,1,0,1
QH,Vietnam,Thailand,0,1,0
EY,Italy,Malaysia,3,1,3
FR,France,Italy,40,47,40
CZ,Italy,Japan,1,5,1
FR,Italy,Seychelles,0,2,0
TK,Turkey,Maldives,2,1,2
XC,Germany,Turkey,1,3,1
A3,Greece,Portugal,1,0,1
AA,Colombia,United States,1,0,1
EY,Austria,Sri Lanka,0,2,0
BT,Lithuania,Latvia,1,0,1
AT,Belgium,Guinea,0,2,0
IB,Portugal,Venezuela,1,0,1
OS,Italy,Netherlands,0,1,0
AM,Mexico,Italy,0,8,0
OS,Bulgaria,Austria,1,1,1
LO,Denmark,Japan,0,1,0
UX,Spain,Germany,1,0,1
MS,Egypt,Greece,0,1,0
TP,Morocco,Belgium,0,1,0
JT,Indonesia,Australia,0,3,0
TP,Italy,Mexico,6,31,6
LH,Spain,Germany,2,1,2
DY,Italy,Latvia,0,4,0
UX,Italy,Ecuador,1,2,1
AZ,Italy,Honduras,0,1,0
UX,Italy,,0,2,0
W6,Georgia,Italy,0,2,0
SV,Indonesia,Italy,0,1,0
VJ,Australia,Italy,0,1,0
QR,Qatar,Indonesia,1,0,1
IB,Spain,Switzerland,3,0,3
QS,Croatia,Czech Republic,0,6,0
UX,Spain,Cuba,1,0,1
TK,France,Uzbekistan,1,0,1
QR,Hong Kong,Italy,1,0,1
A3,Cyprus,Italy,0,1,0
W4,Austria,Spain,0,1,0
KL,Italy,France,1,2,1
CM,Colombia,Cuba,3,2,3
AY,India,Italy,1,1,1
IR,Turkey,Iran,0,1,0
TP,United States,Italy,8,14,8
EW,United Kingdom,Germany,3,0,3
VY,Argentina,Italy,3,4,3
EW,Spain,Italy,1,1,1
OS,Italy,Cyprus,0,8,0
FR,United Kingdom,United Kingdom,3,3,3
KL,Italy,China,6,7,6
KL,Spain,Argentina,0,1,0
FR,Greece,Greece,4,2,4
MS,Italy,China,0,2,0
UA,Italy,Canada,0,2,0
JU,Egypt,Italy,0,4,0
EW,Italy,Portugal,0,2,0
I2,Spain,Greece,1,0,1
LO,Poland,Estonia,0,1,0
AF,Italy,Guinea,1,0,1
SQ,France,Australia,1,0,1
AV,Peru,Italy,0,1,0
5J,Philippines,Singapore,0,4,0
AY,Iceland,Italy,1,0,1
U2,Morocco,Italy,10,0,10
UX,Spain,France,0,1,0
TK,United States,Italy,1,4,1
OZ,South Korea,Italy,0,1,0
W4,Estonia,Italy,1,1,1
HY,Uzbekistan,Italy,0,7,0
XC,Switzerland,Turkey,0,1,0
KL,Italy,Serbia,1,1,1
BR,Austria,Thailand,0,2,0
3U,Italy,China,0,1,0
W4,Azerbaijan,Italy,0,1,0
W6,Czech Republic,Italy,8,4,8
TK,Iran,United Kingdom,1,2,1
DE,Italy,Cuba,7,21,7
TK,Netherlands,Turkey,0,1,0
AV,Paraguay,Italy,0,1,0
WY,Italy,,0,3,0
VY,Denmark,Italy,1,0,1
BT,Estonia,United States,0,1,0
IF,Syria,Italy,0,1,0
6E,India,,0,2,0
U2,Czech Republic,Italy,15,1,15
LX,Italy,Bolivia,0,3,0
SV,Italy,Malaysia,3,10,3
DY,Denmark,Sweden,0,10,0
NO,Italy,India,2,1,2
LH,Italy,Thailand,31,78,31
FR,Belgium,Spain,1,0,1
OS,Slovakia,Italy,0,1,0
5W,United Arab Emirates,Pakistan,0,1,0
SK,Germany,Denmark,1,0,1
FR,Belgium,Malta,0,2,0
5U,Mexico,Guatemala,0,1,0
KL,Colombia,Italy,0,1,0
OS,Belgium,Bulgaria,0,4,0
LX,Italy,Cuba,4,7,4
TK,Italy,Indonesia,28,14,28
TK,Cameroon,Italy,0,1,0
AM,Spain,Honduras,0,1,0
KM,Malta,Belgium,0,2,0
FD,Thailand,Malaysia,0,4,0
PC,United Arab Emirates,Italy,0,1,0
FR,Greece,Italy,61,48,60
FR,Morocco,Italy,35,69,35
AZ,Italy,Malaysia,0,2,0
VJ,Indonesia,Vietnam,0,3,0
W6,Hungary,Jordan,0,2,0
LA,Argentina,Italy,4,5,4
CX,Italy,Australia,2,1,2
QN,Australia,Australia,0,1,0
DL,Italy,,8,0,8
LA,Brazil,Spain,0,1,0
D7,Saudi Arabia,Malaysia,0,2,0
W6,Italy,Iceland,0,1,0
FR,Latvia,Italy,0,3,0
TK,Italy,Kenya,4,5,4
BA,Italy,The Bahamas,0,2,0
QR,Ghana,Saudi Arabia,0,3,0
KE,Japan,Italy,0,1,0
UX,Portugal,Italy,0,1,0
UX,France,Mexico,0,1,0
5F,Moldova,Germany,0,1,0
FR,Italy,Netherlands,29,45,29
LX,Italy,Republic of Ireland,1,1,1
BA,Italy,Saint Lucia,2,0,2
U2,France,Spain,8,4,8
FR,Spain,Bulgaria,0,3,0
W4,Czech Republic,Italy,4,2,4
LA,Colombia,,0,1,0
CM,United States,,0,2,0
VY,Senegal,Spain,0,1,0
EI,Portugal,United States,1,0,1
FR,Italy,,0,141,0
W6,Italy,Singapore,0,7,0
TG,Switzerland,Thailand,0,5,0
H2,Chile,,0,1,0
D7,Australia,Thailand,0,2,0
HV,Netherlands,Morocco,1,1,1
TK,India,Italy,0,2,0
SK,Denmark,Sweden,0,1,0
LH,Germany,Morocco,0,1,0
FR,Spain,Portugal,1,4,1
AA,United States,Mexico,5,0,5
AZ,Malta,Italy,1,0,1
W6,Italy,Lithuania,6,8,6
AH,Italy,Algeria,0,6,0
LA,Portugal,Brazil,1,1,1
TX,France,Martinique,2,1,2
UX,Dominican Republic,Italy,1,3,1
TP,Portugal,Poland,0,1,0
EW,Italy,Norway,2,1,2
AT,Senegal,Italy,0,3,0
W4,Italy,Latvia,0,3,0
AY,Norway,Italy,2,1,2
IB,Portugal,Italy,15,4,15
LX,United States,Italy,0,10,0
PU,Peru,Spain,0,2,0
6E,France,India,2,1,2
U2,Italy,Slovakia,0,1,0
TU,United Kingdom,Tunisia,0,1,0
TK,Italy,Cyprus,0,1,0
QR,Italy,Oman,1,0,1
CA,Hong Kong,France,0,1,0
TK,Turkey,Germany,0,1,0
TP,Italy,Guinea-Bissau,0,2,0
HC,Senegal,Guinea,0,1,0
LH,Italy,Poland,1,10,1
KL,Italy,United Kingdom,2,8,2
W4,Italy,Egypt,5,4,5
AF,Italy,Hong Kong,1,1,1
XZ,Italy,United Kingdom,0,2,0
TK,Italy,Egypt,7,10,7
TK,Italy,Cameroon,1,8,1
TK,Panama,Nepal,0,2,0
AT,Western Sahara,Italy,0,1,0
AZ,Italy,Bolivia,0,1,0
OS,Italy,South Korea,0,1,0
VY,Italy,French Polynesia,0,1,0
SK,Lithuania,Norway,2,0,2
JU,Greece,Italy,0,3,0
NO,Cuba,Italy,6,0,6
TP,Italy,Venezuela,3,12,3
W6,Italy,Bulgaria,20,34,20
QR,Qatar,Italy,1,6,1
EK,Italy,Seychelles,8,8,8
,Italy,Denmark,0,1,0
AF,Italy,Sint Maarten,3,0,3
LO,Italy,Egypt,0,1,0
SV,Egypt,Saudi Arabia,0,2,0
IB,Spain,France,2,1,2
OS,Italy,Mexico,0,1,0
AF,Germany,United States,1,1,1
VY,Republic of Ireland,Italy,0,1,0
UA,Panama,Italy,1,0,1
W6,Italy,Hungary,115,115,114
EY,Italy,Japan,10,21,10
VA,Australia,Malaysia,0,1,0
HV,Netherlands,Italy,19,9,19
LH,Italy,Turkey,12,7,12
VJ,India,Vietnam,0,3,0
Z0,United Kingdom,United States,4,1,4
KQ,United Arab Emirates,Kenya,1,0,1
AT,Ivory Coast,Italy,0,1,0
AF,Italy,United Arab Emirates,3,0,3
SV,Saudi Arabia,Pakistan,0,1,0
EW,Georgia,Italy,1,0,1
5W,United Arab Emirates,Uzbekistan,2,0,2
KL,France,,1,0,1
OG,Netherlands,Canada,2,0,2
AZ,Italy,Ivory Coast,0,2,0
IB,Cuba,Italy,2,5,2
KL,Italy,Colombia,1,7,1
AF,Italy,Portugal,1,6,1
OS,France,Albania,3,0,3
CM,Brazil,United States,1,0,1
U2,Spain,Netherlands,1,1,1
JT,Indonesia,,0,2,0
FR,Republic of Ireland,United Kingdom,2,0,2
W4,Italy,Croatia,8,32,8
F9,United States,,0,1,0
DL,United States,United States,44,0,44
IB,Spain,United States,1,1,1
AF,Mexico,Italy,1,1,1
PC,Turkey,Romania,1,0,1
HV,Italy,French Polynesia,0,1,0
V7,Italy,United Arab Emirates,0,1,0
PC,Italy,,0,2,0
AT,France,Morocco,0,1,0
VN,Italy,,0,1,0
HC,Italy,Ivory Coast,0,1,0
VY,Italy,Romania,0,1,0
,Italy,Germany,0,9,0
PC,Turkey,United Arab Emirates,1,0,1
CA,Singapore,Italy,0,4,0
AM,Spain,Mexico,0,5,0
5W,United Arab Emirates,Maldives,1,3,1
FD,Bangladesh,Thailand,0,2,0
JQ,Philippines,Indonesia,1,0,1
AY,Finland,France,2,0,2
FR,Greece,Malta,2,1,2
EK,Italy,Mauritius,1,84,1
TP,Italy,Colombia,0,1,0
FR,France,Portugal,1,2,1
PC,Iraq,Italy,0,2,0
TR,Malaysia,Singapore,1,0,1
E9,Spain,Costa Rica,0,1,0
QR,Seychelles,Italy,0,1,0
PC,Italy,Pakistan,0,1,0
LH,Spain,Italy,1,0,1
AA,Italy,,16,0,16
FR,Belgium,Greece,1,1,1
EK,Italy,Nepal,0,2,0
KL,Italy,South Africa,14,0,14
EW,Italy,Hungary,1,0,1
AZ,Malta,Morocco,0,6,0
LH,Germany,Albania,2,1,2
8R,Netherlands,France,0,1,0
BA,United Kingdom,Germany,1,0,1
CX,Italy,Philippines,0,1,0
VY,Italy,Guadeloupe,0,1,0
BA,South Africa,Italy,1,0,1
AF,Italy,Sweden,0,1,0
VJ,Thailand,Vietnam,0,1,0
LY,Thailand,Israel,1,0,1
5J,China,Philippines,0,1,0
PR,Philippines,Philippines,7,3,7
PD,Canada,United States,2,0,2
AZ,Albania,Canada,0,1,0
BY,Mexico,Italy,0,3,0
BA,United States,United Kingdom,1,0,1
QR,Sri Lanka,Canada,0,1,0
SV,United Arab Emirates,Bangladesh,1,0,1
EK,Italy,Maldives,12,16,12
U2,Italy,Morocco,53,16,52
4Y,Germany,Tunisia,0,1,0
U2,Portugal,Portugal,9,0,9
EY,Italy,South Korea,3,4,3
2B,Albania,Italy,0,8,0
AI,Italy,Japan,0,1,0
KL,Italy,Tanzania,1,0,1
AI,India,Sri Lanka,0,1,0
TK,Bulgaria,Turkey,0,1,0
SR,Spain,,0,1,0
KE,Italy,Japan,2,5,2
AI,Italy,Nepal,0,1,0
SN,Italy,Ghana,3,0,3
KL,France,United States,0,1,0
W4,Germany,Romania,1,0,1
UX,Argentina,Spain,1,0,1
IB,Italy,Panama,2,1,2
LH,Italy,Georgia,1,1,1
AF,Canada,Cameroon,1,0,1
SN,Italy,Cameroon,6,2,6
U2,United Kingdom,Iceland,2,0,2
U2,Malta,Italy,8,0,8
W6,Hungary,Greece,0,1,0
IB,Germany,Spain,0,2,0
IB,Mexico,Spain,1,0,1
LY,United Arab Emirates,Italy,0,2,0
OS,Belgium,Italy,1,0,1
FR,Italy,Norway,17,44,17
ZB,Italy,Albania,0,33,0
FR,Italy,Luxembourg,10,32,10
FR,Italy,Chile,0,1,0
KL,Netherlands,Italy,13,8,13
LX,Italy,Iceland,3,0,3
CA,Spain,South Korea,0,4,0
VY,Germany,Spain,1,0,1
JU,Albania,Hungary,1,0,1
AZ,Luxembourg,Italy,1,0,1
SN,Italy,Togo,1,1,1
EI,Republic of Ireland,United States,1,1,1
PR,Thailand,United States,2,0,2
ID,Indonesia,Indonesia,0,5,0
TK,Turkey,Georgia,2,0,2
F9,United States,United States,13,11,13
BA,United Kingdom,Italy,19,9,19
U2,Italy,Czech Republic,23,6,23
W6,Belgium,Hungary,2,0,2
KL,Italy,Japan,12,2,12
VJ,South Korea,Indonesia,0,1,0
WE,Thailand,Thailand,0,4,0
CA,Italy,New Zealand,0,2,0
A3,Italy,,0,9,0
XZ,Italy,France,0,2,0
EK,Vietnam,Italy,4,0,4
LH,India,Italy,3,0,3
SK,Norway,Sweden,2,4,2
FR,Portugal,Italy,37,67,37
W4,Greece,Italy,50,18,50
U2,Portugal,France,3,0,3
FZ,Italy,Tanzania,7,18,7
W4,Italy,Netherlands,0,4,0
W4,Germany,Italy,2,2,2
E5,Italy,,0,1,0
SV,Italy,Australia,0,1,0
KL,Netherlands,United States,0,1,0
AF,Italy,U.S. Virgin Islands,0,1,0
LH,Romania,Croatia,1,0,1
HV,Spain,Netherlands,0,1,0
G9,Italy,,0,1,0
OZ,Japan,Italy,1,3,1
FR,Italy,Australia,0,9,0
U2,Spain,Italy,115,9,114
5W,Saudi Arabia,United Arab Emirates,0,1,0
FI,Italy,Iceland,3,6,3
AZ,Italy,Vietnam,0,6,0
OG,Denmark,Iceland,0,2,0
CA,United Kingdom,China,3,1,3
TR,South Korea,Australia,0,3,0
NO,Italy,Kazakhstan,0,1,0
CX,Taiwan,Italy,1,0,1
UX,Panama,Italy,0,1,0
XQ,Germany,Turkey,0,1,0
TK,Nigeria,Italy,0,1,0
FR,Italy,Croatia,63,131,62
LH,Italy,India,9,22,9
AZ,Switzerland,Italy,1,6,1
PK,Pakistan,Italy,0,4,0
FR,Netherlands,Italy,11,18,11
H4,Moldova,Italy,0,9,0
AF,Italy,Germany,1,0,1
AF,Italy,Nigeria,1,5,1
TK,Slovenia,Turkey,5,1,5
5F,Moldova,United Kingdom,0,1,0
JU,Italy,Bulgaria,0,1,0
LX,Italy,Sweden,2,0,2
ET,Italy,South Africa,10,9,10
AC,United States,Canada,3,2,3
UX,Italy,Mexico,3,9,3
KL,Italy,Spain,14,2,14
PD,United States,Canada,2,0,2
AZ,Italy,Seychelles,0,2,0
QR,South Africa,Italy,1,0,1
W4,Italy,Georgia,1,3,1
J2,Azerbaijan,Italy,0,1,0
W4,Italy,France,56,91,55
MU,Italy,Indonesia,0,15,0
TR,Japan,Singapore,1,4,1
OS,Italy,Jordan,0,1,0
SK,Sweden,Sweden,0,2,0
FR,France,Austria,0,2,0
LH,Germany,Austria,0,2,0
AZ,Netherlands,,0,1,0
GF,Italy,Bangladesh,0,2,0
HV,Morocco,Algeria,1,0,1
EY,Pakistan,United States,0,1,0
AF,Italy,Canada,3,3,3
PC,Hungary,Turkey,3,1,3
AZ,Spain,Vietnam,0,1,0
UX,Italy,Guatemala,0,2,0
AF,Italy,Benin,3,1,3
BT,Italy,,0,3,0
TP,Angola,Italy,1,0,1
EK,Slovenia,,0,1,0
EK,Austria,Indonesia,0,1,0
5F,Armenia,Italy,0,1,0
UA,Mexico,Italy,4,2,4
CA,Italy,Taiwan,0,8,0
CI,Italy,Indonesia,0,10,0
W6,Italy,Oman,0,2,0
QR,Italy,Sri Lanka,2,6,2
BA,Italy,Argentina,0,3,0
LH,Belgium,Italy,1,0,1
LX,Italy,United Arab Emirates,1,1,1
EK,Italy,Hong Kong,0,1,0
KM,Italy,Germany,0,3,0
OS,Italy,Montenegro,1,0,1
LO,Estonia,Italy,0,2,0
4Y,Germany,Italy,0,1,0
W4,Italy,Cyprus,8,19,8
TK,Italy,Georgia,8,6,8
VY,Italy,Senegal,0,5,0
EY,United Arab Emirates,India,0,2,0
LX,Norway,Italy,1,0,1
LX,Italy,Namibia,0,1,0
KL,Netherlands,United Kingdom,0,1,0
EK,Italy,Singapore,1,6,1
FY,Malaysia,Singapore,1,0,1
U2,France,Italy,135,17,134
TP,Italy,Spain,4,5,4
A3,Italy,Turkey,0,3,0
U2,Italy,Republic of Ireland,0,4,0
FR,Hungary,Czech Republic,0,2,0
NO,Italy,Cuba,15,16,15
AD,Brazil,Portugal,0,4,0
W4,Armenia,Italy,5,4,5
W6,France,Italy,24,6,24
U2,Hungary,Italy,1,0,1
AZ,Italy,Hungary,0,1,0
LH,Italy,Cyprus,0,1,0
W6,Bulgaria,United Kingdom,1,0,1
EK,Japan,Italy,1,0,1
TK,Italy,Kyrgyzstan,1,0,1
W6,Israel,Italy,3,4,3
AZ,Italy,Chile,0,7,0
UI,Tanzania,Tanzania,1,9,1
W2,Italy,Italy,0,30,0
SN,Italy,Belgium,29,29,29
UK,India,Taiwan,0,2,0
FZ,Italy,Sri Lanka,2,0,2
CI,Japan,Italy,1,2,1
SM,Italy,Saudi Arabia,1,1,1
UX,Switzerland,Spain,1,0,1
F8,United States,,0,1,0
3O,Italy,Morocco,108,35,107
DE,Germany,Dominican Republic,1,1,1
OG,Italy,Iceland,3,9,3
E9,Spain,Cuba,1,5,1
QF,Italy,Australia,1,8,1
I2,Italy,Angola,0,1,0
TK,Italy,Malaysia,3,13,3
CM,Panama,,0,3,0
KL,Italy,Chile,1,3,1
PG,Thailand,Italy,0,2,0
1L,Germany,Portugal,0,1,0
SQ,Netherlands,Vietnam,2,0,2
TK,Serbia,Turkey,0,1,0
EK,Tunisia,United Arab Emirates,0,1,0
RO,Lebanon,Italy,0,8,0
PC,Turkey,France,0,3,0
FR,Morocco,France,1,1,1
TK,Italy,Rwanda,2,0,2
LO,Poland,United States,1,0,1
FR,Morocco,Morocco,0,2,0
BT,Lithuania,Finland,2,0,2
AM,United Kingdom,Mexico,0,2,0
V7,Italy,Finland,0,4,0
W6,Italy,,0,42,0
FR,Portugal,Spain,7,3,7
U2,Denmark,Italy,2,0,2
W6,Jordan,Italy,4,0,4
TP,Germany,Cape Verde,2,0,2
DY,Norway,Poland,0,2,0
U2,Italy,Turkey,0,4,0
FR,France,Morocco,3,0,3
KL,Italy,Aruba,1,3,1
LH,Italy,Maldives,1,2,1
QP,India,India,0,1,0
OK,Italy,Czech Republic,0,6,0
OS,Albania,Netherlands,5,0,5
PC,Egypt,Turkey,0,2,0
TK,Iraq,Italy,0,2,0
Y4,Guatemala,Mexico,0,2,0
AY,Thailand,Italy,1,1,1
EK,Maldives,Sri Lanka,1,0,1
N0,France,Guatemala,0,2,0
LX,Switzerland,United Kingdom,0,2,0
6E,Italy,Nepal,0,1,0
CI,Italy,Japan,3,17,3
W6,Italy,Saudi Arabia,53,59,52
OS,Denmark,Austria,2,1,2
VY,United Kingdom,Italy,20,6,20
2B,Italy,Albania,0,82,0
XZ,Italy,Greece,55,21,54
5W,Maldives,Italy,0,3,0
LH,Greece,Portugal,2,0,2
W4,Albania,Greece,2,0,2
W6,Austria,India,0,1,0
OD,Malaysia,Indonesia,0,2,0
YP,Japan,South Korea,1,0,1
TK,South Africa,Italy,1,1,1
KL,France,Norway,1,0,1
GQ,Italy,Greece,24,46,24
FR,Romania,Italy,12,11,12
VS,United Kingdom,United States,0,8,0
KL,Italy,Iceland,0,7,0
KM,Italy,,0,9,0
AF,United States,Italy,2,2,2
OG,Italy,Canada,1,1,1
EK,Italy,Japan,3,7,3
U2,France,Denmark,1,0,1
TK,Spain,Peru,0,1,0
SN,Belgium,Austria,1,0,1
IB,Switzerland,Dominican Republic,3,0,3
CM,Panama,Nicaragua,0,1,0
SQ,Hong Kong,Italy,0,2,0
TS,Portugal,Canada,1,2,1
AV,Costa Rica,Colombia,2,3,2
TK,Italy,Oman,6,2,6
G9,Italy,Nepal,0,1,0
AY,Italy,,0,6,0
6E,Italy,,0,1,0
OS,Italy,Cambodia,0,1,0
LH,Italy,Aruba,0,3,0
U2,Italy,Albania,0,5,0
D7,Malaysia,Indonesia,0,1,0
LX,Switzerland,Poland,2,0,2
W4,Italy,Philippines,0,3,0
KL,Italy,Nigeria,2,0,2
W6,Italy,Ethiopia,0,3,0
LH,Spain,Austria,1,0,1
RJ,Italy,,0,1,0
KL,Italy,Republic of Ireland,0,1,0
WJ,Argentina,Peru,0,2,0
LM,United Kingdom,Italy,0,2,0
ET,Italy,Tanzania,7,19,7
AY,Italy,South Korea,4,6,4
PC,Turkey,Hungary,1,0,1
LH,Italy,Croatia,1,5,1
9C,China,Thailand,0,4,0
EY,Malaysia,Italy,0,3,0
UA,Canada,Cuba,1,0,1
LH,Germany,Cyprus,1,1,1
BT,Italy,United Arab Emirates,0,1,0
NP,Egypt,Turkey,0,1,0
FR,Portugal,Belgium,1,0,1
BR,Italy,Taiwan,0,3,0
UA,Italy,Tuvalu,0,1,0
BT,Italy,Finland,1,0,1
AV,United States,Guatemala,1,0,1
UX,Spain,Spain,7,12,7
LX,Italy,Thailand,12,34,12
VY,Argentina,United Kingdom,0,4,0
LH,Italy,Singapore,10,0,10
AZ,Italy,Sri Lanka,0,1,0
FR,Portugal,Portugal,4,9,4
AZ,Italy,Costa Rica,0,2,0
AV,Dominican Republic,Colombia,0,3,0
DE,Italy,Dominican Republic,2,0,2
TK,France,Afghanistan,0,2,0
EY,United Arab Emirates,Thailand,0,2,0
PC,Italy,Kuwait,0,2,0
TU,Italy,Ivory Coast,0,12,0
ET,Italy,Uganda,2,1,2
W6,Italy,Pakistan,0,12,0
TK,Belgium,Turkey,2,5,2
FR,Spain,France,3,3,3
HV,France,Spain,0,2,0
LH,Finland,Italy,1,1,1
EK,United Arab Emirates,Italy,2,0,2
KU,Kuwait,Saudi Arabia,0,1,0
AZ,Italy,Albania,5,22,5
AT,Senegal,Turkey,2,0,2
VY,Portugal,France,3,3,3
2B,Italy,Uzbekistan,0,1,0
FR,Italy,Indonesia,0,1,0
FR,Italy,Cape Verde,0,1,0
U2,Denmark,Netherlands,2,0,2
EW,Austria,Egypt,0,1,0
FR,Hungary,Italy,35,19,35
SK,Iceland,Italy,3,1,3
SK,Italy,Iceland,1,32,1
JU,Italy,Romania,0,1,0
HV,France,Tunisia,2,0,2
LH,Italy,Portugal,1,3,1
SV,United Arab Emirates,Philippines,0,1,0
LX,Italy,Dominican Republic,0,1,0
XZ,Italy,Croatia,0,2,0
AF,Austria,France,1,0,1
AC,Costa Rica,Italy,0,1,0
OV,Oman,Tunisia,0,1,0
EK,Thailand,Hong Kong,1,0,1
FR,United Kingdom,Germany,1,0,1
LO,Lebanon,Italy,1,1,1
E5,Italy,Egypt,12,48,12
HV,France,Italy,29,6,29
,Colombia,Colombia,3,1,3
Z2,Philippines,Philippines,0,2,0
MS,Italy,Lebanon,0,3,0
FR,Spain,,0,1,0
LH,Germany,India,0,1,0
SK,Italy,Netherlands,0,2,0
VY,Switzerland,,0,1,0
EW,United Kingdom,Italy,1,0,1
BR,Italy,Australia,0,1,0
PC,Italy,Azerbaijan,0,1,0
AZ,Italy,Japan,33,127,33
VJ,Vietnam,Vietnam,0,9,0
KU,Italy,Malaysia,0,2,0
QZ,Malaysia,Indonesia,0,1,0
YS,Kenya,Tanzania,0,8,0
AF,Germany,Mexico,0,2,0
OU,Bosnia and Herzegovina,Croatia,0,2,0
,Italy,Argentina,2,0,2
XJ,Australia,,0,1,0
AF,France,Indonesia,1,0,1
CM,Ecuador,Dominican Republic,1,0,1
FR,Italy,Hungary,112,244,111
B6,Cuba,Nicaragua,0,1,0
EK,Italy,United States,87,19,86
KL,Romania,China,1,0,1
AZ,Albania,United States,0,5,0
FZ,United Arab Emirates,Thailand,1,0,1
SK,Italy,Latvia,0,1,0
LH,Namibia,Italy,0,1,0
EW,Italy,Austria,0,1,0
IB,Italy,United Kingdom,1,0,1
KQ,Italy,Madagascar,0,1,0
DY,Italy,Norway,0,64,0
U2,Italy,Israel,9,3,9
TK,Germany,Uzbekistan,0,1,0
FD,Thailand,Vietnam,0,7,0
MS,Italy,Ghana,0,2,0
D7,Malaysia,Thailand,0,1,0
VY,Italy,Norway,1,0,1
WY,United Arab Emirates,Italy,0,1,0
W4,Italy,Albania,554,627,549
BR,Italy,China,0,8,0
AZ,Italy,Switzerland,9,7,9
N0,Italy,United States,86,12,85
W4,Iceland,Italy,8,0,8
JU,Serbia,Bosnia and Herzegovina,1,1,1
QR,Oman,Nepal,0,1,0
VJ,India,Indonesia,0,2,0
U2,France,Germany,1,0,1
DY,Denmark,Norway,0,1,0
NT,Portugal,Spain,0,2,0
TK,Turkey,Spain,1,0,1
FR,Spain,Belgium,1,0,1
CZ,Italy,Philippines,7,7,7
BA,Italy,Hong Kong,1,0,1
2W,Cuba,Italy,0,1,0
SN,Italy,Spain,0,1,0
W4,France,Romania,2,4,2
Z0,United Kingdom,Barbados,1,0,1
OS,Poland,Italy,0,1,0
5W,Maldives,United Arab Emirates,1,0,1
JU,Italy,Norway,0,1,0
W9,United Kingdom,Egypt,1,0,1
XZ,Italy,,0,1,0
AZ,Italy,Romania,0,7,0
LX,Italy,Norway,0,1,0
SV,United Arab Emirates,Saudi Arabia,0,1,0
KL,Poland,Canada,0,1,0
AF,Italy,Vietnam,0,1,0
,Germany,Portugal,0,5,0
W9,Italy,,0,1,0
AC,Italy,Cuba,1,1,1
3F,Iran,Italy,0,1,0
WB,Kenya,Italy,0,3,0
NO,Maldives,Italy,1,0,1
MS,Egypt,Italy,0,33,0
FR,United Kingdom,Italy,113,80,112
W6,Armenia,Italy,1,0,1
IB,Italy,Honduras,0,3,0
QF,Australia,Australia,2,1,2
4Y,Germany,Dominican Republic,0,2,0
MH,Indonesia,Malaysia,1,0,1
AV,France,Colombia,1,0,1
U2,Portugal,Italy,69,15,68
DD,Thailand,Thailand,9,11,9
VY,Malta,France,0,1,0
FR,Morocco,Germany,1,0,1
,Argentina,Italy,4,0,4
W6,Italy,Australia,0,3,0
DE,France,Germany,1,0,1
FR,Italy,Turkey,0,28,0
FR,Italy,Iceland,0,15,0
HV,Italy,,0,2,0
LH,Thailand,Italy,0,1,0
TR,Indonesia,Italy,0,6,0
WY,Pakistan,Germany,0,1,0
VY,Portugal,Spain,3,1,3
SV,United Kingdom,Bangladesh,0,2,0
UX,Bolivia,Italy,0,5,0
KL,Germany,Italy,2,0,2
DY,Spain,Norway,0,1,0
WS,Canada,Canada,1,3,1
UX,Spain,Dominican Republic,1,0,1
FD,Thailand,Thailand,0,51,0
AT,Italy,The Gambia,0,16,0
FB,Bulgaria,Italy,0,4,0
CI,Italy,Palau,0,1,0
UL,India,Sri Lanka,1,0,1
SN,Italy,United Kingdom,0,2,0
CM,Costa Rica,Venezuela,2,0,2
UX,Italy,Bolivia,0,1,0
3L,India,Italy,0,1,0
EI,Italy,Republic of Ireland,16,16,16
W4,Italy,Lebanon,0,4,0
LH,Germany,Germany,4,0,4
EK,Egypt,Thailand,3,0,3
OZ,Italy,Japan,0,4,0
AA,United States,United Kingdom,1,0,1
6E,India,Albania,0,1,0
U2,United Kingdom,Egypt,1,0,1
FR,Morocco,,0,1,0
I2,Spain,Spain,9,0,9
U2,Italy,Luxembourg,10,9,10
OS,Italy,Serbia,1,2,1
U2,Iceland,Italy,7,1,7
AF,Italy,Réunion,3,1,3
U2,France,Belgium,1,0,1
FZ,Italy,Oman,1,0,1
W4,Denmark,Romania,0,1,0
AZ,Spain,Argentina,0,1,0
GA,Indonesia,Malaysia,0,1,0
VY,Italy,Spain,664,474,657
U2,Italy,United Arab Emirates,0,2,0
W4,Romania,Spain,2,1,2
LX,Italy,Switzerland,10,30,10
LH,Latvia,Italy,1,0,1
U2,United Kingdom,United Kingdom,15,1,15
U2,Spain,France,5,2,5
FR,Lithuania,Germany,1,3,1
LO,Estonia,Switzerland,0,1,0
LH,Austria,Turkey,1,0,1
TK,Italy,Azerbaijan,4,1,4
AD,Portugal,Brazil,0,1,0
LH,Italy,Australia,0,3,0
AF,Germany,,0,1,0
LG,Luxembourg,United Kingdom,1,0,1
AV,United Kingdom,Brazil,2,0,2
AZ,Italy,India,2,17,2
U2,Greece,Italy,105,1,104
N0,Italy,,0,4,0
SQ,Italy,New Zealand,0,1,0
DL,Dominican Republic,Italy,2,0,2
QF,Italy,,0,2,0
EK,Italy,New Zealand,0,2,0
AA,United States,Cuba,1,0,1
LX,Italy,Mauritius,0,2,0
VY,Switzerland,Morocco,0,1,0
LO,Italy,Moldova,1,2,1
CZ,Italy,,0,1,0
FR,Romania,Bulgaria,0,1,0
FR,Malta,Italy,25,31,25
W6,Hungary,India,0,1,0
EW,Italy,Denmark,0,2,0
LA,Peru,Italy,0,2,0
LH,Italy,Brazil,11,12,11
LH,Italy,Sweden,13,6,13
LH,Hungary,France,1,0,1
UX,Peru,Italy,1,1,1
AZ,Italy,Poland,0,1,0
FD,Indonesia,Thailand,0,1,0
LX,United States,Switzerland,0,1,0
AC,Italy,Costa Rica,0,3,0
F9,United States,Italy,0,1,0
LX,Italy,Costa Rica,0,1,0
LH,Germany,Japan,1,0,1
EW,Italy,Germany,89,62,88
FR,Italy,Romania,53,120,52
HU,Italy,China,0,18,0
FR,Italy,Isle of Man,0,2,0
KL,Italy,Netherlands,69,75,68
AF,France,Germany,0,3,0
EW,Czech Republic,Italy,2,0,2
TK,Italy,China,1,3,1
FR,Jordan,Cyprus,1,0,1
AZ,Italy,Bangladesh,0,1,0
AY,Estonia,Italy,1,0,1
W6,Italy,United Kingdom,0,1,0
EY,Italy,United Arab Emirates,23,0,23
OD,Malaysia,Malaysia,0,3,0
UX,Italy,Argentina,4,5,4
LH,Italy,Jordan,1,1,1
PC,Turkey,Italy,10,24,10
TK,Turkmenistan,Turkey,1,0,1
BF,France,Réunion,0,2,0
EK,Portugal,Tanzania,0,1,0
AP,Italy,Greece,0,8,0
OS,Albania,Canada,1,1,1
DL,Italy,Canada,1,0,1
U2,France,Morocco,1,1,1
UA,United States,The Bahamas,0,1,0
TK,Italy,Israel,6,0,6
VY,Argentina,Spain,0,1,0
IB,Argentina,Spain,2,0,2
LH,Italy,Estonia,3,0,3
UX,Switzerland,Venezuela,0,1,0
VY,Spain,Greece,1,0,1
VY,Italy,Germany,1,1,1
SV,Italy,Saudi Arabia,1,2,1
LH,Turkey,Italy,5,0,5
D7,Australia,Italy,0,3,0
AI,Italy,Thailand,0,35,0
EW,Italy,United Kingdom,0,2,0
AZ,Italy,Bulgaria,1,1,1
DE,United States,France,1,0,1
CX,New Zealand,Hong Kong,0,1,0
AI,Saudi Arabia,Malaysia,0,1,0
VY,Italy,Italy,36,21,36
AZ,Italy,Maldives,3,2,3
FR,Spain,Morocco,5,3,5
SK,Denmark,Italy,8,4,8
EC,Portugal,Italy,0,2,0
E9,Cuba,Spain,3,0,3
W4,Italy,Honduras,0,1,0
AV,Italy,Ecuador,0,1,0
LH,France,Colombia,0,2,0
FO,Argentina,Italy,0,2,0
LH,United Kingdom,Azerbaijan,0,1,0
FR,Austria,Greece,4,0,4
FR,United Kingdom,Belgium,0,1,0
OS,Italy,Greece,5,6,5
TW,South Korea,South Korea,0,7,0
FZ,Israel,United Arab Emirates,3,0,3
EK,Australia,Italy,7,2,7
TK,Senegal,Italy,1,4,1
AZ,Italy,Cyprus,0,1,0
X3,Germany,Spain,0,1,0
KL,Germany,Ghana,1,0,1
TK,Turkey,Australia,0,1,0
RJ,Egypt,Italy,0,6,0
SK,Italy,United Kingdom,0,1,0
V7,France,Italy,21,20,21
UX,Italy,Colombia,1,7,1
CA,Italy,Hong Kong,0,4,0
CA,China,Italy,0,10,0
E9,Cuba,Italy,0,1,0
AF,Italy,Burkina Faso,0,1,0
EK,Italy,Sri Lanka,2,1,2
LX,Greece,Belgium,1,0,1
LO,Poland,Germany,0,1,0
LH,Germany,Costa Rica,0,1,0
JU,Italy,Republic of Macedonia,1,1,1
AC,Italy,,0,10,0
TK,Turkey,Turkey,74,21,73
G3,Brazil,Brazil,0,9,0
LH,Italy,Denmark,3,1,3
AT,Ghana,Italy,0,7,0
UL,Italy,Sri Lanka,0,2,0
TB,Belgium,Cuba,2,0,2
RW,Philippines,,0,1,0
FR,Italy,Costa Rica,0,2,0
WY,Italy,Maldives,0,1,0
MS,Italy,Mauritius,0,2,0
WE,Vietnam,Italy,0,2,0
WY,Tanzania,United Arab Emirates,0,1,0
WE,Thailand,Vietnam,0,1,0
TK,Turkey,Serbia,0,1,0
U2,United Kingdom,Croatia,1,0,1
AA,Costa Rica,United States,1,0,1
H2,Peru,Peru,0,8,0
U2,Italy,Portugal,164,37,162
CA,Italy,South Korea,0,25,0
VY,Italy,Croatia,35,15,35
AF,France,Spain,0,2,0
BA,Malta,United Kingdom,1,0,1
FR,Cyprus,Jordan,2,0,2
FZ,Italy,India,0,1,0
AR,Chile,Argentina,0,2,0
EN,Germany,Italy,1,0,1
LH,Norway,Italy,1,0,1
LA,Chile,Argentina,1,0,1
VY,Spain,,0,1,0
AD,Brazil,Italy,0,10,0
ET,Italy,Mozambique,3,0,3
W4,Italy,Azerbaijan,5,1,5
NT,Italy,Spain,0,8,0
SK,Norway,Norway,3,7,3
MM,Japan,Japan,0,2,0
AF,Italy,Thailand,2,0,2
5F,United Kingdom,Moldova,0,1,0
AZ,Italy,El Salvador,0,1,0
D7,South Korea,Indonesia,0,1,0
W6,Germany,Montenegro,0,2,0
TP,Brazil,Belgium,0,1,0
FR,Czech Republic,Italy,20,12,20
W4,Morocco,Italy,29,9,29
CA,Spain,China,0,3,0
AZ,Italy,French Polynesia,0,1,0
RO,Moldova,Greece,0,1,0
G9,Kenya,United Arab Emirates,0,1,0
ET,Sweden,Norway,0,1,0
OV,United Arab Emirates,Thailand,0,1,0
VY,Spain,Argentina,0,1,0
VY,Spain,Spain,60,18,59
TP,Italy,Portugal,43,141,43
TK,Italy,Senegal,0,3,0
AZ,Italy,Singapore,0,1,0
QR,Italy,Japan,2,10,2
VY,Italy,United States,1,9,1
MK,Italy,Mauritius,1,7,1
KM,Italy,Spain,0,3,0
TG,Thailand,Germany,3,0,3
IB,Spain,Germany,2,0,2
FZ,United Arab Emirates,Lebanon,2,0,2
AZ,Italy,Luxembourg,1,0,1
EW,Switzerland,Germany,0,1,0
U2,Denmark,France,1,0,1
VY,Spain,Italy,131,73,130
LH,Italy,Japan,14,53,14
TK,Italy,Iran,2,9,2
FR,Finland,Italy,7,6,7
G9,Italy,Malaysia,0,1,0
AZ,Italy,Ecuador,0,1,0
IB,United Kingdom,Spain,0,1,0
LH,Italy,Luxembourg,2,0,2
LO,Slovenia,Netherlands,1,0,1
AZ,France,Italy,6,19,6
A3,Greece,Denmark,0,3,0
LX,South Africa,Italy,1,0,1
FR,Italy,Republic of Kosovo,0,1,0
HV,Italy,Czech Republic,0,2,0
AF,Italy,Colombia,2,8,2
W9,Italy,United Kingdom,16,20,16
H2,Chile,Chile,0,6,0
EY,Japan,Italy,2,1,2
W6,Cyprus,France,1,0,1
ET,Tanzania,Italy,1,2,1
IU,Indonesia,Italy,0,2,0
AC,Brazil,Argentina,0,1,0
VY,Italy,Chile,0,1,0
VY,Spain,Germany,0,1,0
LO,Italy,Estonia,0,4,0
LX,Italy,Singapore,4,4,4
MS,Italy,Tanzania,0,8,0
W6,Italy,Madagascar,0,1,0
DE,Italy,Kenya,0,1,0
AZ,Greece,Italy,3,1,3
HV,Netherlands,Greece,1,0,1
LX,Luxembourg,Switzerland,1,0,1
UK,United Kingdom,India,0,2,0
IB,Switzerland,Spain,1,0,1
AF,France,France,4,2,4
KM,Italy,Greece,0,1,0
LH,Republic of Ireland,Italy,2,0,2
FR,Spain,Germany,0,2,0
LH,Albania,Germany,1,0,1
OD,Indonesia,Italy,0,2,0
JU,Italy,Cyprus,0,1,0
F3,Saudi Arabia,United Arab Emirates,0,1,0
PC,Turkey,Finland,1,0,1
FR,Austria,Israel,0,1,0
PG,Thailand,Thailand,20,47,20
I2,Italy,Spain,48,0,48
A3,Italy,Egypt,13,36,13
A3,Germany,Lebanon,2,1,2
TK,Rwanda,Italy,2,1,2
DY,Italy,,0,7,0
LA,Peru,,0,3,0
BA,Germany,United Kingdom,1,3,1
W6,Israel,France,0,1,0
EK,Italy,Canada,0,1,0
LH,Italy,Guatemala,0,2,0
AF,Lebanon,Italy,0,1,0
AF,Italy,Uzbekistan,0,1,0
OS,Italy,Slovakia,1,0,1
AZ,Italy,China,0,45,0
W6,United Arab Emirates,Italy,4,9,4
LH,Albania,Canada,0,2,0
OS,Italy,Romania,1,1,1
A3,Greece,Romania,0,1,0
CX,Italy,,0,1,0
FR,United Kingdom,Hungary,1,0,1
LH,Italy,Israel,1,2,1
WY,Italy,Thailand,0,50,0
JZ,Peru,Peru,0,2,0
OG,Iceland,United Kingdom,1,0,1
FR,Cyprus,Italy,5,5,5
LH,Italy,Czech Republic,6,7,6
W4,Israel,Greece,0,2,0
EW,Italy,Iceland,0,1,0
W6,Greece,Austria,0,1,0
U2,Italy,French Polynesia,0,1,0
BA,Netherlands,United Kingdom,1,0,1
JU,Montenegro,Italy,3,1,3
7C,South Korea,South Korea,5,2,5
IB,Italy,Ecuador,9,8,9
S4,Portugal,Italy,0,2,0
T6,Philippines,Philippines,0,2,0
RS,Japan,South Korea,0,1,0
W6,Italy,Latvia,0,2,0
TK,Turkey,Croatia,1,0,1
AF,Italy,Uruguay,0,1,0
6E,Italy,Thailand,0,1,0
LX,Italy,Hungary,3,0,3
TK,Turkey,Switzerland,2,0,2
HV,Netherlands,Croatia,0,1,0
LS,Italy,United Kingdom,20,13,20
4Z,Zimbabwe,South Africa,0,2,0
PC,Georgia,Italy,4,1,4
VY,Italy,Argentina,1,1,1
W9,Italy,Australia,0,1,0
U2,Portugal,Greece,1,0,1
,Spain,Argentina,2,0,2
WY,France,Tanzania,0,1,0
AZ,Italy,Mexico,0,33,0
AF,Italy,Mauritius,8,11,8
AF,Italy,Spain,1,0,1
VY,Croatia,Spain,1,0,1
,United States,Spain,1,0,1
AT,Morocco,Western Sahara,1,0,1
GM,Switzerland,Spain,2,0,2
IB,Italy,Uruguay,2,1,2
UX,Italy,Uruguay,0,3,0
W6,Georgia,Germany,1,1,1
W9,Turkey,Italy,0,1,0
TK,Japan,Italy,0,1,0
U2,Italy,Switzerland,33,8,33
,Cuba,Colombia,1,2,1
W6,United Kingdom,Lithuania,1,0,1
HV,Israel,France,1,0,1
LH,South Korea,Italy,1,0,1
TK,Italy,Somalia,0,1,0
LH,United Kingdom,Egypt,0,1,0
UA,Italy,Mexico,0,2,0
OS,Spain,Hungary,1,0,1
EI,Republic of Ireland,United Kingdom,0,1,0
FR,Germany,Denmark,0,1,0
U2,Netherlands,Germany,4,1,4
DE,Italy,Germany,1,2,1
U2,Netherlands,Czech Republic,1,0,1
LH,Italy,Sri Lanka,0,1,0
AV,Mexico,Colombia,0,1,0
AC,Belgium,Canada,0,1,0
FR,Croatia,United Kingdom,1,0,1
IB,Italy,Costa Rica,2,10,2
TK,Switzerland,Indonesia,0,1,0
HU,China,Thailand,0,1,0
NO,Italy,Kenya,2,2,2
LH,Italy,Norway,7,16,7
QR,Italy,Philippines,5,11,5
S4,Italy,Cape Verde,0,1,0
AM,Mexico,United States,0,1,0
UB,Myanmar,Singapore,0,2,0
OZ,Italy,South Korea,5,4,5
FR,Austria,Sweden,2,0,2
LA,Italy,Peru,2,0,2
AY,Lithuania,Finland,2,0,2
FR,Italy,Serbia,0,8,0
ET,Italy,Ethiopia,2,3,2
DL,United Kingdom,,1,0,1
MS,Italy,,0,8,0
UX,Italy,Honduras,0,2,0
TK,Italy,Brazil,0,3,0
UX,United Kingdom,Spain,0,1,0
SV,Switzerland,Indonesia,2,0,2
TB,Italy,Belgium,3,1,3
UA,Italy,,16,3,16
SM,Egypt,Saudi Arabia,3,0,3
LH,Italy,Colombia,2,7,2
VY,Egypt,Spain,0,1,0
AV,Spain,El Salvador,0,4,0
AM,Colombia,Italy,0,2,0
WO,Canada,United States,1,0,1
VY,Italy,Martinique,1,0,1
U2,Denmark,Germany,1,0,1
BY,Italy,United Kingdom,9,0,9
QR,Italy,Singapore,7,8,7
SP,Portugal,Portugal,0,5,0
TK,Romania,China,1,0,1
CA,Italy,,0,6,0
CY,Italy,Cyprus,2,12,2
TK,Republic of Macedonia,Turkey,0,1,0
KL,United Kingdom,Italy,4,1,4
AF,India,Italy,0,1,0
MS,Ethiopia,Italy,0,1,0
RJ,Spain,United Arab Emirates,1,0,1
W4,Italy,Belgium,0,2,0
SV,Saudi Arabia,United Arab Emirates,0,1,0
KL,Slovenia,Colombia,0,3,0
LO,Albania,United States,1,0,1
W4,Italy,Colombia,0,1,0
FR,Italy,Ecuador,0,1,0
W6,Saudi Arabia,Belgium,0,1,0
W4,Italy,Poland,2,8,2
BA,Belgium,United Kingdom,0,1,0
AA,United States,Sint Maarten,2,0,2
6E,Turkey,Australia,0,3,0
MU,Italy,South Korea,0,1,0
AT,Germany,Morocco,0,2,0
KL,Italy,Thailand,5,9,5
OG,United Kingdom,United States,0,1,0
PC,Oman,Italy,0,2,0
SQ,Italy,Philippines,8,3,8
AF,Italy,South Africa,5,4,5
VY,Portugal,Netherlands,1,1,1
WE,Cambodia,Thailand,0,1,0
AF,Algeria,Italy,0,1,0
W6,Republic of Macedonia,Italy,1,1,1
SL,Nepal,Thailand,0,1,0
FR,Germany,Portugal,6,6,6
B6,United States,The Bahamas,0,3,0
XZ,Greece,Italy,11,1,11
LH,Thailand,Germany,1,0,1
AF,Italy,Puerto Rico,1,4,1
TP,Switzerland,Morocco,0,1,0
Y4,Mexico,Mexico,0,10,0
FR,Croatia,Germany,0,2,0
BA,Italy,China,1,1,1
LA,Chile,Peru,0,2,0
FR,Belgium,Italy,22,28,22
LO,Italy,Montenegro,1,1,1
2B,Italy,Germany,0,2,0
6E,India,Italy,1,1,1
EW,Italy,Sweden,6,9,6
FR,Italy,Albania,0,21,0
V7,Greece,Greece,12,9,12
W9,United Kingdom,Portugal,3,2,3
OS,France,Austria,1,0,1
QR,Italy,Samoa,0,1,0
ET,Italy,Zimbabwe,1,0,1
AD,Brazil,Uruguay,0,4,0
KL,Italy,Estonia,0,1,0
C3,Croatia,Croatia,0,1,0
EK,India,United Arab Emirates,0,1,0
F9,Costa Rica,United States,0,1,0
HT,Italy,Greece,0,2,0
QR,United Arab Emirates,Japan,1,0,1
OS,France,Cyprus,0,2,0
FR,Malta,Sweden,0,1,0
W4,Italy,Czech Republic,21,52,21
QR,Germany,India,0,2,0
AF,France,Austria,0,1,0
IW,Indonesia,Indonesia,0,6,0
LY,United States,Israel,0,1,0
PC,Switzerland,Turkey,2,5,2
FA,South Africa,South Africa,0,2,0
W4,France,Greece,0,1,0
PR,Philippines,Thailand,0,1,0
TX,United States,Italy,0,1,0
LG,Luxembourg,Austria,0,1,0
TK,France,Turkey,0,1,0
SQ,Turkey,Vietnam,1,0,1
LA,Peru,Spain,0,1,0
AR,Argentina,Italy,0,9,0
,Colombia,Costa Rica,4,6,4
BA,Italy,India,4,4,4
PW,Tanzania,Tanzania,0,3,0
BA,United States,Portugal,1,0,1
EK,United Arab Emirates,Saudi Arabia,1,0,1
AZ,Japan,Italy,0,1,0
QZ,Indonesia,Italy,0,1,0
L6,Mali,Benin,0,1,0
LX,Italy,Denmark,1,0,1
TG,Indonesia,Thailand,0,1,0
TP,Brazil,Italy,9,32,9
5F,Moldova,Italy,0,10,0
W6,Portugal,Italy,20,12,20
FZ,Italy,Nepal,0,3,0
TK,Italy,Sri Lanka,0,3,0
KL,Norway,Italy,1,2,1
LH,Italy,Trinidad and Tobago,0,1,0
FR,Poland,Norway,2,0,2
SK,United Kingdom,Norway,1,0,1
EN,Italy,Mexico,0,1,0
UA,United States,Dominican Republic,0,1,0
LH,France,Thailand,0,1,0
TP,Italy,Ghana,1,2,1
FR,United Kingdom,Norway,1,0,1
,Colombia,Panama,0,1,0
AR,Spain,Argentina,0,1,0
LO,United States,Albania,1,0,1
FR,Germany,Spain,4,6,4
W4,Germany,Albania,1,2,1
W4,Austria,Japan,0,2,0
LH,Sweden,Morocco,0,1,0
EN,Italy,Taiwan,0,1,0
W4,Romania,Italy,60,54,59
AY,Germany,United States,0,3,0
AZ,Netherlands,Italy,7,11,7
OS,Austria,Italy,3,8,3
AI,Israel,India,0,1,0
EK,Italy,South Africa,5,5,5
SQ,Italy,Australia,6,3,6
DD,Thailand,Cambodia,0,2,0
AI,Nepal,France,0,2,0
TK,Malta,Turkey,1,0,1
VY,Italy,Iceland,0,2,0
VY,Republic of Ireland,France,1,0,1
IB,Italy,Venezuela,1,0,1
FR,Portugal,United Kingdom,0,1,0
U2,Spain,Tanzania,0,1,0
QF,Australia,Italy,0,3,0
AV,Colombia,Mexico,0,6,0
AZ,Italy,Denmark,0,2,0
7C,South Korea,Malaysia,1,0,1
VJ,Vietnam,,0,1,0
GL,Greenland,Greenland,0,1,0
OS,Austria,Austria,2,0,2
SK,Italy,Canada,0,1,0
W6,Greece,Italy,30,15,30
VY,Italy,Portugal,3,12,3
6H,United Arab Emirates,Italy,0,4,0
WN,United States,United States,0,5,0
AI,India,Qatar,0,1,0
W4,Italy,Estonia,2,10,2
KL,Mexico,Italy,0,6,0
JU,Austria,Italy,0,2,0
CZ,Italy,Malaysia,0,3,0
PC,Turkey,Egypt,1,1,1
LA,Argentina,United Kingdom,0,2,0
KL,Republic of Ireland,United States,1,0,1
AM,Netherlands,Mexico,0,4,0
W6,Romania,Turkey,1,0,1
AA,United States,Italy,1,0,1
SK,Norway,Denmark,1,1,1
SN,Italy,Uganda,0,1,0
PC,Turkey,Germany,2,1,2
WY,Italy,Oman,5,8,5
AT,Italy,Senegal,0,17,0
HV,France,Portugal,1,4,1
BJ,Tunisia,France,1,4,1
CZ,Italy,Thailand,7,6,7
SK,Lithuania,Italy,5,2,5
PC,Greece,Turkey,1,0,1
IB,Spain,Panama,8,0,8
W4,Republic of Kosovo,Italy,1,2,1
SV,Italy,China,1,2,1
V7,France,Spain,1,0,1
W4,Italy,Finland,0,2,0
5F,Italy,Armenia,0,1,0
AZ,Italy,Lebanon,0,1,0
AY,Finland,Switzerland,2,0,2
LH,Italy,Germany,95,137,94
LO,Hungary,Poland,0,4,0
EI,United Kingdom,United States,1,0,1
W9,United Kingdom,Greece,0,3,0
EK,Italy,Uganda,0,3,0
WS,Canada,United States,1,1,1
FR,Jordan,Italy,1,2,1
LH,Italy,Italy,0,1,0
AK,Malaysia,Thailand,0,1,0
EK,Saudi Arabia,Pakistan,0,1,0
EW,Italy,Spain,1,8,1
SV,India,Italy,0,1,0
AZ,Argentina,Italy,5,12,5
DL,United States,Mexico,3,0,3
EK,Italy,Malaysia,4,1,4
W4,Italy,Ecuador,0,1,0
AF,Morocco,Algeria,0,1,0
W6,Italy,Denmark,0,1,0
F8,United States,Canada,0,2,0
SN,United Kingdom,Belgium,1,0,1
AY,Finland,Finland,2,0,2
5W,Maldives,Serbia,0,1,0
V7,France,,0,2,0
QR,Indonesia,Italy,1,0,1
OD,Indonesia,Australia,0,1,0
EK,Australia,Singapore,1,0,1
TK,Burkina Faso,Italy,1,0,1
IB,Peru,Italy,2,6,2
SA,South Africa,Zimbabwe,0,2,0
HV,Tunisia,Italy,0,1,0
LJ,South Korea,South Korea,1,1,1
AC,United States,Italy,1,2,1
W6,Italy,South Africa,0,2,0
LH,Germany,Vietnam,0,1,0
UA,Italy,United States,37,42,37
H4,Italy,Moldova,0,20,0
TR,South Korea,Indonesia,0,1,0
DE,Italy,Jamaica,0,2,0
G9,Italy,India,8,15,8
SN,Italy,Benin,1,2,1
WY,Italy,Australia,0,3,0
BQ,Italy,Germany,0,8,0
W4,Israel,Italy,9,10,9
SN,Belgium,France,1,0,1
WS,United States,Canada,0,4,0
FR,Italy,Cuba,0,11,0
AF,Italy,Finland,0,8,0
LX,Italy,Slovenia,0,1,0
TR,Indonesia,Singapore,1,1,1
DE,Italy,,1,0,1
HV,Portugal,Netherlands,1,0,1
X3,Germany,Greece,0,1,0
SN,Belgium,Canada,0,1,0
EY,Thailand,Israel,1,0,1
DY,Czech Republic,Norway,0,1,0
FR,Austria,Spain,1,0,1
QR,Italy,Tanzania,1,4,1
EY,Thailand,Qatar,1,0,1
QS,Czech Republic,France,4,1,4
LX,Netherlands,Spain,1,0,1
CA,Italy,Australia,0,5,0
EK,Maldives,Turkey,0,1,0
DY,Germany,Norway,0,2,0
6H,Italy,Egypt,0,2,0
AF,Italy,Ecuador,0,2,0
DY,Sweden,Morocco,0,1,0
FR,Germany,Cyprus,1,0,1
TP,Italy,Senegal,2,14,2
Z0,United States,France,0,1,0
EK,Italy,Thailand,33,5,33
LH,Sweden,Germany,1,3,1
OS,Greece,Italy,0,1,0
XZ,Italy,Spain,0,1,0
AF,Italy,China,2,1,2
W6,Germany,Italy,0,2,0
AM,Canada,Mexico,0,1,0
AI,United Arab Emirates,India,0,1,0
W6,Italy,Nepal,0,7,0
FR,Italy,Iraq,0,2,0
AH,France,Algeria,0,1,0
BT,Latvia,Italy,7,5,7
EY,Italy,Singapore,1,1,1
AF,Italy,Japan,12,1,12
OS,Italy,Sweden,1,1,1
EK,United Arab Emirates,Japan,2,0,2
TK,Denmark,Philippines,0,1,0
DL,Italy,United States,45,0,45
U2,United Kingdom,France,5,2,5
NO,Italy,Tunisia,8,1,8
XJ,Thailand,Japan,0,3,0
EK,Italy,Australia,5,6,5
W6,Italy,United States,0,1,0
FR,Denmark,Spain,1,0,1
SN,Belgium,Italy,4,10,4
W6,Hungary,Italy,23,10,23
AF,France,United States,0,5,0
LH,Italy,Finland,4,2,4
QR,Tanzania,Italy,0,1,0
AF,Germany,Morocco,2,2,2
PC,Netherlands,Turkey,1,1,1
SV,Spain,Pakistan,0,1,0
A3,Greece,Poland,0,1,0
AI,India,United Arab Emirates,0,1,0
W9,United Kingdom,Albania,1,0,1
X1,Kenya,Kenya,0,1,0
OK,Croatia,Czech Republic,0,2,0
EK,United Arab Emirates,Philippines,1,0,1
FR,Italy,India,0,1,0
LH,Italy,United Arab Emirates,12,7,12
LA,Peru,Ecuador,0,1,0
Z0,United States,Italy,2,29,2
SV,United Kingdom,Malaysia,1,0,1
LH,Italy,Nepal,0,2,0
NO,Italy,Jamaica,1,0,1
OK,Czech Republic,Egypt,0,2,0
QR,Italy,New Zealand,0,8,0
AZ,Italy,Uzbekistan,0,3,0
LX,Egypt,Italy,0,2,0
LS,United Kingdom,Croatia,1,0,1
TG,United Kingdom,Thailand,0,1,0
W6,Bulgaria,Italy,7,22,7
UA,France,United States,0,1,0
FY,Malaysia,Malaysia,2,7,2
TK,Israel,Turkey,1,2,1
TK,Italy,Thailand,37,12,37
DE,Italy,Mexico,7,12,7
VZ,Vietnam,Thailand,0,7,0
XJ,China,Thailand,0,5,0
U2,Italy,Moldova,0,1,0
,Spain,United States,6,0,6
AF,Italy,Faroe Islands,0,2,0
EW,Italy,,0,1,0
,Mexico,Colombia,0,1,0
AA,United States,Turks and Caicos Islands,1,0,1
VY,Italy,Greece,29,28,29
LX,Luxembourg,Austria,0,1,0
AF,Panama,Italy,0,3,0
FR,Poland,Finland,1,0,1
W6,Hungary,Spain,1,0,1
IB,France,United States,1,0,1
IB,Colombia,Italy,1,1,1
DE,Austria,Cuba,1,0,1
FR,Spain,Czech Republic,1,0,1
HY,Italy,,0,1,0
HY,Uzbekistan,France,0,2,0
AT,Morocco,Switzerland,0,2,0
TR,Madagascar,Madagascar,0,2,0
DL,Switzerland,United States,6,0,6
IB,Morocco,Italy,1,3,1
PC,Iran,Italy,4,5,4
CD,Netherlands,Spain,0,2,0
W6,Norway,Poland,1,0,1
JU,Italy,Montenegro,0,2,0
LY,Egypt,Israel,0,1,0
PM,Spain,Spain,1,3,1
W6,Israel,,0,6,0
TK,Italy,Kazakhstan,1,4,1
HV,Senegal,Spain,0,1,0
PC,Germany,Vietnam,0,1,0
ZB,Germany,Albania,0,1,0
AC,Italy,Canada,22,62,22
CZ,Italy,Australia,3,16,3
LO,Montenegro,Poland,2,3,2
W4,Spain,Saudi Arabia,0,2,0
TU,Tunisia,France,0,4,0
LX,Italy,Romania,1,2,1
FR,Lithuania,Austria,1,0,1
FR,Poland,France,1,0,1
PD,United States,Italy,0,2,0
DY,Denmark,Germany,0,1,0
MS,Egypt,Kenya,0,1,0
V7,Italy,Spain,41,44,41
BJ,France,Tunisia,1,6,1
LH,Italy,Spain,6,28,6
TK,Italy,Mauritius,2,14,2
GF,Italy,United Arab Emirates,0,6,0
CA,Italy,Singapore,0,4,0
LO,Italy,,0,1,0
VY,France,,0,1,0
QR,Philippines,Italy,0,2,0
VY,Spain,Netherlands,4,0,4
AZ,Brazil,Italy,2,7,2
A3,Greece,Egypt,1,1,1
SK,Denmark,Norway,0,3,0
LH,Italy,Taiwan,0,3,0
ET,Norway,Sweden,1,0,1
6E,Saudi Arabia,India,1,6,1
5J,United Arab Emirates,Philippines,6,0,6
PD,Canada,Canada,3,0,3
LO,Poland,Japan,0,3,0
LA,Brazil,Belgium,2,0,2
AA,Italy,Mexico,5,0,5
ET,Italy,Madagascar,8,11,8
FD,Thailand,Cambodia,0,2,0
BQ,Italy,Italy,1,5,1
EK,South Africa,Switzerland,0,2,0
OU,Italy,Croatia,1,2,1
LA,Brazil,,0,2,0
,Italy,Chile,1,0,1
SK,Finland,Sweden,1,0,1
PC,Italy,Bahrain,1,1,1
LH,Germany,Spain,1,0,1
MB,Germany,Portugal,0,2,0
T7,Italy,France,0,1,0
PX,Papua New Guinea,Singapore,0,1,0
QH,Germany,Vietnam,0,3,0
AA,Italy,United States,63,0,62
AZ,Spain,Italy,7,13,7
AC,Canada,Canada,8,7,8
LH,Italy,Egypt,7,29,7
EY,Italy,Pakistan,2,2,2
UA,United Kingdom,United States,1,0,1
KL,Italy,Panama,6,0,6
OS,Italy,Iran,1,1,1
VN,Switzerland,Vietnam,0,1,0
KL,Slovenia,Thailand,1,0,1
OS,Croatia,Italy,1,0,1
SQ,Italy,Spain,1,9,1
JQ,United States,Australia,1,1,1
W6,Italy,Georgia,7,3,7
NO,Senegal,Italy,14,5,14
TK,Turkey,Jordan,1,0,1
FR,Poland,Poland,1,0,1
LY,Israel,Italy,2,0,2
KL,Italy,The Bahamas,0,1,0
CI,Italy,South Korea,0,1,0
EN,Italy,Germany,5,1,5
LH,Italy,Iceland,1,2,1
QR,Spain,Thailand,0,1,0
VY,Spain,France,7,5,7
EW,Iceland,Italy,1,4,1
EN,Italy,United States,0,8,0
FZ,Italy,Maldives,3,4,3
PC,Italy,Egypt,0,2,0
AT,Morocco,Belgium,1,1,1
FR,Italy,Canada,0,2,0
TP,Austria,Portugal,0,2,0
NF,Australia,Vanuatu,0,1,0
WS,United States,Italy,0,2,0
W6,Poland,Netherlands,1,0,1
LH,Norway,,0,1,0
EW,Czech Republic,Denmark,1,0,1
LX,Italy,British Virgin Islands,0,1,0
FR,Spain,Albania,0,1,0
ET,Italy,Togo,0,2,0
BJ,Tunisia,Italy,0,1,0
NO,Italy,Saudi Arabia,0,1,0
LH,Italy,Latvia,1,0,1
ZB,Albania,Turkey,0,1,0
AI,India,Italy,0,4,0
TK,Italy,Eritrea,2,10,2
AV,Mexico,Brazil,0,1,0
NE,Italy,Egypt,0,3,0
LG,Norway,Luxembourg,0,2,0
FR,Austria,,0,2,0
KL,Italy,Philippines,1,0,1
DL,Germany,United States,2,0,2
EK,Saudi Arabia,India,1,0,1
MH,Malaysia,Italy,0,1,0
EE,Germany,Portugal,0,1,0
BA,United Kingdom,Cayman Islands,0,1,0
LA,Uruguay,Brazil,1,0,1
UX,Italy,Portugal,0,1,0
BF,France,French Polynesia,1,0,1
TK,Slovenia,Egypt,0,1,0
ET,Argentina,Italy,0,2,0
LO,Italy,Poland,2,4,2
ET,Italy,Cameroon,0,1,0
,Chile,Italy,1,0,1
AZ,Bosnia and Herzegovina,Italy,0,1,0
RJ,Jordan,Jordan,2,0,2
U2,Netherlands,Spain,2,0,2
V7,Italy,,0,16,0
ET,Italy,,0,3,0
IB,Spain,Argentina,2,0,2
NO,Italy,Cape Verde,7,1,7
SQ,Italy,Vietnam,0,1,0
W4,Malta,Romania,0,1,0
U2,Italy,,0,23,0
LH,Italy,France,7,9,7
W6,Italy,Maldives,0,5,0
W6,Italy,Sri Lanka,0,12,0
TG,India,,0,2,0
LH,France,Canada,1,0,1
SK,Sweden,Denmark,0,1,0
JQ,Singapore,Malaysia,2,0,2
WS,Italy,Canada,0,5,0
VS,Germany,United States,0,2,0
AV,Colombia,Costa Rica,1,9,1
W4,Italy,India,0,4,0
LX,Italy,France,0,6,0
AZ,Argentina,United Kingdom,0,3,0
SL,Thailand,Thailand,0,7,0
UX,Cuba,Spain,11,0,11
AP,Italy,Italy,0,6,0
QR,Switzerland,Sri Lanka,0,1,0
TP,Portugal,France,1,0,1
AZ,Morocco,Algeria,0,1,0
EI,United States,Italy,1,1,1
SV,Italy,South Korea,0,1,0
U2,Italy,Cape Verde,0,1,0
AR,United States,Argentina,0,1,0
LH,United Kingdom,Italy,1,0,1
FO,Argentina,Argentina,8,3,8
AZ,Germany,Italy,6,12,6
W4,Italy,Qatar,0,1,0
W6,Saudi Arabia,Italy,2,1,2
FR,Austria,Italy,30,22,30
KM,France,Italy,0,1,0
QZ,Indonesia,Laos,0,1,0
CA,Taiwan,Italy,0,2,0
MU,Italy,,0,2,0
TP,Netherlands,United States,0,1,0
LH,Germany,Uzbekistan,0,1,0
W9,Spain,United Kingdom,1,0,1
CX,Italy,Indonesia,1,0,1
H2,Peru,,0,6,0
CA,Italy,Indonesia,0,1,0
OS,Italy,Czech Republic,2,8,2
AF,Italy,The Bahamas,0,1,0
PG,Cambodia,Thailand,0,1,0
OW,Kenya,Kenya,0,2,0
EK,Italy,India,1,1,1
KL,Turkey,Italy,1,0,1
HV,France,Denmark,1,0,1
LX,Switzerland,United States,6,3,6
W6,Egypt,,0,2,0
TK,Italy,Tanzania,6,1,6
CI,Italy,Vietnam,0,1,0
QZ,Indonesia,Australia,0,1,0
AF,Italy,Morocco,3,0,3
AZ,Netherlands,Albania,0,1,0
G9,Kuwait,Sri Lanka,1,0,1
W9,United Kingdom,France,0,2,0
BA,New Zealand,Italy,0,1,0
W6,Austria,Uzbekistan,0,1,0
BA,United Kingdom,France,2,0,2
U2,Spain,Portugal,8,1,8
AI,Italy,India,0,8,0
KL,Switzerland,United States,0,2,0
W4,Sweden,Italy,1,0,1
BT,Italy,Georgia,0,2,0
MS,Italy,Rwanda,0,5,0
TP,Morocco,Italy,1,4,1
LH,Italy,Kenya,4,2,4
OG,Belgium,Iceland,1,0,1
6E,Saudi Arabia,Thailand,0,1,0
LX,Italy,The Bahamas,0,1,0
FR,Italy,Lithuania,9,17,9
AZ,Italy,Brazil,6,29,6
KM,Italy,Portugal,0,1,0
UX,Italy,Cuba,11,54,11
SK,Italy,Thailand,0,4,0
FR,Italy,Colombia,0,4,0
LS,United Kingdom,Italy,1,7,1
W4,Romania,Greece,2,1,2
XZ,Romania,Italy,0,1,0
FZ,United Arab Emirates,Tanzania,0,1,0
MK,Mauritius,India,0,1,0
AC,Italy,Dominican Republic,0,1,0
SN,Burkina Faso,Italy,1,0,1
CZ,Italy,New Zealand,2,0,2
OS,Italy,Poland,1,2,1
OG,Germany,United States,1,0,1
CA,Italy,China,2,60,2
W4,Italy,,0,54,0
OS,Italy,Japan,5,11,5
QR,Italy,Indonesia,18,22,18
ZL,Australia,Australia,2,4,2
AF,Italy,Costa Rica,1,3,1
EK,Indonesia,Italy,1,0,1
JU,Greece,Croatia,1,0,1
7C,South Korea,Japan,1,0,1
LO,Italy,China,0,1,0
AC,Netherlands,Canada,2,0,2
AF,Morocco,Italy,1,0,1
AC,Switzerland,United States,0,1,0
OS,Italy,Thailand,6,22,6
U2,Croatia,Italy,6,1,6
BA,France,United Kingdom,3,2,3
CX,Vietnam,Italy,0,1,0
K6,Vietnam,Cambodia,0,3,0
LO,Canada,Poland,2,0,2
W6,Iceland,Italy,0,4,0
DG,Philippines,Philippines,1,0,1
PC,Italy,Cyprus,0,1,0
FR,Italy,Panama,0,1,0
MH,Myanmar,Malaysia,1,0,1
3O,Morocco,Italy,55,13,54
UX,Italy,Dominican Republic,5,21,5
DE,United States,Italy,10,0,10
HV,France,Morocco,2,0,2
XY,Saudi Arabia,United Arab Emirates,0,2,0
W4,Italy,Pakistan,0,3,0
FR,Denmark,,0,1,0
3L,Georgia,United Arab Emirates,0,1,0
KL,Netherlands,Denmark,1,0,1
XK,Italy,France,0,1,0
G9,Italy,Thailand,6,26,6
AZ,Italy,Cuba,0,6,0
AF,United Arab Emirates,France,1,0,1
KE,Italy,South Korea,7,4,7
TK,Italy,Nepal,2,0,2
6E,United Arab Emirates,Thailand,0,1,0
AI,United Arab Emirates,Thailand,0,1,0
AY,Spain,Japan,0,1,0
KQ,Italy,Tanzania,0,1,0
DY,Italy,Sweden,0,52,0
NO,Italy,Greece,19,28,19
HV,Greece,Portugal,3,0,3
8B,Indonesia,Indonesia,0,4,0
KL,Italy,Brazil,1,7,1
DL,Italy,Argentina,2,0,2
W6,Italy,Kuwait,2,0,2
FR,Germany,Morocco,1,2,1
BA,Italy,Singapore,1,0,1
FR,Sweden,Estonia,1,0,1
AZ,Italy,France,26,75,26
BA,Cayman Islands,Italy,1,0,1
IB,Italy,Bolivia,0,6,0
FI,Canada,Italy,1,0,1
U2,Italy,Cyprus,10,0,10
LH,Italy,Costa Rica,0,5,0
V7,Portugal,Italy,0,1,0
AF,Italy,French Polynesia,0,2,0
FR,Estonia,Italy,0,1,0
U2,Italy,Malta,65,16,64
AZ,Bulgaria,Italy,1,2,1
W4,Italy,Turkey,0,21,0
U2,Cyprus,Italy,2,1,2
LH,Italy,Romania,1,3,1
UL,Sri Lanka,Singapore,1,2,1
EW,Italy,Egypt,0,1,0
5J,Philippines,Thailand,1,0,1
KM,Italy,Malta,0,283,0
LH,Italy,Ivory Coast,0,1,0
KU,Turkey,Philippines,3,2,3
AC,Canada,United States,4,3,4
LH,Italy,South Korea,14,11,14
EY,Italy,Sri Lanka,3,0,3
CI,Taiwan,Hong Kong,0,2,0
LH,Poland,Italy,0,1,0
TK,Germany,Turkey,1,0,1
FR,Germany,Hungary,1,1,1
OV,Saudi Arabia,Bangladesh,0,1,0
SK,Sweden,Republic of Ireland,1,0,1
VY,Spain,Switzerland,0,1,0
SK,Italy,Estonia,0,4,0
ET,Cameroon,Italy,1,0,1
LO,Lithuania,Poland,1,1,1
LA,Brazil,Brazil,8,14,8
XY,Saudi Arabia,Pakistan,0,1,0
SV,Saudi Arabia,Saudi Arabia,0,1,0
TU,Italy,,0,2,0
TS,Italy,,0,2,0
LX,Italy,Portugal,1,1,1
CI,Italy,Taiwan,0,2,0
FR,Germany,Republic of Ireland,0,1,0
AF,Sweden,Italy,1,1,1
JU,Serbia,Croatia,1,0,1
TK,Kenya,Turkey,0,2,0
BA,Spain,United Kingdom,0,1,0
AV,Spain,Panama,1,0,1
WF,Norway,Italy,0,1,0
FR,Greece,Turkey,0,1,0
N0,United States,Albania,0,2,0
AF,France,Hong Kong,1,1,1
FR,United Kingdom,Lithuania,1,0,1
BA,Italy,Cayman Islands,1,1,1
QR,Italy,Hong Kong,1,0,1
GF,Bahrain,Italy,0,1,0
LX,Italy,Poland,0,1,0
U2,Italy,Netherlands,325,74,322
FR,United Kingdom,Republic of Ireland,8,1,8
PC,Italy,Iran,3,7,3
U2,United Kingdom,Spain,2,1,2
DL,United States,Israel,2,0,2
UX,Switzerland,Cuba,2,0,2
LH,Italy,Tanzania,0,1,0
D7,Japan,Malaysia,0,1,0
U2,Italy,Kazakhstan,0,1,0
VY,Italy,France,229,65,227
CM,United States,Panama,2,0,2
SQ,Italy,Singapore,16,2,16
LH,Estonia,Italy,0,1,0
PC,Turkey,Iran,2,1,2
VJ,Indonesia,Italy,0,1,0
3O,Morocco,Turkey,1,0,1
LH,China,Italy,1,0,1
PC,Turkey,Turkey,0,1,0
LH,Lithuania,Italy,1,0,1
A3,Georgia,Italy,0,2,0
JU,Italy,,0,5,0
HV,Italy,Netherlands,36,29,36
5F,Italy,,0,3,0
EY,India,Qatar,0,1,0
JU,Italy,Hungary,0,2,0
AT,Italy,Mauritania,1,0,1
7G,Japan,Japan,0,1,0
BA,Italy,Romania,0,1,0
W6,Italy,Albania,0,1,0
HV,Italy,France,32,46,32
OS,Italy,Bosnia and Herzegovina,2,4,2
AF,Spain,Argentina,1,0,1
BA,United Kingdom,,1,1,1
LH,Italy,Bosnia and Herzegovina,1,0,1
BY,Portugal,Sweden,0,2,0
G9,Italy,Sri Lanka,13,4,13
G9,Italy,United Arab Emirates,0,1,0
KL,Spain,Italy,1,2,1
UX,Spain,Portugal,0,1,0
U2,Italy,Australia,0,1,0
AC,Mexico,United Kingdom,1,2,1
E5,Egypt,Italy,12,12,12
VB,Cuba,Mexico,3,0,3
BA,Italy,Brazil,3,3,3
DE,Canada,Italy,1,0,1
U2,Netherlands,United Kingdom,3,0,3
LO,Italy,Armenia,0,1,0
AF,Italy,Guatemala,0,1,0
XY,Saudi Arabia,Italy,0,1,0
TU,Italy,Burkina Faso,0,1,0
Y9,Canada,Canada,0,1,0
LH,Italy,Angola,1,0,1
FR,Italy,Faroe Islands,0,1,0
QR,Uganda,Italy,1,1,1
BC,Japan,Japan,1,0,1
EW,Italy,Czech Republic,19,10,19
Z0,United Kingdom,,0,1,0
,Tanzania,Tanzania,0,9,0
LH,Sweden,Italy,2,0,2
PG,Thailand,Cambodia,1,1,1
UA,Germany,United States,1,0,1
QZ,Singapore,,0,3,0
LX,Estonia,Italy,1,1,1
W6,Austria,Greece,1,1,1
DE,Italy,Maldives,0,1,0
DL,Mexico,Italy,2,0,2
TK,Hungary,Turkey,0,1,0
W4,Romania,Germany,1,0,1
E5,Italy,Japan,0,1,0
SK,Denmark,Germany,2,3,2
BA,Brazil,Italy,1,0,1
AF,Italy,Brazil,8,16,8
LX,Switzerland,Mexico,0,3,0
JA,Chile,Chile,2,4,2
SV,Portugal,Malaysia,0,1,0
N0,Germany,United States,1,0,1
U2,Egypt,Italy,15,8,15
JQ,Japan,Australia,1,1,1
OA,Greece,Greece,3,11,3
MK,Mauritius,South Africa,0,2,0
W9,Portugal,Italy,0,1,0
AY,United States,Italy,1,1,1
DL,France,,1,0,1
FR,Italy,Saudi Arabia,0,4,0
5J,Philippines,Malaysia,1,1,1
UX,Ecuador,Italy,2,3,2
TK,Italy,Maldives,7,6,7
DL,Italy,Brazil,1,0,1
MU,Italy,New Zealand,0,1,0
FR,Germany,,0,4,0
BA,United Kingdom,Belgium,0,1,0
FR,United Kingdom,Poland,0,1,0
LH,Brazil,Italy,1,0,1
OS,Bosnia and Herzegovina,Italy,0,1,0
IB,Argentina,Italy,2,0,2
LS,Italy,Croatia,0,1,0
W4,Italy,Israel,15,11,15
TK,Italy,Vietnam,3,5,3
MS,Slovakia,Egypt,0,2,0
FR,France,United Kingdom,0,1,0
A3,Turkey,Italy,0,3,0
W4,France,Italy,15,8,15
FR,Germany,Belgium,0,3,0
JL,Japan,Japan,16,4,16
IB,Italy,El Salvador,2,1,2
W4,Greece,Albania,1,0,1
GM,Switzerland,Egypt,1,0,1
SK,Italy,Poland,0,1,0
OS,Lithuania,Austria,1,0,1
A3,Lebanon,Italy,0,1,0
TR,Australia,Singapore,0,1,0
AV,Costa Rica,Italy,0,1,0
LX,Italy,Germany,6,8,6
VY,Spain,United States,0,1,0
SV,Saudi Arabia,Italy,1,0,1
KM,Cyprus,Malta,0,2,0
QR,Italy,Maldives,21,27,21
U2,Italy,Faroe Islands,0,1,0
EI,Spain,Republic of Ireland,2,0,2
FR,Denmark,Lithuania,1,1,1
FR,Portugal,Germany,2,2,2
BA,Brazil,France,1,0,1
QR,Hungary,China,0,1,0
EY,United Arab Emirates,Italy,7,1,7
IB,Dominican Republic,Spain,1,0,1
IB,Italy,Puerto Rico,0,5,0
N0,France,United States,1,0,1
TK,Switzerland,Turkey,3,3,3
QR,Switzerland,Vietnam,1,0,1
TK,Italy,Pakistan,3,0,3
OS,Italy,Turkey,0,1,0
LX,Italy,Czech Republic,0,1,0
EW,Hungary,Germany,1,0,1
AY,Finland,Italy,5,3,5
FR,Italy,Japan,0,1,0
W6,Italy,Serbia,4,6,4
D7,South Korea,Malaysia,0,1,0
SJ,Indonesia,Indonesia,0,1,0
MK,Mauritius,Italy,0,3,0
U2,United Kingdom,Netherlands,1,1,1
F9,United States,Mexico,0,1,0
OS,China,Italy,0,1,0
UA,United Kingdom,Mexico,0,1,0
W4,Italy,Austria,49,109,49
AD,Brazil,Brazil,0,19,0
FR,Republic of Ireland,Italy,13,22,13
ET,Italy,Senegal,0,4,0
IU,Indonesia,Indonesia,0,10,0
AS,United States,Mexico,0,3,0
L9,Italy,Italy,0,35,0
NT,Spain,Italy,0,4,0
HV,France,Cyprus,0,1,0
AF,Italy,Argentina,1,14,1
KM,France,Malta,0,2,0
TK,Albania,Italy,1,0,1
BA,Republic of Ireland,United States,0,3,0
W6,Italy,Norway,0,1,0
AC,United Kingdom,Canada,1,0,1
PK,Italy,Pakistan,0,2,0
AF,Germany,Tunisia,0,1,0
V7,Italy,Republic of Ireland,0,1,0
NO,Italy,,0,5,0
AV,Spain,Costa Rica,2,0,2
BA,United Kingdom,United States,1,1,1
WY,Malaysia,Italy,0,1,0
TB,Belgium,Italy,0,2,0
SV,Saudi Arabia,China,0,1,0
LH,Argentina,Italy,0,5,0
AH,Italy,Niger,0,8,0
FZ,Maldives,Italy,2,2,2
CZ,Italy,China,1,4,1
LX,Canada,Hungary,1,0,1
LA,Italy,Colombia,1,5,1
FR,Italy,Moldova,0,2,0
W6,Israel,Cyprus,0,1,0
QR,Italy,Nepal,2,0,2
V7,Italy,Egypt,0,1,0
A3,Egypt,Greece,0,1,0
AS,Italy,,0,1,0
A3,Italy,Greece,76,241,75
FR,Italy,United Arab Emirates,0,31,0
LO,Italy,Japan,0,2,0
SK,Italy,Norway,5,24,5
VY,Spain,Portugal,4,0,4
LX,Italy,Spain,4,4,4
W6,United Arab Emirates,Hungary,1,1,1
A3,Italy,Jordan,0,2,0
QR,Italy,China,0,1,0
RJ,Italy,Egypt,0,1,0
BJ,Tunisia,Turkey,0,1,0
FD,Cambodia,Thailand,0,1,0
KL,Tanzania,Italy,0,1,0
SK,Germany,Italy,0,1,0
OS,Italy,China,0,5,0
AK,Thailand,Malaysia,0,4,0
TK,Italy,Singapore,10,1,10
QR,Italy,United Arab Emirates,0,5,0
EW,Germany,Hungary,1,0,1
NO,Italy,Costa Rica,0,1,0
W4,Italy,Hungary,0,1,0
SA,South Africa,Namibia,0,1,0
KL,Italy,Morocco,1,0,1
A3,France,Greece,0,1,0
FD,Singapore,Thailand,0,1,0
NU,Japan,Japan,2,0,2
W4,Austria,Italy,7,3,7
MH,Malaysia,Malaysia,5,1,5
TK,Italy,Venezuela,5,10,5
SM,Austria,Egypt,0,3,0
AS,United States,,0,1,0
IB,Italy,Senegal,0,2,0
RJ,United Arab Emirates,Spain,0,1,0
WJ,Argentina,Italy,0,1,0
VJ,Vietnam,Italy,0,1,0
N3,El Salvador,Mexico,0,1,0
JQ,Australia,Italy,0,2,0
MS,Italy,Ethiopia,0,3,0
AV,United States,Nicaragua,2,0,2
OR,Netherlands,Curaçao,2,0,2
TK,Italy,Seychelles,2,0,2
TK,Italy,Bangladesh,0,2,0
FR,Italy,Burkina Faso,0,2,0
EN,Italy,Japan,0,3,0
3F,Italy,Armenia,0,1,0
EW,Greece,Italy,1,0,1
LX,Spain,Italy,1,1,1
W6,Bulgaria,Netherlands,1,0,1
W4,Italy,Spain,668,799,661
V7,Italy,France,104,77,103
OG,Iceland,Italy,1,5,1
5W,Serbia,United Arab Emirates,9,0,9
DE,Germany,Greece,0,3,0
DY,Italy,Denmark,0,37,0
FR,Italy,Slovakia,8,4,8
AZ,Morocco,Italy,0,2,0
EK,Malaysia,Italy,1,1,1
IB,Germany,Dominican Republic,3,0,3
AZ,United Kingdom,Italy,1,6,1
LA,Spain,Argentina,2,0,2
QR,Sri Lanka,France,0,4,0
QR,United Arab Emirates,Germany,0,1,0
TK,Switzerland,,0,1,0
DL,United States,Canada,1,0,1
AT,Belgium,Morocco,0,1,0
DL,Czech Republic,United States,1,0,1
FR,Morocco,Slovakia,0,1,0
OS,Italy,Iceland,1,0,1
A3,Egypt,Italy,4,5,4
HV,Italy,Iceland,1,0,1
OS,Italy,Germany,7,7,7
AZ,Italy,Indonesia,0,12,0
OS,Italy,Palau,0,1,0
W6,Italy,France,90,131,89
TR,Singapore,Indonesia,4,2,4
KL,Italy,Malaysia,1,1,1
TR,Hong Kong,Indonesia,0,1,0
LH,Italy,Hungary,2,3,2
VR,Cape Verde,Portugal,0,1,0
FZ,Pakistan,Saudi Arabia,1,0,1
WY,Italy,Indonesia,0,1,0
KQ,Mauritius,India,1,0,1
TW,Japan,South Korea,0,1,0
G9,India,Italy,0,1,0
FR,Italy,Azerbaijan,0,1,0
W6,Italy,Thailand,0,15,0
AV,Colombia,Italy,0,9,0
VN,Vietnam,Vietnam,0,8,0
TK,United Arab Emirates,Italy,0,3,0
LO,Italy,Azerbaijan,0,4,0
LA,Colombia,Italy,0,1,0
KE,Italy,,0,3,0
TM,Mozambique,Mozambique,0,1,0
AF,France,Madagascar,0,2,0
OS,France,Thailand,0,2,0
BT,Netherlands,Estonia,1,0,1
TP,Cape Verde,Italy,0,1,0
U2,France,,0,1,0
W4,Portugal,Italy,0,1,0
LX,Germany,Spain,0,2,0
TK,Italy,Japan,6,5,6
U2,Isle of Man,Italy,0,1,0
TR,Singapore,Malaysia,1,1,1
EK,Italy,South Korea,0,1,0
KL,United States,Italy,0,1,0
PR,Thailand,Philippines,1,3,1
KQ,Italy,,0,1,0
DE,Italy,Canada,3,0,3
EW,Sweden,Italy,3,1,3
G3,Brazil,Portugal,0,3,0
VY,Netherlands,Spain,2,2,2
5F,Italy,Moldova,0,34,0
BA,Israel,United Kingdom,1,0,1
IB,Italy,Guatemala,1,0,1
BY,Greece,United Kingdom,1,0,1
KL,Italy,Argentina,3,3,3
AV,United States,Italy,0,1,0
W2,Italy,Romania,0,1,0
LS,United Kingdom,Greece,0,1,0
TR,Singapore,Germany,1,0,1
AT,Italy,Togo,0,2,0
AF,Italy,Martinique,1,1,1
U2,Luxembourg,Italy,3,1,3
KU,Italy,Philippines,0,4,0
AZ,Italy,Aruba,0,1,0
QR,Italy,Seychelles,2,2,2
FR,Cyprus,Greece,1,0,1
PC,Spain,Turkey,0,1,0
FR,Luxembourg,Republic of Ireland,0,1,0
EY,Oman,Italy,0,1,0
JU,Spain,Greece,0,1,0
EK,Singapore,Italy,0,1,0
AZ,Italy,Iceland,0,4,0
U2,Portugal,Spain,9,1,9
KL,Italy,Kenya,2,0,2
PC,Italy,Georgia,1,0,1
CX,Hong Kong,Thailand,1,0,1
EK,Italy,,0,7,0
3O,Morocco,Switzerland,3,1,3
EK,United Kingdom,Philippines,2,0,2
IB,Switzerland,Mexico,1,0,1
EK,Hong Kong,Italy,1,1,1
NO,Tunisia,Italy,1,2,1
FI,France,Iceland,0,1,0
W4,Italy,Tanzania,0,1,0
LX,Germany,Portugal,1,0,1
VY,Italy,,0,22,0
CA,Italy,Thailand,0,30,0
SV,Maldives,Turkey,0,1,0
AZ,Italy,Mali,0,1,0
CI,Italy,Thailand,0,3,0
OS,Italy,Hungary,0,1,0
GF,Italy,Pakistan,0,2,0
B6,United States,Italy,0,3,0
JQ,Japan,Japan,3,0,3
TK,Italy,Ghana,0,3,0
AF,Italy,Cuba,31,30,31
MS,Italy,Nigeria,0,2,0
VY,Belgium,Spain,2,0,2
6E,Thailand,Italy,0,1,0
TP,Morocco,France,0,1,0
6E,Maldives,India,1,1,1
DL,Canada,United States,1,0,1
A3,Greece,Greece,15,12,15
W4,Italy,Armenia,12,15,12
DE,Cuba,Italy,2,1,2
QR,Italy,Vietnam,3,9,3
OS,Poland,France,0,4,0
OS,Italy,United States,1,2,1
KU,Kuwait,Italy,0,2,0
W6,Hungary,Turkey,1,0,1
DE,Germany,Italy,1,2,1
AF,Colombia,Italy,0,1,0
BP,Botswana,Italy,0,1,0
OG,Iceland,Morocco,0,2,0
AY,United Kingdom,Finland,1,0,1
BA,Italy,Canada,0,1,0
AF,France,Martinique,0,1,0
FR,Greece,Albania,0,1,0
TK,Singapore,Italy,0,2,0
KU,Italy,Kuwait,0,1,0
W6,Italy,Azerbaijan,0,1,0
LH,Belgium,Canada,0,1,0
AZ,Italy,Saudi Arabia,0,1,0
AV,Brazil,Costa Rica,0,2,0
AZ,Israel,Italy,2,3,2
TU,Italy,Senegal,0,6,0
LH,Italy,Republic of Ireland,4,8,4
LH,Italy,Bolivia,0,1,0
PC,Italy,Kyrgyzstan,2,1,2
AZ,Italy,Cambodia,0,3,0
SV,Italy,Bangladesh,0,6,0
JU,Germany,,0,4,0
VY,Spain,Austria,1,0,1
PC,Albania,Turkey,0,1,0
TR,Singapore,Vietnam,1,0,1
DL,United States,,1,0,1
OS,Austria,Czech Republic,1,0,1
SV,Italy,Singapore,1,13,1
VY,Netherlands,Italy,9,0,9
TK,Italy,Philippines,6,3,6
G9,Sri Lanka,Italy,0,3,0
FR,Malta,Morocco,0,3,0
OV,Oman,Nepal,2,0,2
FI,Italy,United States,1,0,1
FR,Italy,Bolivia,0,1,0
AK,Malaysia,Cambodia,0,1,0
KL,Italy,Jamaica,0,1,0
W4,Italy,Greece,230,222,228
JT,Indonesia,Indonesia,0,29,0
SV,Italy,Ethiopia,2,8,2
HV,Tunisia,France,5,6,5
UX,Cuba,Italy,2,11,2
EW,Norway,Italy,0,1,0
OS,Italy,India,0,4,0
FR,Poland,Czech Republic,1,0,1
OS,Poland,Canada,1,0,1
FR,Republic of Ireland,Portugal,1,0,1
TK,Georgia,Italy,1,1,1
KU,Kuwait,Nepal,0,1,0
W6,Italy,Indonesia,0,21,0
W4,Italy,Iceland,74,94,73
NK,United States,United States,19,11,19
B6,United States,,0,1,0
LO,Croatia,Japan,0,1,0
KL,France,Netherlands,4,0,4
U2,Italy,Hungary,0,1,0
XQ,Switzerland,Turkey,0,3,0
TK,Italy,Ethiopia,0,3,0
SZ,Uzbekistan,Tajikistan,0,1,0
AZ,Italy,Finland,0,1,0
AF,Italy,Denmark,0,1,0
BZ,Italy,Israel,0,1,0
AC,Canada,Italy,2,2,2
LX,Italy,Japan,12,16,12
DY,Finland,Sweden,0,3,0
ME,Jordan,Lebanon,0,1,0
UX,Spain,Colombia,0,1,0
BR,Italy,South Korea,0,2,0
AF,Peru,Italy,0,1,0
2W,Spain,Mexico,0,1,0
LH,Italy,Mauritius,0,1,0
BA,United States,Italy,17,5,17
KL,Italy,Cuba,2,5,2
VZ,Thailand,Thailand,0,19,0
U2,France,Netherlands,3,0,3
KL,Italy,Portugal,1,3,1
SK,Denmark,Faroe Islands,1,0,1
EK,Germany,Ghana,1,0,1
KL,Germany,United States,3,0,3
RO,France,Romania,0,1,0
KL,Argentina,,1,0,1
KL,Italy,Indonesia,2,0,2
KL,Germany,Thailand,0,1,0
XZ,Italy,Italy,733,83,726
TP,Ghana,Italy,0,1,0
V7,Italy,Morocco,0,5,0
LX,Italy,Indonesia,0,5,0
AY,Italy,Singapore,15,1,15
TG,Pakistan,Thailand,4,0,4
W6,Italy,Armenia,2,17,2
,United States,Italy,11,0,11
KL,Peru,Italy,0,2,0
CU,Cuba,Spain,0,2,0
EW,Switzerland,Italy,0,1,0
W6,Italy,Sweden,0,1,0
FR,Belgium,Republic of Ireland,1,0,1
VY,France,Italy,31,6,31
LH,Italy,Nigeria,4,2,4
AF,Italy,Mexico,12,2,12
DL,Ghana,United States,1,0,1
W6,Hungary,Hong Kong,0,1,0
EW,Italy,Turkey,1,2,1
MF,Italy,China,0,4,0
W4,Italy,Dominican Republic,0,1,0
FR,United Kingdom,Romania,0,1,0
UA,United States,United States,17,2,17
SK,Norway,Italy,4,9,4
W6,Italy,Romania,4,8,4
QR,Italy,South Korea,2,2,2
5J,Hong Kong,United Arab Emirates,1,0,1
AF,Italy,Latvia,0,1,0
3L,United Arab Emirates,Egypt,0,1,0
AZ,Italy,Peru,0,1,0
5W,United Arab Emirates,Italy,0,8,0
W6,France,Greece,0,1,0
UJ,Egypt,Egypt,0,3,0
W9,Portugal,United Kingdom,0,1,0
AA,United States,The Bahamas,4,0,4
AF,Italy,Norway,3,0,3
OS,Italy,Croatia,0,3,0
AC,France,Canada,2,0,2
TK,Italy,Nigeria,1,3,1
BA,United States,Republic of Ireland,3,0,3
AY,Italy,India,2,0,2
BA,United Kingdom,Egypt,1,0,1
JU,Serbia,Portugal,0,1,0
A3,Greece,Switzerland,1,0,1
KL,Panama,Italy,1,1,1
AF,Italy,Peru,8,39,8
DE,Italy,United States,4,11,4
AZ,Italy,Dominican Republic,0,2,0
2W,Spain,Costa Rica,0,1,0
DY,Spain,Sweden,0,1,0
SN,Italy,Ivory Coast,1,0,1
FR,Italy,Georgia,0,1,0
AA,United States,Canada,1,0,1
Q2,Maldives,Maldives,1,0,1
GF,Italy,Singapore,0,1,0
BR,Italy,Indonesia,0,11,0
DY,France,Denmark,0,2,0
VY,Italy,Cayman Islands,0,1,0
DY,Finland,Italy,0,1,0
CA,Philippines,Italy,0,1,0
U8,Cyprus,Israel,0,2,0
W2,Italy,Greece,0,1,0
AF,Italy,Madagascar,1,3,1
NO,Canada,Italy,0,3,0
LH,South Africa,Italy,1,0,1
AT,Italy,Ivory Coast,0,3,0
LX,Italy,Netherlands,4,7,4
V7,Spain,Italy,12,14,12
AK,Malaysia,Malaysia,0,34,0
EY,Indonesia,Italy,1,4,1
W6,Italy,Morocco,0,1,0
VY,France,Portugal,2,1,2
AF,Spain,Italy,2,0,2
4Y,Italy,Germany,0,1,0
LH,Italy,Switzerland,0,1,0
W9,Italy,Denmark,0,1,0
AF,Switzerland,Brazil,2,0,2
SN,Italy,Burkina Faso,1,1,1
CX,Italy,Vietnam,0,8,0
,Italy,Italy,0,2,0
F8,Canada,Canada,0,8,0
EK,Slovenia,Indonesia,3,1,3
DL,United States,French Polynesia,1,0,1
SQ,France,Singapore,1,0,1
EK,Italy,Tanzania,6,6,6
EY,Turkey,Australia,0,1,0
AK,Malaysia,Singapore,0,4,0
AF,Switzerland,Colombia,1,0,1
IB,Senegal,Italy,1,0,1
HO,China,China,0,1,0
PC,United Arab Emirates,Turkey,0,2,0
SQ,Germany,,0,1,0
JA,Chile,Brazil,0,3,0
PU,Venezuela,Spain,0,3,0
PC,Qatar,United Kingdom,0,1,0
EK,Switzerland,Mauritius,1,0,1
HC,Ivory Coast,Italy,0,9,0
EW,Italy,Greece,2,3,2
AA,Spain,United States,1,0,1
W4,Albania,Italy,59,37,58
LA,Italy,Chile,6,16,6
AZ,Italy,Mauritius,0,1,0
IB,United States,Italy,0,6,0
SK,Sweden,Finland,0,1,0
U2,Israel,Italy,3,0,3
LA,Argentina,Spain,0,7,0
LH,Italy,Ghana,0,1,0
ME,Lebanon,Italy,0,1,0
PC,Kyrgyzstan,Italy,0,3,0
IB,Costa Rica,Italy,0,1,0
A3,Italy,Israel,0,3,0
FY,Singapore,Malaysia,2,1,2
G9,Italy,Pakistan,4,10,4
EK,Philippines,Italy,3,3,3
AF,Argentina,Italy,0,1,0
W4,Italy,Republic of Kosovo,4,3,4
W4,Albania,France,0,2,0
BA,Italy,Barbados,5,0,5
LH,Italy,Lithuania,1,0,1
EW,Germany,Greece,1,0,1
AV,Ecuador,Dominican Republic,0,2,0
QR,Italy,Pakistan,1,0,1
AK,Singapore,United Arab Emirates,0,1,0
FR,Italy,Thailand,0,1,0
SV,Tanzania,Italy,0,1,0
KL,Netherlands,Mexico,2,0,2
W4,Italy,Jordan,0,1,0
QS,Czech Republic,Egypt,0,2,0
TK,Thailand,Italy,4,3,4
KQ,Italy,Kenya,2,7,2
WY,Italy,Tanzania,2,4,2
TK,Italy,Hong Kong,0,2,0
TR,Australia,Italy,0,1,0
B2,Turkey,Belarus,0,1,0
,Dominican Republic,Colombia,2,0,2
KL,Italy,India,1,0,1
W6,Italy,Czech Republic,103,158,102
E9,Spain,Mexico,3,4,3
GF,Italy,India,0,3,0
UX,Spain,Italy,7,12,7
FR,Sweden,Italy,6,11,6
GE*,South Africa,South Africa,2,0,2
AM,Mexico,Mexico,0,9,0
UX,Italy,Peru,9,13,9
QR,Italy,Bangladesh,0,2,0
FR,Italy,United States,0,10,0
E9,Costa Rica,Spain,1,0,1
LH,Italy,South Africa,2,6,2
ET,United Arab Emirates,Ghana,1,0,1
AZ,Belgium,,0,1,0
W6,Greece,Hungary,1,0,1
ZG,Japan,South Korea,2,2,2
Z9,Malaysia,Malaysia,0,3,0
U2,Switzerland,France,1,0,1
QR,Hong Kong,Uganda,0,1,0
UX,Switzerland,United States,0,1,0
EI,Republic of Ireland,Germany,1,0,1
N0,Italy,Guatemala,0,1,0
W6,Italy,Portugal,66,73,65
TP,France,Morocco,1,0,1
AF,France,Italy,25,15,25
AZ,Italy,Australia,0,1,0
AZ,Italy,United Kingdom,5,15,5
VA,Australia,Australia,6,0,6
SM,Egypt,Egypt,3,16,3
BR,Italy,Japan,0,10,0
W6,Italy,Spain,0,2,0
AF,Italy,Kenya,0,2,0
G4,United States,United States,0,3,0
FR,Italy,Peru,0,1,0
AZ,Italy,Norway,0,2,0
HV,Netherlands,France,1,1,1
EW,Germany,Norway,1,0,1
W4,Italy,Romania,201,272,199
AH,Italy,Senegal,0,8,0
HC,Italy,Guinea,0,1,0
LH,Italy,The Bahamas,0,2,0
IB,Colombia,Spain,2,5,2
KL,Italy,Ecuador,3,4,3
KL,Italy,Canada,4,2,4
A3,Greece,Turkey,0,2,0
U2,Germany,Denmark,1,0,1
W6,Sweden,Serbia,0,1,0
V7,Spain,Spain,1,0,1
FR,Belgium,United States,0,1,0
K6,Cambodia,Cambodia,0,1,0
GF,Italy,Thailand,0,26,0
MH,Italy,Indonesia,0,1,0
PC,Italy,Qatar,1,0,1
UX,Italy,Paraguay,1,1,1
UX,Brazil,Italy,0,1,0
LM,United Kingdom,United Kingdom,1,0,1
5W,United Arab Emirates,Egypt,1,0,1
A3,Germany,Greece,2,2,2
AZ,Italy,Netherlands,35,62,35
TP,Italy,Canada,2,12,2
UA,United States,Italy,0,9,0
OU,Croatia,Croatia,0,1,0
TS,Canada,Italy,1,1,1
BR,Italy,Vietnam,0,1,0
SN,Italy,Hungary,0,1,0
DY,Denmark,Spain,0,1,0
SQ,New Zealand,Italy,0,1,0
LX,Luxembourg,Italy,1,0,1
PX,Australia,Papua New Guinea,0,1,0
BA,Italy,Puerto Rico,0,1,0
W6,Italy,Poland,55,43,54
LH,Italy,China,2,19,2
QZ,Indonesia,Singapore,0,2,0
QS,Italy,Egypt,0,1,0
GF,Italy,France,0,2,0
W4,Italy,Luxembourg,1,0,1
TK,Mexico,Italy,1,6,1
WF,Italy,Norway,0,5,0
AK,Indonesia,Italy,0,2,0
FR,Malta,Spain,0,1,0
UX,Spain,Panama,1,0,1
LH,Italy,Lebanon,0,4,0
G9,Qatar,Italy,0,1,0
Y9,United States,Canada,0,3,0
S4,Italy,Portugal,0,7,0
OS,Italy,Austria,35,59,35
TS,Italy,Canada,26,13,26
TK,Italy,South Korea,3,4,3
BA,Germany,Mexico,0,4,0
5J,Thailand,Philippines,1,2,1
QR,Iraq,Italy,2,0,2
SV,Egypt,United Arab Emirates,0,4,0
LH,Israel,Japan,1,0,1
TG,Germany,Thailand,0,1,0
EK,United Arab Emirates,Bangladesh,2,0,2
DY,Sweden,Italy,0,1,0
VY,Italy,Morocco,1,5,1
W4,Italy,Portugal,0,25,0
OG,Iceland,United States,1,1,1
TK,Italy,Lebanon,5,7,5
VJ,Singapore,Vietnam,0,2,0
HC,Italy,Senegal,0,2,0
XK,France,Italy,0,1,0
AC,Mexico,Italy,0,1,0
A3,Albania,Greece,2,0,2
U2,Germany,Greece,2,0,2
FR,Poland,Sweden,2,0,2
UG,Tunisia,Tunisia,0,2,0
UX,Italy,Venezuela,1,0,1
F3,Saudi Arabia,Egypt,0,1,0
SV,Italy,Egypt,1,0,1
LO,Italy,Thailand,0,3,0
A3,Portugal,Greece,0,2,0
U2,Italy,Iceland,15,20,15
MU,Vietnam,Italy,0,1,0
UA,Australia,United States,1,0,1
V7,Italy,Portugal,0,3,0
W4,Austria,Croatia,0,1,0
KL,Hong Kong,Italy,1,0,1
U2,Switzerland,United Kingdom,2,0,2
MU,Singapore,Italy,0,1,0
J2,Italy,Uzbekistan,0,1,0
U2,Italy,Greece,543,87,538
TP,Italy,Morocco,2,24,2
W6,Italy,Israel,17,11,17
LY,Italy,United States,0,8,0
QR,United Arab Emirates,Tunisia,2,2,2
EY,Italy,Philippines,5,6,5
LH,Italy,Netherlands,3,1,3
EY,Oman,United Kingdom,0,4,0
FR,Italy,Kenya,0,1,0
VY,Italy,United Kingdom,41,5,41
W4,Italy,Republic of Ireland,0,9,0
LA,Chile,Italy,0,4,0
HV,Slovenia,France,0,1,0
VY,Italy,Colombia,1,1,1
W4,Italy,Uzbekistan,0,1,0
DL,United States,Italy,2,0,2
LA,Peru,Belgium,0,1,0
LH,Italy,Belgium,3,5,3
NO,Greece,Italy,7,5,7
W6,Italy,Netherlands,28,26,28
BQ,Germany,Italy,0,1,0
AV,Spain,Colombia,1,2,1
DY,Norway,Sweden,0,2,0
W6,Italy,Uzbekistan,0,7,0
TK,Venezuela,Italy,0,3,0
BR,Indonesia,Italy,0,1,0
AZ,Italy,United Arab Emirates,0,9,0
FR,Denmark,Italy,26,16,26
AM,Italy,Mexico,0,22,0
W4,Italy,Montenegro,20,17,20
FD,Thailand,Singapore,0,1,0
VB,Mexico,United States,0,1,0
AZ,Italy,Croatia,1,3,1
TW,Australia,South Korea,1,0,1
TB,Jamaica,Italy,0,1,0
LO,Italy,India,0,9,0
KL,Portugal,Serbia,1,3,1
UA,Switzerland,,1,0,1
IZ,Turkey,Italy,0,1,0
NH,Germany,Japan,1,0,1
LX,Switzerland,Cuba,0,1,0
LO,Italy,Lebanon,0,2,0
U2,Italy,United Kingdom,217,32,215
,Germany,Italy,0,8,0
7C,South Korea,Philippines,1,1,1
PC,Lebanon,Italy,0,2,0
NH,Italy,,0,1,0
LH,Italy,Greece,6,6,6
AZ,Italy,Tanzania,0,2,0
VN,Vietnam,Thailand,0,1,0
RO,Italy,Romania,0,3,0
W4,Spain,Albania,1,1,1
LX,Italy,Egypt,1,3,1
HX,Philippines,Hong Kong,1,0,1
KL,Italy,Ghana,0,1,0
PC,Cyprus,Turkey,1,0,1
W6,Cyprus,Greece,0,1,0
EI,Germany,United States,1,0,1
VY,Italy,The Gambia,1,3,1
BT,Italy,Latvia,12,3,12
AZ,Italy,Portugal,0,5,0
EY,Italy,Australia,7,0,7
FR,Slovakia,Italy,7,3,7
UL,Sri Lanka,Saudi Arabia,1,0,1
AZ,Italy,Malta,1,9,1
DE,Germany,Cuba,1,0,1
BA,Brazil,Belgium,1,0,1
FR,Austria,Jordan,0,1,0
AT,Italy,Nigeria,0,1,0
FR,Malta,Belgium,0,1,0
BA,Italy,Kenya,0,1,0
G9,Pakistan,Italy,0,2,0
3U,Italy,Japan,0,1,0
LG,Italy,Denmark,0,1,0
HV,Netherlands,Spain,2,0,2
NK,United States,Italy,0,5,0
SK,Finland,Italy,0,1,0
BA,Austria,United States,0,1,0
U2,Italy,Pakistan,0,3,0
VN,Cambodia,Laos,0,1,0
FR,Croatia,Belgium,1,0,1
IB,Mexico,Italy,4,2,4
KM,Italy,France,0,2,0
HV,Italy,United States,0,3,0
HV,Belgium,Greece,1,0,1
CZ,Australia,Italy,0,1,0
MS,Italy,Jordan,0,1,0
QG,Indonesia,Italy,0,1,0
FR,Spain,Poland,0,2,0
U2,Germany,Italy,38,4,38
UX,Colombia,Italy,0,4,0
TK,Ghana,Italy,0,1,0
XY,Maldives,Italy,0,2,0
LH,Germany,United States,2,1,2
V7,Italy,Turkey,0,1,0
UA,United Kingdom,,1,0,1
V7,Italy,United Kingdom,0,4,0
FR,Spain,United Kingdom,5,1,5
5J,Australia,Philippines,0,2,0
W4,Italy,Sweden,2,5,2
JQ,Singapore,Indonesia,1,4,1
AV,El Salvador,Guatemala,0,1,0
3O,Morocco,Morocco,1,0,1
MS,Tanzania,Italy,0,1,0
LX,France,Cyprus,0,1,0
V7,Greece,Italy,69,37,68
W6,Italy,Turkey,0,33,0
AH,Senegal,Turkey,0,2,0
SV,Italy,Philippines,3,6,3
A3,Greece,Albania,1,0,1
NO,Kenya,Italy,0,2,0
KL,Netherlands,Spain,0,1,0
IB,Dominican Republic,Italy,2,4,2
W6,Poland,Croatia,5,0,5
LH,Kenya,Italy,0,1,0
WY,Italy,New Zealand,0,2,0
KL,Norway,,0,2,0
EK,India,Italy,0,2,0
UK,United Arab Emirates,Singapore,0,1,0
CA,China,China,0,1,0
AY,Italy,Iceland,1,0,1
MS,Italy,Japan,0,2,0
UA,United States,Mexico,1,0,1
AV,United States,Colombia,1,0,1
WJ,Argentina,Argentina,0,2,0
4Z,Madagascar,,0,1,0
BA,Italy,United Kingdom,61,54,60
EY,Australia,Italy,3,1,3
LA,Brazil,Italy,3,21,3
W6,Cyprus,Italy,0,1,0
ID,Indonesia,Vietnam,0,1,0
QR,Germany,Indonesia,1,0,1
RS,South Korea,Japan,0,1,0
KS,Romania,Romania,2,1,2
W4,Croatia,Italy,1,0,1
TR,Thailand,Singapore,0,1,0
QR,Italy,Iran,0,1,0
AR,Argentina,Spain,0,1,0
W6,Italy,Malaysia,0,18,0
ET,Italy,Ghana,0,2,0
LO,Italy,South Korea,0,3,0
W6,Egypt,Italy,71,32,70
3O,France,Morocco,3,0,3
DM,Dominican Republic,Colombia,0,1,0
AZ,Algeria,Italy,0,1,0
FD,Thailand,Indonesia,0,1,0
FJ,Australia,United States,1,0,1
TP,Senegal,Italy,0,2,0
BA,France,United States,2,0,2
TP,Italy,Chile,0,1,0
TK,Somalia,Italy,0,1,0
AF,Italy,Mali,1,3,1
AZ,Italy,Jordan,0,8,0
AZ,Italy,Greece,4,60,4
W4,Italy,Maldives,0,2,0
IB,Spain,Spain,12,9,12
5W,United Arab Emirates,Saudi Arabia,1,0,1
GQ,Cyprus,Greece,1,0,1
LO,Poland,France,1,2,1
W6,Italy,Cyprus,0,3,0
AF,France,Sri Lanka,0,2,0
SM,Czech Republic,Egypt,0,1,0
FR,Greece,Austria,0,1,0
ET,Ethiopia,Eritrea,2,0,2
FR,Republic of Ireland,Hungary,0,1,0
TK,Italy,United Arab Emirates,18,10,18
FB,Italy,Bulgaria,0,7,0
AB,Australia,Australia,0,1,0
VY,Morocco,Italy,1,0,1
W6,Lithuania,Italy,2,2,2
DY,Poland,Norway,0,1,0
AV,Colombia,Colombia,8,21,8
SK,Italy,Sweden,21,33,21
LX,Germany,Italy,2,1,2
MU,Italy,China,0,11,0
5W,Uzbekistan,Austria,0,1,0
BR,Italy,Philippines,0,6,0
W4,Italy,United Arab Emirates,0,20,0
SQ,Germany,United States,0,1,0
3O,Morocco,France,0,1,0
AZ,Italy,Namibia,0,3,0
DE,Germany,Canada,0,1,0
BA,Italy,Jordan,1,0,1
TK,France,Cyprus,2,0,2
SK,Denmark,,0,5,0
AV,Colombia,Spain,2,6,2
FZ,Italy,United Arab Emirates,12,24,12
TK,Italy,Uzbekistan,10,12,10
HY,Uzbekistan,Uzbekistan,0,1,0
VY,Senegal,Italy,1,0,1
AF,Denmark,Italy,1,1,1
EI,Republic of Ireland,Netherlands,1,0,1
RO,Romania,Malaysia,0,1,0
A3,Greece,Italy,23,31,23
KL,Italy,Peru,4,13,4
UA,United States,Spain,0,1,0
FR,Italy,Estonia,5,23,5
WY,Italy,Malaysia,0,6,0
W6,Serbia,Italy,2,5,2
W6,Netherlands,Poland,1,0,1
LH,Italy,Namibia,7,4,7
RJ,United Arab Emirates,Italy,0,2,0
2B,Italy,Turkey,0,3,0
DL,Mexico,Switzerland,1,0,1
BT,Italy,Lithuania,1,0,1
FR,France,France,1,0,1
PC,Turkey,Israel,1,0,1
IB,United States,Portugal,3,0,3
TP,Italy,Cape Verde,2,27,2
Z2,China,Philippines,0,1,0
LX,Switzerland,Italy,4,17,4
A3,Italy,Lebanon,1,6,1
A3,Italy,Georgia,0,1,0
AF,Belgium,United States,0,1,0
AF,Italy,Senegal,1,2,1
TB,Belgium,Albania,1,0,1
PC,Austria,Turkey,1,0,1
TK,Uzbekistan,Italy,0,2,0
5W,Armenia,Uzbekistan,0,1,0
LX,Italy,South Africa,0,1,0
KL,Slovenia,,0,1,0
EN,Italy,Namibia,0,1,0
W4,Greece,Spain,0,2,0
AZ,Italy,Taiwan,0,7,0
TR,Taiwan,Albania,0,1,0
MS,Morocco,Egypt,0,2,0
DL,United States,The Bahamas,1,0,1
DY,Italy,Finland,0,5,0
TK,Italy,Colombia,0,1,0
FZ,Oman,Maldives,2,0,2
KL,Italy,Norway,4,0,4
AF,Italy,India,2,0,2
FR,United Kingdom,Portugal,0,2,0
BF,France,United States,1,0,1
6E,India,United Arab Emirates,0,1,0
AC,Italy,United States,14,12,14
OS,Egypt,Italy,3,1,3
EW,Germany,Spain,4,4,4
SV,Thailand,Italy,0,2,0
LH,Italy,Cuba,0,3,0
VU,Vietnam,Thailand,0,4,0
4Y,Germany,Tanzania,0,5,0
SK,Poland,Italy,0,2,0
SK,Italy,Lebanon,0,1,0
FR,Romania,Greece,0,1,0
SQ,China,Indonesia,0,1,0
IB,Italy,Jamaica,0,1,0
LH,Albania,United States,1,0,1
FR,Italy,Israel,12,17,12
FR,Italy,Sri Lanka,0,5,0
WF,Norway,Norway,0,9,0
BA,Italy,Mexico,1,18,1
LA,Italy,Bolivia,0,1,0
AM,Italy,Honduras,0,2,0
OS,Italy,Republic of Macedonia,1,1,1
BY,United Kingdom,Italy,2,0,2
FR,Belgium,Finland,1,0,1
,Italy,United States,7,0,7
VA,Indonesia,Australia,1,1,1
BA,Italy,Chile,1,0,1
W4,Italy,Cuba,0,15,0
FR,Belgium,Portugal,0,1,0
JL,Brazil,Japan,0,2,0
,Germany,Republic of Kosovo,1,0,1
AF,Italy,South Korea,1,0,1
PR,United Arab Emirates,Indonesia,0,1,0
H2,Argentina,Peru,0,1,0
TP,Italy,Angola,8,3,8
EW,Germany,Portugal,1,0,1
OK,Czech Republic,France,0,4,0
AF,France,Greece,3,0,3
IB,Costa Rica,Spain,4,1,4
SN,Italy,Denmark,0,3,0
SN,Italy,United States,0,8,0
AZ,Italy,Canada,0,2,0
TK,Iran,Germany,0,6,0
AZ,Italy,Turkey,3,0,3
UX,Italy,United States,2,3,2
SQ,Italy,Japan,0,1,0
UA,New Zealand,Italy,0,1,0
LX,Italy,Tanzania,0,1,0
A3,Belgium,Greece,0,1,0
I2,Spain,Italy,8,1,8
AA,United States,United States,38,0,38
ZB,Albania,Italy,0,6,0
U2,France,France,13,0,13
BA,United States,Spain,1,0,1
LX,Costa Rica,Italy,0,1,0
FR,Greece,Denmark,0,2,0
FZ,Saudi Arabia,Maldives,2,0,2
W6,Czech Republic,United Kingdom,0,1,0
FR,Germany,Sweden,0,1,0
5J,Hong Kong,Philippines,1,0,1
KL,Spain,Netherlands,0,1,0
SK,Italy,Greece,0,2,0
JQ,Australia,Singapore,2,0,2
FR,Jordan,Romania,0,1,0
DE,Germany,Portugal,0,2,0
SV,Italy,Indonesia,2,20,2
LO,Poland,Italy,4,2,4
SN,Italy,Senegal,2,0,2
RJ,Italy,United Arab Emirates,0,1,0
HX,Thailand,Hong Kong,0,1,0
SQ,Japan,Italy,0,1,0
F9,United States,Puerto Rico,1,0,1
R2,Guinea,Senegal,0,1,0
U2,Netherlands,France,1,0,1
U2,France,United Kingdom,10,15,10
IB,France,Spain,3,2,3
FR,France,Republic of Ireland,1,7,1
EK,Italy,China,1,0,1
AZ,Italy,The Bahamas,0,1,0
OS,Austria,Sweden,0,1,0
OS,Italy,Moldova,1,0,1
Y4,United States,Mexico,0,1,0
U2,United Kingdom,Portugal,1,0,1
9C,China,China,1,3,1
W9,United Kingdom,Italy,2,0,2
AZ,Italy,Kenya,0,7,0
LX,Italy,Argentina,0,1,0
DL,Australia,United States,1,0,1
G9,Italy,Bangladesh,1,0,1
HV,France,Netherlands,1,0,1
FR,United Kingdom,Greece,0,4,0
EK,Italy,Philippines,0,17,0
UX,United States,Italy,0,4,0
AF,Italy,Tunisia,1,0,1
MF,Singapore,China,0,1,0
FR,Luxembourg,Turkey,0,1,0
TK,Italy,Sierra Leone,0,1,0
PC,Italy,Iraq,0,1,0
BA,Spain,,1,0,1
TP,Spain,Portugal,7,10,7
FR,Italy,Latvia,3,7,3
U2,Italy,Tunisia,0,2,0
7C,Japan,South Korea,0,3,0
TK,Uzbekistan,Austria,2,0,2
TK,Turkey,Romania,0,1,0
TK,Iran,Italy,10,6,10
BA,Italy,Australia,0,4,0
TK,Italy,Jordan,6,5,6
TG,Thailand,Philippines,0,2,0
IB,France,Morocco,0,2,0
ET,Italy,Namibia,0,1,0
TS,France,Canada,0,1,0
PC,Germany,Egypt,0,1,0
QR,Poland,Thailand,1,0,1
AV,Peru,Spain,0,1,0
JQ,Malaysia,Singapore,0,1,0
W4,United Kingdom,,0,1,0
BA,Greece,United States,0,1,0
AD,Brazil,Spain,0,1,0
BA,United States,Albania,0,1,0
RC,France,Faroe Islands,0,1,0
5J,Hong Kong,Uganda,0,1,0
V7,France,Argentina,0,1,0
LX,Italy,Canada,0,3,0
C3,Republic of Kosovo,Italy,0,1,0
FR,Bulgaria,Poland,0,1,0
WY,Italy,United Arab Emirates,1,1,1
VJ,Vietnam,Singapore,0,1,0
FR,Serbia,Greece,1,0,1
FO,Argentina,Spain,0,1,0
IB,United Kingdom,United States,0,1,0
AT,Italy,Ghana,1,3,1
AT,Italy,Burkina Faso,0,2,0
AT,Morocco,France,1,3,1
LH,Germany,Italy,25,44,25
FR,Israel,Italy,6,24,6
W4,Austria,United Kingdom,1,1,1
U2,Spain,Switzerland,1,0,1
FH,Germany,Turkey,1,1,1
LO,India,Italy,0,2,0
V7,Italy,Germany,2,2,2
FR,United Kingdom,Spain,1,3,1
SV,Italy,Tanzania,0,1,0
TB,Morocco,Italy,2,2,2
OS,Austria,Bulgaria,1,0,1
ET,Italy,Nigeria,1,0,1
LH,Hungary,Germany,1,0,1
LX,Greece,Italy,1,0,1
EK,United Arab Emirates,France,0,1,0
LO,Poland,Azerbaijan,1,0,1
QR,Italy,Malaysia,8,17,8
AA,Spain,Argentina,2,0,2
LH,Italy,Malta,1,0,1
TB,Italy,Morocco,23,5,23
W6,Netherlands,Italy,7,2,7
2W,Spain,Dominican Republic,0,5,0
KL,Italy,Hungary,0,3,0
IB,Israel,Peru,1,0,1
OS,Italy,Latvia,0,1,0
2W,Spain,Cuba,0,14,0
EY,Italy,Cambodia,0,3,0
TK,Italy,Ivory Coast,4,4,4
5W,Kuwait,United Arab Emirates,1,0,1
FR,Italy,Cyprus,29,41,29
ET,Italy,Kenya,9,17,9
FR,Lithuania,Italy,5,6,5
ME,Italy,Lebanon,0,9,0
NK,United States,Mexico,1,0,1
LH,Italy,Hong Kong,2,1,2
LO,Poland,Poland,2,1,2
NO,Italy,Jordan,0,2,0
IB,United States,United Kingdom,0,2,0
EY,United Arab Emirates,Bangladesh,0,1,0
AF,Italy,Togo,1,1,1
FR,Republic of Ireland,Morocco,1,0,1
VY,Portugal,Italy,3,2,3
LX,Italy,,0,9,0
FR,Italy,Bulgaria,23,52,23
4Z,Namibia,South Africa,0,5,0
IB,Italy,Cuba,4,18,4
VY,Italy,Mexico,0,3,0
HV,Italy,Portugal,0,1,0
EY,Italy,Saudi Arabia,2,0,2
MU,Italy,Philippines,0,1,0
AM,Italy,Colombia,0,1,0
AH,Senegal,France,0,1,0
CY,Lebanon,Cyprus,1,0,1
LH,Germany,Turkey,1,0,1
LH,Italy,Morocco,0,1,0
FR,Spain,Turkey,0,1,0
TK,Malta,Ghana,0,2,0
LH,Luxembourg,Italy,1,1,1
TB,Morocco,Algeria,0,2,0
VY,France,Spain,9,3,9
FR,Germany,United Kingdom,2,4,2
W4,Cyprus,Italy,2,2,2
KI,Malaysia,Malaysia,0,1,0
5J,Singapore,United Arab Emirates,2,1,2
TX,Réunion,Italy,0,2,0
OU,Croatia,Italy,0,1,0
AI,United Arab Emirates,Malaysia,0,2,0
W4,Italy,Morocco,126,77,125
KU,Italy,Thailand,3,12,3
ET,Greece,Seychelles,0,2,0
SQ,Spain,Indonesia,1,0,1
U2,Germany,Netherlands,5,3,5
FR,Italy,Finland,6,26,6
FD,Vietnam,Thailand,0,5,0
QR,Italy,India,1,5,1
AF,Italy,Chile,2,1,2
FR,Italy,Mexico,0,2,0
LH,Germany,Thailand,2,1,2
Q6,Mexico,Guatemala,0,1,0
CZ,Italy,Cambodia,0,3,0
MH,Singapore,Malaysia,1,1,1
TK,Italy,Mali,0,2,0
FR,Morocco,Spain,5,2,5
EW,Spain,Greece,0,1,0
ET,Nigeria,Ethiopia,0,9,0
UX,Italy,Panama,0,1,0
PC,Germany,Turkey,3,2,3
LH,Italy,Argentina,0,13,0
LX,Italy,Greece,3,3,3
OG,Canada,Republic of Macedonia,0,1,0
QR,Australia,Italy,4,2,4
CI,Italy,,0,1,0
KM,Malta,Spain,0,1,0
U2,Morocco,France,1,0,1
CY,Egypt,Italy,0,2,0
LY,Israel,Spain,1,0,1
KL,Italy,Germany,1,1,1
Q4,Spain,Cuba,0,1,0
LX,Switzerland,Germany,1,0,1
BA,Italy,Spain,0,2,0
6E,India,Israel,1,0,1
AZ,India,Italy,3,6,3
U2,Italy,Germany,87,10,86
U2,Netherlands,Italy,43,1,43
IB,Italy,,3,11,3
AF,Spain,United States,0,1,0
SV,France,Saudi Arabia,1,0,1
EY,Austria,India,2,0,2
VY,Iceland,Italy,1,0,1
5W,Bahrain,Italy,0,1,0
KL,Spain,,1,0,1
FR,Italy,Uzbekistan,0,1,0
AT,Netherlands,Morocco,0,1,0
5J,Australia,Italy,0,1,0
AA,Germany,Mexico,2,0,2
OK,Czech Republic,Spain,0,1,0
U2,Switzerland,Spain,3,0,3
FR,Republic of Ireland,Austria,0,1,0
HY,Italy,Uzbekistan,0,3,0
JQ,Australia,Australia,23,7,23
FR,Lithuania,United Kingdom,1,0,1
KL,Italy,Belgium,3,1,3
KL,Italy,Faroe Islands,0,2,0
LA,Egypt,Brazil,0,1,0
9C,Hong Kong,China,0,4,0
FR,Portugal,Sweden,0,2,0
VB,Mexico,Mexico,29,8,29
EW,Germany,Italy,44,37,44
FR,Italy,Tunisia,0,2,0
W6,Serbia,Greece,1,2,1
DY,Norway,Norway,0,12,0
QR,Thailand,Italy,23,6,23
PC,Morocco,Turkey,0,2,0
LH,Switzerland,Italy,0,2,0
AF,Germany,Italy,0,1,0
U2,Netherlands,Portugal,1,0,1
CM,Paraguay,Italy,0,10,0
JU,Slovenia,Turkey,0,10,0
V7,France,France,6,2,6
LH,Italy,Canada,3,18,3
W4,Italy,Nepal,0,6,0
W6,Portugal,Hungary,1,0,1
OU,Croatia,Mauritius,0,1,0
TK,Spain,Ecuador,0,2,0
AR,Argentina,Bolivia,0,1,0
AY,Latvia,Italy,1,1,1
UX,Spain,Peru,1,0,1
KL,India,Italy,0,1,0
SK,Greece,Netherlands,0,1,0
TP,United States,Portugal,0,1,0
VY,Senegal,Portugal,0,1,0
U2,Germany,United Kingdom,1,0,1
SN,Italy,Italy,0,1,0
U2,Italy,Croatia,65,12,64
VJ,Vietnam,Thailand,0,7,0
AF,Italy,Guadeloupe,3,2,3
AZ,Italy,Estonia,0,2,0
OS,Iran,Italy,0,2,0
6E,Kuwait,Malaysia,1,0,1
EK,Nepal,Italy,1,0,1
EY,India,Italy,0,1,0
TP,Italy,Brazil,44,118,44
OS,Italy,Egypt,9,10,9
VE,Colombia,Colombia,0,3,0
AY,Italy,Finland,50,9,50
KL,Canada,Italy,1,0,1
GF,India,Italy,0,2,0
ET,Ghana,Italy,0,1,0
AC,Germany,Canada,0,1,0
FR,Hungary,Belgium,0,1,0
LH,Germany,Tunisia,0,4,0
TG,Thailand,Hong Kong,0,1,0
IB,Spain,Peru,1,1,1
VY,Chile,Italy,2,4,2
VY,Italy,Netherlands,9,2,9
KL,United Kingdom,,0,1,0
TK,Italy,India,8,6,8
PC,Italy,United Arab Emirates,3,3,3
VA,Indonesia,Papua New Guinea,0,2,0
LX,Italy,Turkey,0,4,0
KE,South Korea,Italy,1,0,1
QR,Maldives,Italy,0,1,0
B6,United States,Aruba,0,1,0
EN,Italy,Thailand,0,3,0
AR,Argentina,Uruguay,0,3,0
VY,United States,Italy,1,0,1
SN,Italy,Canada,0,1,0
W4,Italy,Seychelles,0,1,0
UX,Spain,Venezuela,0,1,0
ET,Italy,Botswana,1,0,1
KC,Turkey,Thailand,0,1,0
UX,Italy,Brazil,1,7,1
G9,Kenya,Qatar,1,0,1
TK,Italy,Lithuania,0,1,0
FR,Italy,Bosnia and Herzegovina,0,1,0
EY,Singapore,Italy,1,0,1
AZ,Italy,Madagascar,0,2,0
BR,Indonesia,Germany,0,1,0
EY,Italy,,1,6,1
FR,Belgium,Germany,0,2,0
QZ,Singapore,Indonesia,0,7,0
FR,Italy,Nepal,0,1,0
UA,Turkey,Nicaragua,0,1,0
DE,Spain,Germany,1,2,1
TK,South Sudan,Italy,0,1,0
SK,Sweden,Italy,1,5,1
XQ,Turkey,Israel,0,1,0
W6,Sweden,Poland,1,0,1
JU,Italy,Greece,0,8,0
LX,Italy,China,1,8,1
EY,Netherlands,Thailand,1,0,1
AF,Spain,United Arab Emirates,0,1,0
AV,Ecuador,Ecuador,0,2,0
EW,Portugal,Germany,1,0,1
SK,Italy,Finland,0,3,0
AZ,Italy,Pakistan,0,2,0
AA,Spain,Guatemala,1,0,1
KL,Italy,French Polynesia,0,1,0
LH,United States,Germany,0,1,0
LO,Italy,Turkey,0,2,0
GA,Indonesia,Indonesia,0,2,0
LO,Moldova,Azerbaijan,0,2,0
AY,Italy,Thailand,2,0,2
I2,Spain,France,2,0,2
UA,Germany,Mexico,1,0,1
FR,Luxembourg,Italy,2,2,2
B6,Italy,United States,0,1,0
FR,Germany,Poland,2,0,2
5W,United Arab Emirates,Albania,1,0,1
EK,Slovenia,India,1,0,1
DE,Belgium,Canada,1,0,1
5W,Kyrgyzstan,Italy,0,1,0
3F,Armenia,Azerbaijan,0,1,0
FR,Norway,Italy,5,10,5
V7,Italy,Albania,0,4,0
W6,Italy,Philippines,0,7,0
U2,France,Portugal,11,11,11
U2,Italy,Denmark,7,6,7
EK,Italy,Pakistan,3,1,3
AF,Italy,Panama,2,4,2
W6,Turkey,Hungary,0,2,0
6E,India,Maldives,1,2,1
G3,Uruguay,Italy,0,2,0
NO,Italy,Italy,9,7,9
V7,France,Algeria,7,0,7
5J,Philippines,United Arab Emirates,0,2,0
KL,Italy,Costa Rica,2,2,2
RJ,Italy,Thailand,0,6,0
W4,Italy,Germany,8,21,8
VY,Croatia,Italy,4,1,4
LX,Switzerland,Japan,1,0,1
5W,Uzbekistan,Italy,0,1,0
UX,Morocco,Italy,0,1,0
AV,Costa Rica,Spain,4,0,4
TK,Turkey,Egypt,0,1,0
AA,Mexico,United States,3,0,3
IB,Belgium,Dominican Republic,1,0,1
LX,Switzerland,Norway,1,0,1
AV,Mexico,Bolivia,5,1,5
W6,Italy,India,0,31,0
SQ,Spain,Italy,4,0,4
AI,Italy,Australia,0,12,0
FD,Malaysia,Thailand,0,2,0
ET,Argentina,,0,1,0
A3,Netherlands,Greece,1,0,1
LX,Italy,India,1,6,1
NO,Italy,Tanzania,2,7,2
6E,Italy,India,11,35,11
HA,United States,Cook Islands,0,1,0
LH,Malta,Spain,1,0,1
EW,Germany,Tunisia,0,1,0
LX,Italy,Luxembourg,1,0,1
2B,Italy,Pakistan,0,1,0
TP,Portugal,Brazil,1,0,1
XQ,Italy,United Arab Emirates,0,1,0
EI,Republic of Ireland,Italy,2,3,2
AZ,Albania,Italy,3,0,3
RJ,Italy,Jordan,2,5,2
IB,Spain,Portugal,2,0,2
TR,Japan,Australia,1,1,1
NH,Italy,Japan,2,7,2
AF,Italy,Australia,0,1,0
V7,Germany,Italy,2,2,2
VY,Spain,Iceland,1,0,1
KQ,Kenya,Kenya,1,0,1
LA,Switzerland,Brazil,1,0,1
PC,Italy,Turkey,87,83,86
SV,Italy,Pakistan,0,8,0
VY,Egypt,Italy,0,2,0
GQ,Greece,Italy,15,23,15
W4,Italy,Denmark,0,2,0
FR,Italy,Philippines,0,2,0
XZ,Italy,Romania,15,3,15
QS,Italy,Czech Republic,1,3,1
W9,France,United Kingdom,2,0,2
EK,Italy,United Arab Emirates,35,19,35
5W,Maldives,Greece,0,2,0
EY,Israel,United Arab Emirates,2,0,2
TP,Spain,United States,0,1,0
MH,Italy,Australia,0,2,0
KL,United States,Switzerland,0,1,0
W6,Bulgaria,France,1,0,1
SE,Egypt,France,0,1,0
VY,Greece,Italy,0,1,0
IB,Sweden,Spain,0,1,0
W6,Italy,Greece,290,339,287
W6,Turkey,Italy,0,8,0
TP,Italy,The Gambia,1,0,1
AK,Singapore,Malaysia,0,7,0
FR,Hungary,Denmark,0,1,0
5J,Philippines,Philippines,11,6,11
TK,Moldova,China,0,1,0
U2,Germany,Switzerland,1,0,1
TK,Italy,Argentina,1,0,1
KL,Netherlands,Aruba,1,0,1
PK,Saudi Arabia,Pakistan,0,1,0
U2,Italy,United States,1,12,1
W4,Italy,United States,0,16,0
DV,Kazakhstan,Kazakhstan,0,4,0
Y9,United States,Italy,0,2,0
EY,Germany,Japan,0,1,0
VY,Denmark,France,1,0,1
UA,Belgium,Mexico,0,1,0
JQ,Indonesia,,0,1,0
AZ,Italy,Thailand,0,16,0
XY,Saudi Arabia,India,0,1,0
QZ,Indonesia,Indonesia,0,18,0
D7,Malaysia,Italy,0,1,0
XQ,Turkey,Turkey,1,1,1
BA,Chile,Italy,0,1,0
TP,Brazil,Portugal,0,1,0
LX,Italy,Hong Kong,2,0,2
FR,Spain,Republic of Ireland,1,3,1
FR,Italy,Egypt,0,12,0
IB,Spain,Ecuador,3,0,3
EK,Thailand,Italy,3,4,3
W9,Romania,United Kingdom,1,0,1
DY,Italy,Faroe Islands,0,1,0
