carrier,origin_country,destination_country,clicks_travix,clicks_competitor,clicks_airlines
AZ,Italy,Italy,567,1505,561
FR,Italy,Italy,4457,6855,4413
NO,Italy,Spain,42,28,42
DX,Italy,Italy,0,165,0
W6,Italy,Italy,1000,1046,990
LA,Italy,Brazil,13,55,13
FR,Italy,Spain,2467,4538,2443
NO,Italy,Egypt,90,36,89
FR,Italy,Morocco,142,304,141
UG,Italy,Tunisia,0,7,0
AZ,Italy,,0,130,0
AZ,Italy,United States,216,918,214
QR,Italy,,0,16,0
SM,Egypt,Italy,8,45,8
EY,Italy,Seychelles,49,49,49
BA,Italy,United States,245,570,243
AZ,Italy,Tunisia,5,34,5
EK,Italy,,0,16,0
SM,Italy,Egypt,40,216,40
W6,Italy,Egypt,161,180,159
AT,Italy,Morocco,35,117,35
IB,Italy,Spain,229,228,227
TK,Italy,,0,34,0
V7,Italy,Italy,761,806,753
TU,Italy,Tunisia,0,71,0
LA,Colombia,Colombia,7,34,7
IB,Spain,Italy,41,37,41
LH,Italy,United States,126,149,125
FR,Italy,Greece,776,1662,768
AZ,Italy,Morocco,21,51,21
W6,Italy,Jordan,32,52,32
JU,Italy,Serbia,19,7,19
G3,Brazil,Brazil,0,23,0
FR,Italy,Austria,266,306,263
NO,Italy,United States,18,3,18
FR,Italy,United Kingdom,387,617,383
LH,Italy,,0,40,0
AF,Italy,Mexico,2,33,2
NO,United States,Italy,2,1,2
EK,Slovenia,Indonesia,0,8,0
FR,Italy,France,424,719,420
KL,Italy,Dominican Republic,5,34,5
FR,Germany,Italy,70,113,69
W6,Italy,United Arab Emirates,104,138,103
KL,Italy,United States,49,251,49
H2,Peru,Peru,0,4,0
EY,Italy,Indonesia,29,62,29
3U,China,Italy,0,0,0
QV,Thailand,Laos,0,1,0
TP,Italy,United States,18,35,18
JU,Italy,Turkey,3,4,3
AF,Italy,,0,18,0
BA,Italy,,47,83,47
NO,Italy,Maldives,10,2,10
TK,Italy,Thailand,32,30,32
NH,Indonesia,Japan,0,0,0
CA,China,Italy,0,4,0
FR,Italy,Hungary,124,187,123
JL,Italy,Japan,3,20,3
SP,Portugal,Portugal,8,12,8
TP,Italy,Brazil,37,189,37
AT,Morocco,Italy,6,26,6
WY,Italy,Malaysia,0,44,0
FR,Italy,Jordan,24,56,24
TK,Italy,Mauritius,0,0,0
NO,Spain,Italy,11,2,11
JL,Italy,,0,11,0
LH,Italy,Brazil,17,45,17
EI,Italy,United States,18,7,18
UG,Tunisia,Italy,0,2,0
FR,Italy,Belgium,218,325,216
UX,Italy,Brazil,5,8,5
AZ,Tunisia,Italy,1,5,1
W6,Italy,Morocco,57,60,56
QR,Italy,Malaysia,11,14,11
AV,Brazil,Spain,0,3,0
BA,United States,United States,0,10,0
AZ,Italy,Argentina,13,56,13
LH,Italy,Thailand,13,19,13
EW,Germany,Italy,53,28,52
LH,Italy,Sri Lanka,0,1,0
PR,Philippines,Philippines,4,8,4
AR,Argentina,Argentina,0,10,0
AY,Italy,United States,38,464,38
IB,Italy,United States,24,144,24
AC,Italy,Canada,20,53,20
FR,Italy,Republic of Ireland,154,234,152
FR,Italy,Poland,116,155,115
SM,Egypt,Morocco,0,0,0
MH,Malaysia,Malaysia,4,13,4
B6,United Kingdom,United States,0,2,0
FR,Italy,Netherlands,52,100,51
EY,Italy,,9,6,9
TG,Thailand,Thailand,6,8,6
GF,Italy,,0,1,0
FR,Italy,Romania,80,212,79
QR,Pakistan,,0,0,0
EY,Italy,Sri Lanka,2,2,2
OZ,Italy,South Korea,0,1,0
QV,Thailand,,0,0,0
UX,Spain,Spain,12,23,12
QR,United Arab Emirates,Thailand,0,0,0
NO,Italy,Cape Verde,12,11,12
CY,Egypt,Italy,0,8,0
AZ,United States,Mexico,0,0,0
NO,Egypt,Italy,23,7,23
B7,Taiwan,Taiwan,0,4,0
TP,Italy,,0,38,0
AZ,Italy,Brazil,9,51,9
KM,Malta,Italy,0,32,0
FR,Italy,Portugal,419,715,415
SQ,Italy,Cambodia,1,2,1
LG,Luxembourg,Spain,1,0,1
NO,Italy,Senegal,20,8,20
U2,Germany,Italy,55,8,54
TK,Italy,Malaysia,9,15,9
1L,Germany,Italy,0,0,0
LH,Italy,Japan,22,37,22
SQ,Italy,,0,3,0
A3,Germany,Greece,3,0,3
SA,South Africa,South Africa,0,0,0
FR,Italy,Denmark,141,207,140
LH,Switzerland,Peru,0,0,0
WY,Italy,Thailand,4,77,4
UK,United Arab Emirates,Sri Lanka,0,0,0
FR,Spain,Spain,68,68,67
MS,Egypt,Egypt,0,34,0
AC,Canada,Maldives,0,0,0
LH,Switzerland,Italy,0,1,0
TP,Italy,Venezuela,4,20,4
ET,Senegal,Italy,0,0,0
KU,France,India,0,0,0
LA,Germany,Brazil,0,0,0
U2,Italy,France,882,150,873
AZ,Italy,Nigeria,0,1,0
QR,Italy,Vietnam,7,10,7
TU,Tunisia,Italy,0,10,0
EK,Indonesia,,0,0,0
JU,Turkey,Montenegro,0,0,0
IB,Italy,Portugal,15,4,15
TP,Morocco,Italy,4,1,4
CA,Italy,Samoa,0,0,0
LX,Italy,,0,26,0
KE,Italy,,0,5,0
IB,Italy,Peru,11,17,11
BA,United States,Mexico,0,0,0
IB,Italy,Costa Rica,5,5,5
FR,Italy,Malta,387,709,383
EY,Italy,Thailand,53,44,52
MS,Egypt,Italy,0,22,0
AM,Mexico,United States,0,1,0
SQ,United Arab Emirates,Indonesia,6,3,6
TS,Italy,,0,1,0
JU,Switzerland,Serbia,2,0,2
NO,Italy,Kazakhstan,2,0,2
LY,Italy,Israel,19,5,19
FR,Spain,Italy,300,391,297
BR,Italy,,0,0,0
FR,Republic of Ireland,Italy,15,24,15
LH,Italy,Mozambique,0,0,0
AZ,Tunisia,,0,6,0
FR,Lithuania,Italy,5,9,5
AZ,Italy,India,6,11,6
NO,Italy,Mexico,5,8,5
U2,Italy,Netherlands,529,60,524
ET,Madagascar,Italy,4,0,4
U2,Italy,Spain,1202,162,1190
BR,Singapore,Italy,0,1,0
JU,Italy,France,0,0,0
PW,Kenya,Tanzania,0,0,0
AZ,Italy,Dominican Republic,0,8,0
2W,Spain,Dominican Republic,0,7,0
NO,Italy,Israel,0,0,0
VY,Italy,Spain,608,983,602
IB,Portugal,Italy,3,1,3
AZ,Italy,Australia,0,5,0
LA,Paraguay,Chile,0,0,0
AZ,Australia,Cayman Islands,0,0,0
4Z,South Africa,South Africa,2,8,2
IB,Italy,,9,25,9
LA,Peru,Peru,1,7,1
LH,Italy,Colombia,0,9,0
9U,Italy,Moldova,0,23,0
QR,Italy,Qatar,0,7,0
QR,Romania,,0,0,0
TK,Slovenia,Hong Kong,0,0,0
TK,Italy,Qatar,3,1,3
FR,Italy,Sweden,36,110,36
TK,Germany,,0,1,0
U2,United Kingdom,Italy,84,16,83
OD,Sri Lanka,Malaysia,0,0,0
CA,Italy,Philippines,0,2,0
BA,Ecuador,United States,0,4,0
QR,Italy,Thailand,38,77,38
AC,Italy,United States,1,6,1
LA,Argentina,Italy,4,5,4
AS,United States,United States,0,31,0
NO,Italy,Madagascar,5,0,5
IB,Spain,France,4,2,4
W6,Serbia,Germany,1,7,1
LH,Canada,,0,0,0
FR,Italy,Germany,215,300,213
NZ,Italy,,0,3,0
JU,Greece,Germany,0,0,0
AZ,Mexico,United States,0,0,0
AY,Italy,,0,11,0
1L,Italy,Germany,0,0,0
AZ,United States,United States,0,7,0
W6,Italy,Albania,355,383,351
MU,Italy,Japan,0,3,0
UG,Tunisia,Tunisia,0,1,0
AU,Canada,Mexico,0,0,0
SK,Italy,Sweden,7,22,7
A3,Austria,Greece,5,0,5
XY,Saudi Arabia,Saudi Arabia,1,0,1
SK,Denmark,Norway,1,0,1
B6,France,United States,0,0,0
EK,Italy,Japan,2,7,2
TK,Italy,Turkey,103,210,102
FZ,Italy,,0,2,0
EK,Italy,Indonesia,39,10,39
AZ,Italy,France,25,96,25
AI,India,India,0,3,0
EY,Italy,Singapore,26,22,26
TU,Tunisia,,0,0,0
SV,Saudi Arabia,Indonesia,0,0,0
LO,Italy,Japan,0,29,0
AZ,Italy,Norway,0,1,0
B0,Italy,United States,0,2,0
AZ,Italy,Spain,45,158,45
TP,Italy,Mexico,7,18,7
FR,Italy,Czech Republic,155,226,153
CA,Germany,China,4,0,4
PR,Saudi Arabia,Philippines,2,1,2
LA,Brazil,Brazil,3,21,3
AZ,Italy,Bulgaria,1,4,1
BA,Italy,Japan,0,0,0
WS,Italy,United States,4,6,4
AF,Italy,Kenya,0,7,0
VA,Australia,Indonesia,0,0,0
EK,United Kingdom,Bangladesh,0,0,0
FR,Italy,Finland,23,31,23
FR,Malta,Italy,26,31,26
AZ,United States,Italy,17,2,17
AZ,Italy,Japan,35,171,35
JU,Turkey,Spain,0,0,0
QR,Switzerland,Philippines,0,0,0
QR,China,Italy,0,0,0
PW,Tanzania,Tanzania,0,4,0
SK,Italy,United States,37,70,37
FR,Estonia,Italy,2,3,2
IB,Italy,Dominican Republic,12,9,12
AR,Italy,Argentina,0,23,0
OU,Croatia,Croatia,0,2,0
W6,Italy,Spain,323,534,320
KL,Italy,,8,57,8
OS,Italy,Kenya,0,1,0
KM,Italy,France,0,0,0
NT,Portugal,Portugal,0,2,0
UX,Spain,Argentina,1,0,1
AZ,Italy,Canada,0,1,0
A3,Italy,Australia,0,1,0
VN,Thailand,Vietnam,3,0,3
LH,Kazakhstan,Germany,0,5,0
AF,Peru,Italy,1,3,1
W6,Netherlands,Hungary,1,0,1
F8,Canada,Canada,0,6,0
KI,Malaysia,Malaysia,0,2,0
AF,Egypt,United States,0,3,0
OS,Iraq,Austria,1,1,1
KL,Italy,Thailand,3,0,3
EY,Italy,India,2,1,2
MU,Japan,Italy,0,4,0
A3,Georgia,Italy,0,1,0
EK,United Arab Emirates,Republic of Ireland,1,0,1
GA,Indonesia,Italy,0,3,0
TR,Indonesia,Italy,0,1,0
LO,Italy,South Korea,0,23,0
FR,Italy,Iceland,0,20,0
OA,Greece,Italy,0,4,0
E5,Egypt,Italy,12,8,12
KQ,Kenya,Tanzania,1,3,1
WN,United States,United States,0,15,0
FR,Austria,Romania,1,0,1
AF,Luxembourg,United States,0,1,0
5J,Philippines,Indonesia,1,0,1
DL,Italy,Chile,3,0,3
DE,France,United States,0,1,0
G8,India,Thailand,0,1,0
TR,Thailand,Italy,0,3,0
TP,France,Portugal,0,2,0
6E,Saudi Arabia,India,0,1,0
QR,Italy,Japan,5,7,5
IB,Spain,Argentina,1,0,1
LH,Italy,Portugal,4,1,4
UA,Switzerland,,0,1,0
U2,France,Portugal,10,3,10
LH,Serbia,United States,0,1,0
FR,Norway,United Kingdom,1,0,1
FR,Netherlands,Portugal,1,1,1
LH,Italy,Guatemala,0,1,0
AD,Brazil,Portugal,0,3,0
AF,Germany,Italy,0,1,0
AT,Italy,Mauritania,0,1,0
LS,Italy,United Kingdom,18,19,18
IB,Italy,El Salvador,3,5,3
V7,France,Italy,27,24,27
WE,Vietnam,Thailand,2,1,2
TK,Italy,Israel,1,4,1
KL,United Kingdom,France,1,0,1
UA,Israel,United States,2,0,2
LX,Costa Rica,Switzerland,0,1,0
AT,Morocco,France,1,3,1
DY,Italy,Iceland,0,1,0
CI,Italy,Taiwan,0,2,0
EY,Switzerland,Indonesia,0,1,0
3U,Vietnam,Italy,0,1,0
U2,Republic of Kosovo,Italy,0,2,0
JQ,Australia,,0,1,0
TK,Spain,Turkey,0,2,0
IB,Senegal,Italy,2,0,2
DE,Switzerland,United States,1,0,1
LX,Italy,Germany,3,10,3
FR,Romania,Italy,27,37,27
3O,Italy,Morocco,90,31,89
"",Italy,United States,6,0,6
TK,Georgia,Italy,0,6,0
V7,Italy,Brazil,0,2,0
SK,Italy,Iceland,3,11,3
UA,Belgium,,1,0,1
VY,Netherlands,Spain,3,3,3
QZ,Malaysia,Indonesia,0,5,0
EK,Japan,Italy,0,1,0
QR,Italy,Pakistan,1,1,1
IB,Portugal,Israel,2,0,2
XC,Germany,Spain,0,1,0
OR,Netherlands,Curaçao,1,0,1
W6,Turkey,Romania,0,1,0
OS,Thailand,Italy,1,7,1
W6,Germany,Malta,0,1,0
DL,Chile,United States,1,0,1
U2,Switzerland,Greece,1,0,1
KL,Switzerland,Peru,2,1,2
FD,Thailand,Singapore,0,1,0
TR,Singapore,Thailand,1,0,1
KM,Italy,Malta,0,291,0
U2,United Kingdom,United Kingdom,17,0,17
LH,Italy,Poland,7,3,7
FR,Austria,Italy,37,27,37
LA,Brazil,Spain,0,10,0
AA,United States,,3,0,3
CY,Cyprus,Italy,2,1,2
LH,Italy,Armenia,1,0,1
BS,Bangladesh,Thailand,0,1,0
BT,Italy,Finland,2,1,2
ET,Italy,,0,3,0
EW,Czech Republic,Denmark,1,0,1
OS,Austria,Germany,1,0,1
SK,Denmark,Denmark,0,1,0
AA,Jamaica,United States,1,0,1
SV,Switzerland,,0,1,0
VU,Vietnam,Thailand,0,1,0
A3,Netherlands,Italy,0,1,0
IB,Italy,Bolivia,0,1,0
TR,Philippines,Thailand,1,3,1
BA,United Kingdom,Germany,1,0,1
4Y,Germany,Dominican Republic,0,1,0
OS,Mexico,Austria,2,3,2
PR,Philippines,Indonesia,0,1,0
U2,Switzerland,United Kingdom,2,0,2
A3,Greece,Albania,2,0,2
WK,Maldives,Italy,0,2,0
LH,Singapore,Germany,1,0,1
LX,United States,United States,0,1,0
FR,Italy,Luxembourg,5,11,5
EK,Italy,United States,77,20,76
TK,Lebanon,Italy,0,2,0
UK,India,India,2,1,2
FR,United Kingdom,Denmark,1,0,1
CI,Indonesia,Colombia,0,1,0
A3,Italy,Greece,65,257,64
W6,United Kingdom,Italy,49,23,49
W6,Italy,Hungary,116,108,115
TK,Italy,Philippines,1,5,1
CX,Italy,Australia,1,2,1
DY,Norway,Norway,0,15,0
U2,France,Belgium,1,0,1
FR,Italy,Libya,0,2,0
TK,Italy,Ethiopia,3,0,3
VS,United Kingdom,United States,3,1,3
HY,Uzbekistan,Azerbaijan,0,1,0
KL,Belgium,Italy,0,1,0
FR,Israel,Austria,0,1,0
U2,Germany,Egypt,1,0,1
WY,Australia,Italy,0,1,0
EK,India,Switzerland,0,1,0
5J,United Arab Emirates,Indonesia,2,0,2
VN,Cambodia,Vietnam,1,0,1
EW,Germany,Norway,1,0,1
AZ,Italy,Cayman Islands,0,1,0
KQ,Uganda,Tanzania,1,0,1
QR,Kenya,Italy,2,0,2
FR,Norway,,0,1,0
AZ,Italy,Indonesia,0,8,0
IB,Spain,Spain,15,13,15
U2,Switzerland,Italy,20,4,20
I2,Spain,Republic of Ireland,1,0,1
LH,Italy,Belgium,6,4,6
RJ,France,Thailand,3,0,3
EY,United Arab Emirates,United States,0,1,0
LH,Armenia,Italy,1,0,1
BA,Spain,United Kingdom,2,1,2
AZ,Italy,Tanzania,0,1,0
G9,Italy,,0,13,0
DY,Norway,Italy,0,40,0
OK,Egypt,Czech Republic,0,1,0
TK,Italy,Singapore,7,14,7
FZ,Italy,Maldives,3,17,3
"",Colombia,Colombia,3,2,3
AC,Canada,Italy,2,4,2
EY,Spain,Sri Lanka,0,1,0
NO,Italy,Jordan,0,1,0
W6,Bulgaria,India,0,1,0
MS,Libya,Pakistan,0,3,0
HV,Algeria,Italy,0,1,0
YP,Japan,South Korea,1,0,1
BA,Italy,Dominican Republic,1,1,1
TK,Italy,Georgia,1,3,1
TK,Slovenia,Uzbekistan,1,4,1
TK,Italy,Iran,1,9,1
IB,Panama,Italy,1,0,1
OV,United Arab Emirates,Thailand,0,1,0
LH,United Kingdom,Italy,1,1,1
EW,Netherlands,Italy,1,1,1
GF,India,,0,1,0
IB,France,Cuba,2,1,2
TP,Portugal,Portugal,3,6,3
XY,Saudi Arabia,India,0,1,0
EW,Italy,United Kingdom,6,4,6
AT,Italy,Ivory Coast,1,2,1
DE,Italy,,4,0,4
FZ,Sudan,Saudi Arabia,0,1,0
PC,Iraq,Turkey,2,0,2
WY,Italy,Philippines,0,3,0
KL,United States,United Arab Emirates,0,1,0
SN,Germany,Spain,0,1,0
LX,Italy,Maldives,0,1,0
AF,Italy,Guadeloupe,4,6,4
LX,United Kingdom,Italy,0,2,0
CM,Colombia,Italy,0,1,0
AF,United States,Puerto Rico,0,1,0
AF,France,United States,3,3,3
9U,Italy,Georgia,0,1,0
RC,Faroe Islands,United Kingdom,0,1,0
EW,Austria,Spain,0,4,0
LA,Peru,Chile,1,0,1
LH,Italy,Tunisia,0,1,0
HY,Kazakhstan,Uzbekistan,0,3,0
QS,Czech Republic,Egypt,0,1,0
HY,Turkey,Uzbekistan,0,1,0
LO,Poland,Serbia,0,1,0
AF,Italy,Algeria,0,2,0
AZ,Italy,Aruba,0,2,0
CY,Greece,Egypt,0,3,0
QZ,Indonesia,Republic of Ireland,0,1,0
W6,Montenegro,Italy,3,0,3
H2,United States,Peru,0,1,0
6E,India,Italy,0,1,0
QR,Vietnam,Italy,0,3,0
G9,Saudi Arabia,Sri Lanka,1,0,1
LH,Italy,Kazakhstan,1,0,1
U2,Sweden,Switzerland,1,0,1
LX,Italy,Thailand,36,27,36
AK,Malaysia,Malaysia,0,36,0
UL,Sri Lanka,Maldives,2,0,2
FR,Italy,Cyprus,39,34,39
IB,Italy,Panama,8,2,8
PU,Colombia,Spain,0,10,0
FR,Czech Republic,Spain,0,1,0
TP,Senegal,Italy,3,0,3
TS,Canada,United States,0,1,0
IB,Spain,Costa Rica,1,1,1
CM,Jamaica,Cuba,1,1,1
FZ,Italy,Philippines,0,1,0
XY,Saudi Arabia,Pakistan,0,1,0
LO,Luxembourg,Poland,0,10,0
5J,Philippines,United Arab Emirates,2,0,2
AF,Italy,Faroe Islands,1,8,1
V7,Spain,Spain,3,3,3
FR,Greece,Greece,3,2,3
AK,Singapore,Malaysia,0,9,0
TK,Italy,Rwanda,1,0,1
LH,Italy,Norway,20,6,20
IB,Italy,Mexico,2,11,2
NT,Spain,Italy,0,3,0
ET,Uganda,Thailand,0,1,0
SN,Italy,Canada,1,2,1
TG,Sweden,Thailand,1,2,1
LY,Israel,Thailand,1,3,1
NT,Cape Verde,Spain,0,1,0
EY,Germany,Indonesia,0,1,0
LX,Switzerland,,0,1,0
AK,Vietnam,Italy,0,1,0
LH,Brazil,France,0,1,0
VZ,Vietnam,Thailand,0,1,0
KL,United States,Italy,5,1,5
ET,Cameroon,Italy,0,1,0
IB,France,Spain,0,8,0
U2,Italy,Argentina,0,1,0
AV,Peru,Italy,3,0,3
AF,Benin,Italy,0,1,0
SQ,Singapore,China,3,0,3
RJ,Italy,Egypt,1,3,1
AR,Argentina,,0,1,0
LO,Italy,China,0,2,0
DY,Italy,Norway,0,77,0
AK,Malaysia,Singapore,0,8,0
W6,United Kingdom,Romania,1,0,1
LS,Cyprus,United Kingdom,1,0,1
TK,Italy,Seychelles,1,1,1
ET,Italy,Rwanda,3,0,3
QR,Italy,South Africa,0,2,0
VY,Italy,Denmark,2,0,2
CX,South Korea,Hong Kong,1,1,1
CM,United States,Venezuela,0,1,0
GF,Italy,Oman,0,1,0
VZ,Thailand,Singapore,0,2,0
I2,Spain,Germany,1,0,1
ET,Italy,Democratic Republic of the Congo,0,1,0
OZ,South Korea,Italy,1,2,1
QR,France,New Caledonia,0,1,0
XK,Italy,France,0,1,0
Y4,Mexico,Colombia,0,1,0
DY,France,Norway,0,1,0
S4,Portugal,Portugal,2,9,2
TW,Taiwan,South Korea,1,0,1
KE,Italy,China,2,0,2
"",United States,Italy,1,0,1
SQ,Philippines,Italy,1,0,1
U2,Italy,Dominican Republic,0,1,0
ET,Italy,Madagascar,9,17,9
FR,Poland,Italy,32,38,32
E5,Italy,Egypt,35,63,35
KE,South Korea,Italy,4,4,4
FR,Italy,Colombia,0,2,0
AR,Argentina,Dominican Republic,0,3,0
H4,Romania,Romania,0,1,0
TG,Laos,Germany,0,1,0
SN,Italy,Norway,1,0,1
VN,Japan,Germany,0,1,0
KL,United Kingdom,Switzerland,0,1,0
EK,Belgium,Zambia,0,1,0
LH,South Korea,Italy,1,0,1
6J,Japan,Japan,0,1,0
W6,Italy,Oman,0,2,0
LH,France,Italy,5,2,5
AY,Italy,Iceland,5,7,5
W6,Albania,Italy,62,34,61
EW,Czech Republic,Italy,5,5,5
N0,United States,France,1,0,1
AF,Italy,Tanzania,1,3,1
LX,Ghana,Italy,0,17,0
NO,Italy,India,3,2,3
W6,Israel,Spain,1,1,1
MS,Egypt,Seychelles,0,1,0
SY,United States,United States,0,1,0
SK,Estonia,Sweden,1,0,1
VY,Italy,Greece,23,70,23
NP,Egypt,Egypt,0,13,0
8B,Indonesia,Indonesia,0,23,0
GA,Indonesia,Indonesia,0,7,0
BA,Italy,Barbados,3,1,3
FR,Italy,Singapore,0,1,0
OK,France,Czech Republic,0,2,0
PC,United Arab Emirates,Switzerland,0,1,0
W6,Saudi Arabia,Bulgaria,1,0,1
JQ,Singapore,Malaysia,1,0,1
KE,Japan,Italy,1,1,1
LA,United States,Dominican Republic,0,1,0
AZ,Italy,Luxembourg,0,1,0
E4*,Italy,France,0,1,0
TS,Belgium,Canada,1,0,1
UA,United States,Italy,2,4,2
KL,Italy,Chile,0,1,0
KL,Netherlands,Germany,2,3,2
TP,United States,Italy,5,6,5
UX,France,Cuba,1,0,1
HV,Netherlands,France,2,0,2
FR,Greece,Germany,0,2,0
QV,Laos,Laos,0,1,0
DE,Germany,Greece,0,1,0
FR,Germany,Morocco,0,3,0
SV,United Kingdom,Bangladesh,0,1,0
JU,Italy,Cyprus,0,1,0
AF,France,Turkey,1,0,1
VY,Italy,France,204,192,202
LX,Italy,Greece,0,2,0
AA,Spain,Cuba,1,0,1
W6,Italy,Armenia,26,19,26
OS,Italy,Japan,9,29,9
N0,United States,Italy,5,3,5
QS,Greece,Italy,0,2,0
CA,Italy,Taiwan,0,14,0
LH,Italy,United Arab Emirates,4,2,4
NH,Japan,,0,4,0
LH,Italy,Lebanon,3,2,3
FR,Italy,Thailand,0,3,0
5J,Vietnam,Philippines,1,0,1
KL,Netherlands,Brazil,1,0,1
IB,United Kingdom,United States,0,2,0
LX,Switzerland,Mexico,1,4,1
EW,Albania,Germany,1,0,1
RO,Romania,Italy,0,1,0
FR,United Kingdom,Portugal,1,0,1
KE,United States,United States,0,1,0
AV,Argentina,Spain,3,0,3
LX,Italy,Seychelles,8,3,8
"",Italy,Argentina,4,0,4
FR,Norway,Italy,4,22,4
TR,Germany,Australia,0,3,0
WK,Switzerland,Italy,0,1,0
OS,Poland,Italy,3,0,3
BA,Hungary,South Africa,2,0,2
CI,Italy,Australia,0,3,0
W6,Italy,Portugal,26,54,26
RJ,Cyprus,Jordan,2,0,2
KL,Italy,Poland,1,0,1
AF,Italy,Argentina,3,6,3
AF,Italy,Vietnam,0,2,0
KL,Italy,Philippines,2,0,2
Z0,United Kingdom,Jamaica,0,1,0
FR,Estonia,Austria,1,0,1
JA,Argentina,Argentina,0,1,0
QR,Lebanon,Indonesia,0,1,0
W6,Cyprus,United Arab Emirates,0,2,0
MS,Italy,Kenya,0,20,0
PC,Turkey,Cyprus,1,1,1
EK,Italy,New Zealand,5,2,5
TR,Singapore,Philippines,0,2,0
DY,France,Finland,0,1,0
LY,Israel,Philippines,0,1,0
AZ,Italy,Egypt,5,45,5
VY,Spain,United Kingdom,3,0,3
SQ,United Kingdom,Australia,5,0,5
PC,Italy,United Arab Emirates,0,3,0
UA,Belize,Italy,0,2,0
LX,Netherlands,Switzerland,0,1,0
S4,Portugal,Canada,1,0,1
FR,United Kingdom,United Kingdom,3,3,3
FR,Morocco,Switzerland,0,1,0
HY,Uzbekistan,Italy,0,2,0
LA,Brazil,Argentina,0,1,0
KL,Italy,Sweden,4,2,4
TK,Mexico,Italy,0,7,0
ZL,Australia,Australia,1,2,1
W2,Italy,Italy,0,4,0
AF,Costa Rica,Italy,0,1,0
SV,Spain,India,0,2,0
FR,Norway,Poland,1,0,1
PR,Vietnam,Philippines,1,1,1
FZ,Nepal,Italy,0,2,0
DL,United States,Cuba,1,0,1
AF,Italy,Democratic Republic of the Congo,0,1,0
LH,Estonia,Italy,1,0,1
BA,South Africa,Italy,0,2,0
DE,Germany,Spain,0,1,0
VE,Colombia,Colombia,0,3,0
AZ,Italy,Bosnia and Herzegovina,0,1,0
FB,Bulgaria,Bulgaria,0,1,0
AR,Mexico,Argentina,0,1,0
HV,France,Germany,1,0,1
LX,Switzerland,Canada,0,1,0
KL,Italy,Greece,0,2,0
EK,United Arab Emirates,Philippines,1,0,1
QZ,Singapore,Indonesia,0,37,0
TG,Switzerland,,0,3,0
W6,Italy,Maldives,0,12,0
LH,Italy,India,8,9,8
U2,Italy,Japan,0,1,0
TK,Bulgaria,Iraq,0,2,0
TU,Spain,Tunisia,0,1,0
AF,Italy,Denmark,0,1,0
EK,Malaysia,Italy,1,0,1
DT,Namibia,Italy,0,1,0
W6,Romania,Italy,58,51,57
W6,Austria,Italy,3,4,3
AY,Singapore,Italy,1,5,1
FI,Germany,Canada,0,1,0
HU,Italy,China,0,7,0
KL,Italy,Indonesia,2,0,2
U2,Croatia,Italy,6,2,6
W6,Italy,Pakistan,0,4,0
QR,Italy,Mozambique,1,0,1
BA,United States,Dominican Republic,0,1,0
IB,United States,,1,0,1
TK,Germany,Turkey,1,1,1
W6,Albania,,0,2,0
EW,Greece,Germany,1,0,1
NZ,Italy,New Zealand,0,1,0
LO,Israel,Poland,0,1,0
LH,Ghana,Italy,0,1,0
AF,Czech Republic,Tunisia,1,0,1
AZ,Germany,Italy,9,35,9
SV,Italy,Kenya,1,6,1
5J,United Arab Emirates,Philippines,3,5,3
BX,South Korea,South Korea,0,1,0
AF,France,Canada,1,0,1
5J,Indonesia,United Arab Emirates,1,0,1
BN,Italy,Germany,0,1,0
FZ,Saudi Arabia,Nepal,1,0,1
UX,Cuba,Italy,1,0,1
HV,Italy,France,66,95,65
ID,Indonesia,Indonesia,0,17,0
5J,Philippines,Japan,2,3,2
SQ,Italy,Philippines,2,5,2
BA,Italy,Canada,3,5,3
CX,Italy,South Korea,0,1,0
WF,Denmark,Norway,0,2,0
KL,United Arab Emirates,Italy,0,1,0
MU,China,Italy,0,4,0
KE,Italy,Japan,17,20,17
VY,Spain,France,7,6,7
EY,Italy,Maldives,9,20,9
VY,Egypt,France,1,0,1
AZ,Italy,Denmark,0,3,0
SL,Thailand,Thailand,0,6,0
IB,Spain,,4,1,4
BX,Japan,South Korea,0,1,0
FR,Denmark,United Kingdom,0,2,0
LH,Italy,Nigeria,2,0,2
VJ,Thailand,Vietnam,0,1,0
U2,United Kingdom,Morocco,1,0,1
JU,Italy,Pakistan,0,1,0
XJ,Thailand,Australia,0,2,0
HV,France,Israel,1,0,1
FR,France,Netherlands,1,0,1
EY,United Arab Emirates,Saudi Arabia,1,0,1
AS,United States,,0,1,0
SV,Switzerland,Thailand,1,0,1
LA,Chile,United Kingdom,0,1,0
W6,Jordan,Italy,6,2,6
I2,Italy,Spain,50,0,50
AA,Dominican Republic,United States,2,0,2
AY,Italy,Singapore,7,3,7
QZ,Indonesia,Singapore,0,6,0
AH,France,Algeria,0,2,0
LH,Italy,Israel,1,0,1
AF,Italy,Guatemala,0,2,0
EY,Jordan,United Arab Emirates,0,3,0
A3,United Arab Emirates,Italy,0,2,0
H2,Chile,Italy,0,4,0
CA,Italy,Vietnam,0,2,0
SQ,Indonesia,Singapore,1,0,1
EK,Italy,Australia,15,10,15
OG,Iceland,United States,2,0,2
CM,Panama,Bolivia,1,0,1
WF,Norway,,0,3,0
VY,Spain,Italy,114,90,113
FR,Poland,Spain,0,2,0
NO,Italy,Italy,3,1,3
EK,Australia,United Arab Emirates,2,0,2
W6,Hungary,United Kingdom,1,0,1
OS,Austria,France,1,0,1
EW,Republic of Ireland,Italy,0,1,0
KL,Italy,Canada,7,9,7
RO,Turkey,Romania,0,4,0
QR,Thailand,Italy,3,4,3
TK,Italy,Argentina,0,4,0
AF,Italy,Nigeria,2,4,2
QZ,Indonesia,Italy,0,2,0
TP,Brazil,Switzerland,0,2,0
FR,Jordan,Romania,0,2,0
TK,Senegal,Italy,0,2,0
KL,Italy,South Africa,11,10,11
FR,Italy,Lithuania,12,15,12
BZ,Italy,Israel,2,2,2
G9,Italy,United Arab Emirates,2,1,2
QS,Italy,Czech Republic,0,4,0
FZ,Sri Lanka,Maldives,0,1,0
H2,Peru,Chile,0,2,0
VJ,Vietnam,Italy,0,3,0
SQ,Netherlands,Australia,1,0,1
QR,Finland,Thailand,0,2,0
LX,Italy,Canada,1,3,1
IB,Cuba,Italy,2,0,2
U2,Italy,Greece,1010,184,1000
DY,Italy,Sweden,0,20,0
H4,Moldova,Italy,0,6,0
W9,United Kingdom,Spain,1,0,1
W6,Italy,Denmark,0,1,0
PK,Pakistan,United Arab Emirates,1,2,1
OD,Australia,Italy,0,1,0
IB,Spain,Chile,1,0,1
G4,United States,United States,2,1,2
TK,Italy,Australia,0,9,0
OS,Austria,United Kingdom,2,0,2
PC,Romania,Turkey,4,0,4
TK,Italy,Tanzania,4,4,4
CX,Australia,Italy,0,1,0
AV,Argentina,Guatemala,1,1,1
QR,Switzerland,Indonesia,0,2,0
AT,Italy,Mali,0,2,0
MK,Mauritius,Malaysia,0,1,0
LH,United States,Bermuda,0,1,0
BA,Italy,United Kingdom,118,53,117
LG,Switzerland,Luxembourg,1,0,1
TP,Italy,French Polynesia,0,1,0
CI,Vietnam,Italy,1,2,1
LX,Norway,Italy,3,2,3
A3,Albania,Greece,1,1,1
VY,Switzerland,Spain,1,2,1
AZ,France,Germany,0,3,0
UX,Spain,Colombia,2,0,2
PC,Italy,Qatar,0,1,0
QR,United States,United Arab Emirates,0,1,0
WS,Italy,Canada,1,9,1
H1,South Africa,South Africa,0,2,0
EK,Italy,Tanzania,10,9,10
AZ,Italy,Switzerland,9,20,9
QF,Australia,Australia,2,1,2
TP,Spain,Portugal,3,8,3
W9,United Kingdom,Italy,9,0,9
TK,United States,Switzerland,0,1,0
FR,Belgium,Denmark,1,0,1
UX,Spain,Germany,0,2,0
KL,United Kingdom,Germany,1,2,1
G8,Thailand,India,0,1,0
W6,France,Vietnam,0,1,0
CY,Greece,Cyprus,3,0,3
"",Italy,Italy,0,1,0
UX,Italy,Argentina,4,14,4
KQ,Italy,Burundi,0,1,0
SK,Italy,Portugal,0,4,0
CI,Italy,Japan,0,20,0
PC,Turkey,Kyrgyzstan,1,0,1
UA,Belgium,United States,0,1,0
FR,Slovakia,Croatia,2,0,2
U2,Italy,Tunisia,0,2,0
BT,Finland,Italy,0,1,0
FR,Portugal,Greece,0,1,0
QR,South Africa,Italy,0,1,0
WY,Oman,Turkey,1,1,1
AC,Italy,Mexico,0,2,0
AF,France,Germany,3,0,3
VY,Italy,Croatia,40,41,40
LH,Belgium,,0,3,0
VY,Senegal,Italy,2,2,2
X3,Germany,Greece,0,1,0
VA,Australia,Italy,2,1,2
LG,Luxembourg,United Kingdom,0,3,0
JU,Italy,Croatia,0,4,0
GF,Italy,Pakistan,0,3,0
LH,United States,Mexico,0,1,0
AA,United States,Antigua and Barbuda,3,0,3
SQ,Italy,United States,0,1,0
QS,Israel,Czech Republic,0,1,0
LX,Spain,Australia,0,1,0
T7,France,Italy,0,5,0
W6,Italy,Mexico,0,5,0
LX,Switzerland,Albania,1,4,1
5F,Moldova,Italy,0,3,0
BT,Latvia,Lithuania,1,1,1
LY,Israel,Italy,0,2,0
EY,United Arab Emirates,India,1,1,1
UX,Italy,Paraguay,0,2,0
BA,Italy,Sri Lanka,0,1,0
TP,Venezuela,Italy,0,1,0
SN,Italy,Portugal,1,5,1
U2,France,Spain,16,5,16
TK,France,Turkey,2,7,2
LH,Italy,Singapore,4,5,4
PC,Italy,Egypt,1,7,1
TK,United States,Italy,0,6,0
FR,Italy,Maldives,0,5,0
W6,Sweden,Serbia,1,1,1
SQ,Italy,Indonesia,6,4,6
BR,Thailand,Italy,0,1,0
LH,Luxembourg,Italy,4,2,4
KM,France,Malta,0,1,0
TR,Australia,Italy,0,2,0
BT,Italy,Estonia,0,1,0
DY,Sweden,Sweden,0,1,0
AZ,Italy,Netherlands,30,75,30
AA,United States,Jamaica,1,0,1
E9,Cuba,Italy,0,20,0
EY,Italy,Philippines,10,12,10
TP,Portugal,Spain,0,4,0
FR,Italy,Argentina,0,3,0
KM,Italy,Turkey,0,4,0
TK,United Arab Emirates,Italy,0,4,0
A3,Italy,Singapore,0,1,0
CI,Italy,South Korea,0,2,0
E9,Spain,Cuba,3,11,3
MS,Italy,Egypt,0,74,0
AF,Netherlands,United States,0,2,0
FR,Spain,,0,4,0
UA,Costa Rica,Germany,1,5,1
UX,Switzerland,,0,1,0
F8,Canada,United States,0,1,0
KL,Greece,,0,1,0
PG,Thailand,Brazil,0,1,0
AZ,Italy,Philippines,0,2,0
BG,Bangladesh,Italy,0,2,0
L9,Italy,Italy,0,58,0
LX,Italy,Hong Kong,4,2,4
ET,Sweden,Norway,0,1,0
EK,Spain,Thailand,1,0,1
AZ,Italy,South Africa,2,2,2
W6,Romania,Cyprus,0,1,0
LH,Costa Rica,Germany,0,4,0
SV,Austria,Thailand,1,0,1
EI,Italy,United Kingdom,0,1,0
DY,Italy,Denmark,0,54,0
AA,United States,Aruba,1,0,1
FR,Italy,Bulgaria,28,48,28
AZ,Italy,Kenya,0,7,0
KL,Italy,China,0,3,0
5W,United Arab Emirates,Saudi Arabia,2,0,2
TK,Switzerland,Peru,0,1,0
KU,Philippines,Italy,0,3,0
UA,United States,,0,3,0
PC,Italy,Iran,5,6,5
W6,Italy,Brazil,0,1,0
MS,Italy,Zimbabwe,0,4,0
U2,United Kingdom,Albania,1,1,1
W6,France,Albania,1,1,1
IB,Costa Rica,Italy,1,1,1
U2,Malta,Italy,8,0,8
GF,Pakistan,Italy,0,2,0
W6,Italy,Thailand,0,7,0
A3,Morocco,Switzerland,0,1,0
TK,Iran,Hungary,0,1,0
V7,Italy,Denmark,2,0,2
U2,Netherlands,Italy,65,10,64
FR,United Kingdom,France,3,0,3
LH,Denmark,Italy,1,3,1
W6,United Arab Emirates,Italy,8,4,8
LH,Italy,Peru,0,4,0
TK,Iraq,Slovenia,1,0,1
KE,Indonesia,Italy,0,1,0
BY,Cyprus,Italy,0,2,0
RO,Italy,Romania,0,1,0
PC,Bosnia and Herzegovina,Turkey,0,1,0
MS,Morocco,Egypt,0,1,0
AD,Uruguay,Brazil,0,3,0
RJ,Italy,Thailand,9,12,9
NT,Italy,Spain,0,13,0
SN,Belgium,Germany,5,2,5
OD,Australia,Indonesia,0,1,0
ID,Indonesia,Singapore,0,1,0
AK,Thailand,Australia,0,2,0
KL,Italy,El Salvador,0,2,0
TP,United Kingdom,Canada,0,1,0
Y9,Canada,Canada,0,2,0
ET,Somalia,Malaysia,1,0,1
TS,Canada,France,1,0,1
BT,Estonia,Germany,1,0,1
CX,Italy,Japan,1,25,1
AF,Italy,Peru,16,17,16
PC,Sweden,Morocco,0,1,0
G9,Italy,Pakistan,3,6,3
AM,Colombia,Italy,0,1,0
FR,Poland,Poland,1,0,1
DE,Switzerland,Dominican Republic,1,0,1
JU,Italy,Vietnam,0,1,0
LH,Germany,Morocco,1,1,1
W6,Albania,Sweden,1,0,1
AF,Portugal,Italy,0,1,0
SQ,Turkey,Vietnam,1,0,1
OS,Italy,Thailand,35,22,35
SG,India,Thailand,2,2,2
TK,Singapore,Italy,5,3,5
FR,Poland,Greece,1,1,1
IB,Spain,United States,3,1,3
6E,India,Vietnam,2,0,2
A3,Egypt,Greece,0,1,0
CA,China,China,0,1,0
KL,Czech Republic,United Kingdom,1,0,1
TK,United Arab Emirates,United Kingdom,1,0,1
HV,Italy,Egypt,0,1,0
AZ,Italy,Colombia,0,26,0
U2,France,France,22,1,22
LY,Italy,United States,0,10,0
F3,Saudi Arabia,Saudi Arabia,0,15,0
W6,Estonia,Italy,0,1,0
CM,Mexico,Venezuela,0,10,0
TP,Morocco,Switzerland,0,2,0
OS,Austria,Denmark,2,0,2
KL,Indonesia,Singapore,2,0,2
U2,Italy,Pakistan,0,1,0
6J,Japan,,0,1,0
LH,Germany,,0,4,0
AI,Italy,Australia,0,7,0
U2,Italy,Czech Republic,56,7,55
HC,Italy,Senegal,0,4,0
KL,Italy,Tanzania,2,5,2
W6,United Arab Emirates,Serbia,0,1,0
OS,Italy,Montenegro,1,4,1
KL,Switzerland,Italy,0,1,0
OS,Italy,Netherlands,0,6,0
G9,Malaysia,Italy,1,0,1
AA,United States,United States,92,0,91
PD,Canada,Canada,1,1,1
V7,Italy,,0,19,0
W6,Italy,Turkey,0,10,0
BA,Germany,Mexico,0,1,0
FR,Spain,France,4,3,4
TR,Singapore,Vietnam,0,1,0
VS,United Kingdom,Barbados,0,1,0
UU,Italy,Madagascar,0,1,0
IB,Portugal,Spain,2,0,2
U2,Greece,,0,1,0
Z0,United States,Italy,4,13,4
AF,Germany,France,7,0,7
FR,Italy,Canada,0,5,0
SN,Italy,Greece,2,0,2
SV,Italy,India,7,10,7
AT,Italy,Niger,2,0,2
EN,Italy,China,0,1,0
KL,France,Italy,0,1,0
QF,Italy,Australia,0,5,0
RS,South Korea,South Korea,0,1,0
N3,Honduras,United States,0,2,0
LH,Italy,Estonia,2,1,2
NT,Portugal,Italy,0,2,0
AF,Italy,Iceland,0,1,0
FR,Italy,Albania,0,11,0
FR,Austria,Spain,2,2,2
LX,Italy,Cuba,1,2,1
FR,Denmark,Hungary,0,5,0
Z9,Malaysia,Malaysia,0,6,0
UA,Italy,Canada,0,10,0
MK,South Africa,Mauritius,0,2,0
VY,Spain,Germany,1,0,1
AT,Italy,Cape Verde,2,5,2
LA,Brazil,Paraguay,0,2,0
W6,Italy,Panama,0,1,0
MM,Taiwan,Japan,1,0,1
A3,Croatia,Greece,1,0,1
V7,Italy,Malta,0,1,0
U2,Italy,Portugal,222,45,220
U2,Spain,Italy,120,10,119
KL,Italy,Lithuania,0,1,0
DL,Italy,,19,0,19
SN,Italy,Spain,3,0,3
TK,Iran,Turkey,6,0,6
XQ,Turkey,Republic of Macedonia,1,0,1
LX,Denmark,Italy,1,1,1
U2,Italy,Finland,0,1,0
FR,Malta,Greece,1,1,1
LH,South Africa,Republic of Ireland,1,0,1
FR,United Kingdom,Romania,0,1,0
LH,Czech Republic,France,1,0,1
G9,Italy,Malaysia,15,5,15
KE,Israel,South Korea,2,0,2
DE,Italy,United States,8,0,8
KL,Turkey,Spain,1,0,1
PC,Italy,Saudi Arabia,1,0,1
SV,Italy,Malaysia,1,2,1
KX,United States,Cayman Islands,0,3,0
MM,Japan,,0,1,0
BA,Republic of Ireland,United States,1,1,1
6E,Thailand,Italy,0,1,0
ET,Italy,South Africa,5,6,5
MU,Italy,Australia,0,2,0
6E,India,Maldives,1,0,1
SK,Germany,Italy,0,1,0
EY,Germany,Australia,3,0,3
UX,Peru,Italy,1,7,1
H4,Italy,Moldova,0,21,0
TK,Italy,United States,5,7,5
RJ,Italy,United Arab Emirates,2,0,2
TK,Japan,Italy,1,1,1
JU,Italy,Hungary,0,1,0
OZ,South Korea,Thailand,0,1,0
AT,Senegal,Italy,0,6,0
UX,Italy,United States,0,1,0
AF,France,Spain,1,0,1
BA,South Africa,France,0,1,0
HM,Seychelles,South Africa,0,1,0
FR,Germany,Poland,1,0,1
FR,Slovakia,Italy,3,4,3
U2,Morocco,Italy,13,0,13
MH,Italy,Indonesia,0,2,0
EW,Germany,Germany,2,5,2
3U,Italy,China,0,6,0
AY,Italy,Lithuania,2,0,2
UL,United Arab Emirates,Malaysia,0,1,0
5W,Jordan,Israel,0,1,0
LH,Romania,Italy,1,0,1
PC,Iran,Hungary,0,1,0
FD,Thailand,Thailand,0,55,0
VB,Mexico,Mexico,21,17,21
WY,Saudi Arabia,Indonesia,0,1,0
KL,United States,United States,0,14,0
LH,Italy,Jordan,4,0,4
LX,Italy,Philippines,0,3,0
OS,Italy,Iran,1,0,1
VY,Italy,Australia,0,1,0
AV,Colombia,Italy,2,2,2
DE,Germany,Italy,0,2,0
FR,Netherlands,Spain,0,2,0
U2,Portugal,Greece,0,1,0
KU,Kuwait,Italy,1,0,1
W6,Iceland,Italy,3,1,3
X1,United Arab Emirates,Sri Lanka,0,1,0
KL,Germany,Hungary,0,1,0
V7,Italy,Belgium,0,1,0
LX,Spain,France,1,0,1
EY,Saudi Arabia,Thailand,1,0,1
AV,Argentina,Dominican Republic,0,1,0
IB,Belgium,Venezuela,2,0,2
LO,Italy,Slovakia,0,1,0
KL,Italy,Netherlands,104,117,103
VY,Italy,United Kingdom,58,42,57
WY,Italy,Oman,3,2,3
U2,United Kingdom,Germany,2,1,2
LX,Italy,Argentina,1,3,1
W6,France,Austria,4,4,4
SN,Belgium,Slovenia,0,2,0
PD,United States,Canada,3,0,3
BA,Germany,,0,1,0
ET,Egypt,South Africa,2,0,2
LH,Brazil,Italy,0,1,0
6E,Vietnam,India,1,0,1
CM,Colombia,Venezuela,1,0,1
TK,Indonesia,Turkey,1,0,1
W6,Armenia,Italy,4,9,4
VY,Italy,,0,36,0
W6,Portugal,Italy,15,8,15
SK,Italy,Denmark,25,42,25
ET,Italy,Ghana,2,14,2
TW,South Korea,Thailand,1,0,1
FR,United Kingdom,Belgium,3,0,3
B6,United States,,0,1,0
RJ,Egypt,United States,1,0,1
EW,Denmark,Czech Republic,1,0,1
LH,United States,Puerto Rico,0,1,0
AF,France,Portugal,1,0,1
LX,Italy,Costa Rica,0,1,0
XY,Jordan,Saudi Arabia,1,0,1
SN,Belgium,Greece,0,1,0
B6,United States,Antigua and Barbuda,0,1,0
AC,United States,Aruba,0,1,0
LX,Switzerland,Spain,0,2,0
VY,Italy,Mexico,0,3,0
AT,United States,Italy,0,3,0
G8,United Arab Emirates,Thailand,0,1,0
SN,Italy,Guinea,1,0,1
FZ,Kuwait,Italy,1,0,1
TP,Brazil,Spain,3,1,3
QR,Italy,Sri Lanka,6,5,6
QR,Italy,Singapore,11,13,11
DY,Italy,Greece,0,2,0
OS,Cyprus,Italy,0,1,0
SN,Belgium,Denmark,0,1,0
AA,United States,The Bahamas,5,0,5
SM,Egypt,Saudi Arabia,0,2,0
FD,Laos,Thailand,0,1,0
OR,Mexico,Netherlands,1,0,1
IB,Brazil,Italy,0,1,0
2B,Italy,Albania,0,119,0
EK,Italy,Vietnam,3,6,3
EW,Italy,Turkey,0,2,0
KL,Italy,Norway,2,4,2
HV,France,Netherlands,12,1,12
GF,Italy,United Arab Emirates,0,6,0
VY,Spain,Portugal,2,0,2
LA,Ecuador,Colombia,0,1,0
EN,Italy,Thailand,0,1,0
MH,Malaysia,Italy,0,1,0
WY,Tanzania,United Kingdom,1,0,1
AV,Costa Rica,Colombia,1,0,1
SN,Italy,Czech Republic,1,0,1
LH,Slovenia,United States,0,1,0
LH,Italy,French Polynesia,0,1,0
AF,Italy,Réunion,0,1,0
KL,Italy,Nigeria,0,5,0
LO,Italy,Canada,0,14,0
OS,Belgium,Austria,0,1,0
AF,France,Martinique,1,0,1
AY,Italy,South Korea,4,5,4
FR,Italy,Saudi Arabia,0,1,0
SQ,Switzerland,Malaysia,2,0,2
TR,Indonesia,Singapore,3,2,3
EW,Germany,France,3,0,3
W6,Albania,Germany,3,1,3
UX,Honduras,Italy,0,3,0
EY,Seychelles,Italy,1,0,1
Z9,Malaysia,Singapore,0,1,0
BA,France,United Kingdom,1,1,1
LO,Italy,,0,1,0
DY,Italy,,0,5,0
W6,Italy,Finland,3,5,3
HY,Italy,,0,3,0
TK,Italy,Nepal,1,1,1
CZ,Netherlands,China,1,0,1
VJ,Vietnam,,0,1,0
IB,United Kingdom,Italy,1,0,1
AI,India,Nepal,0,2,0
DE,Spain,Germany,3,1,3
SQ,Germany,Australia,1,0,1
CM,Cuba,Panama,1,0,1
TU,Italy,Ivory Coast,0,1,0
EY,Italy,United States,0,1,0
AM,Spain,Mexico,0,1,0
AH,Senegal,Italy,0,1,0
SG,Saudi Arabia,India,1,0,1
SN,Italy,Belgium,45,55,45
TP,Italy,Ghana,1,2,1
QR,Italy,India,1,4,1
AA,United States,Mexico,6,0,6
FR,Malta,Portugal,1,0,1
FR,Malta,Croatia,0,2,0
FR,Italy,Isle of Man,0,1,0
GQ,Greece,Germany,0,1,0
LH,Germany,Germany,0,2,0
AF,Italy,Bolivia,0,1,0
I2,Spain,Italy,16,4,16
TK,Slovenia,Thailand,2,2,2
OS,Austria,United States,2,13,2
JU,Greece,Italy,1,13,1
PK,Pakistan,Italy,1,1,1
LA,Italy,Argentina,8,23,8
G9,Italy,Nepal,5,4,5
AC,Mexico,Italy,0,3,0
HV,France,Algeria,1,0,1
AK,Singapore,,0,2,0
B6,Dominican Republic,United States,0,1,0
HV,Morocco,Germany,0,1,0
QR,Italy,Oman,2,2,2
U2,Italy,Canada,0,2,0
AH,Ivory Coast,Italy,0,1,0
HV,France,Czech Republic,1,0,1
KM,Italy,Germany,0,1,0
NP,Turkey,Egypt,0,1,0
AA,Italy,The Bahamas,1,0,1
FZ,Belarus,United Arab Emirates,1,0,1
FD,Thailand,,0,4,0
LX,Italy,Egypt,1,6,1
VY,Morocco,Italy,0,2,0
QR,Italy,Philippines,4,3,4
TF,Denmark,Sweden,1,0,1
EK,Italy,Bangladesh,0,1,0
CA,Italy,Australia,0,6,0
OS,Italy,Cyprus,2,3,2
NK,United States,United States,26,37,26
KL,Italy,Hong Kong,3,5,3
KL,Italy,Costa Rica,2,5,2
TK,Italy,Angola,0,1,0
KL,Switzerland,Japan,1,0,1
IB,Spain,Panama,0,2,0
AD,Brazil,United States,0,1,0
J2,Azerbaijan,Italy,1,0,1
AF,Italy,Panama,4,0,4
KL,Mexico,Germany,0,2,0
LX,Italy,Singapore,16,20,16
TU,Tunisia,France,0,4,0
SQ,Singapore,Maldives,1,0,1
BN,Italy,Italy,0,1,0
PC,Switzerland,Turkey,8,4,8
MS,Italy,Uganda,0,4,0
HV,France,Greece,0,3,0
TK,Italy,Ghana,1,1,1
VY,Spain,Argentina,0,2,0
AK,Malaysia,Thailand,0,5,0
7M,Brazil,Brazil,0,3,0
TP,Morocco,Portugal,0,2,0
FR,Greece,Italy,99,80,98
WF,Norway,Norway,0,17,0
TR,Singapore,Malaysia,1,6,1
TC,Tanzania,,0,2,0
VY,France,Italy,36,25,36
LH,Italy,The Bahamas,0,5,0
VY,Argentina,Spain,0,2,0
LH,Italy,Dominican Republic,2,4,2
LH,Albania,United States,1,0,1
AZ,Italy,Cambodia,0,1,0
W9,France,United Kingdom,0,2,0
TK,Italy,Belarus,0,1,0
U2,Italy,Italy,1827,131,1809
2W,Spain,Mexico,0,9,0
ET,Kenya,Italy,2,2,2
KL,Italy,Peru,11,40,11
FR,Italy,Brazil,0,2,0
FR,Belgium,Spain,6,1,6
EK,Italy,Pakistan,0,1,0
ET,Italy,Argentina,1,0,1
BA,Brazil,Italy,0,2,0
OS,China,Italy,1,2,1
GF,Thailand,Italy,0,1,0
DL,Italy,Canada,1,0,1
T6,Philippines,Philippines,0,1,0
ZG,Japan,Italy,0,1,0
AZ,Italy,Malaysia,0,1,0
EK,Italy,Nepal,0,1,0
W6,Italy,Bangladesh,0,1,0
AF,Switzerland,Vietnam,1,0,1
WO,Canada,Canada,3,2,3
U2,Italy,,0,17,0
AK,Malaysia,Indonesia,0,11,0
BY,United Kingdom,Italy,5,2,5
W6,Montenegro,Austria,3,0,3
AF,Niger,Spain,1,1,1
W6,Italy,Lebanon,0,1,0
OK,Egypt,Italy,0,3,0
AU,Canada,United States,0,3,0
AV,Colombia,Mexico,1,0,1
2M,Belize,Belize,0,1,0
OS,Italy,Israel,0,1,0
AZ,Switzerland,Italy,5,6,5
AP,Italy,Italy,0,12,0
AF,France,Morocco,0,2,0
HX,Hong Kong,China,1,0,1
JU,Germany,Greece,0,1,0
6Y,Germany,United Arab Emirates,0,1,0
9U,Portugal,Moldova,0,1,0
SK,Italy,,4,15,4
EY,Australia,Spain,0,1,0
AS,United States,Mexico,0,1,0
OS,Republic of Macedonia,Italy,0,1,0
XZ,Romania,Italy,6,0,6
VY,Netherlands,Italy,1,3,1
MS,Italy,Lebanon,0,3,0
AD,Italy,Brazil,0,2,0
E5,Egypt,Jordan,1,0,1
FR,United Kingdom,Norway,2,0,2
AZ,Italy,Finland,0,3,0
TK,Turkey,Mali,0,1,0
BA,Italy,Argentina,1,0,1
TK,Germany,Japan,3,0,3
LY,Israel,Austria,0,1,0
IB,Cuba,France,0,1,0
OS,Italy,Denmark,2,1,2
AF,Italy,United States,82,151,81
U2,France,Italy,157,30,155
KL,Italy,Republic of Ireland,5,3,5
EN,Italy,Indonesia,0,1,0
MS,Italy,Namibia,0,1,0
TR,Singapore,Australia,2,4,2
TK,Italy,Colombia,3,0,3
QF,Australia,Italy,0,3,0
EK,Italy,Namibia,0,1,0
HC,Guinea,Senegal,0,1,0
OG,Denmark,Iceland,1,2,1
BA,Italy,Iceland,0,1,0
F9,United States,United States,11,28,11
XQ,Turkey,Italy,2,4,2
D7,Indonesia,Italy,0,1,0
LH,Sweden,Italy,8,2,8
FR,Portugal,Morocco,0,1,0
IB,Germany,Argentina,1,0,1
BA,Austria,United Kingdom,1,0,1
MU,Italy,Vietnam,0,1,0
U2,Netherlands,United Kingdom,1,0,1
WY,Italy,Sri Lanka,0,1,0
TK,Italy,Senegal,0,1,0
5W,United Arab Emirates,Italy,0,4,0
AZ,Netherlands,Italy,3,9,3
OS,Italy,Slovakia,2,0,2
EK,United Kingdom,Indonesia,1,1,1
WS,Canada,Canada,1,5,1
A3,Italy,,0,2,0
SK,Sweden,Norway,0,1,0
WS,United Kingdom,Canada,0,1,0
U2,Italy,Morocco,56,7,55
G9,Italy,Vietnam,0,4,0
BA,Germany,United States,2,1,2
BT,Italy,United Arab Emirates,1,1,1
LH,Austria,Netherlands,0,1,0
3R,Aruba,Curaçao,0,1,0
EY,Germany,,1,0,1
Z2,Philippines,Philippines,0,6,0
UP,United States,The Bahamas,0,19,0
MH,Italy,Malaysia,0,38,0
FR,Luxembourg,Italy,3,4,3
AF,Norway,Italy,0,2,0
AT,Morocco,Morocco,1,0,1
AZ,Italy,Croatia,0,7,0
BT,Latvia,Italy,0,2,0
AC,France,Canada,1,1,1
LS,United Kingdom,Austria,2,0,2
TX,United States,Italy,0,4,0
MS,Italy,Japan,0,1,0
U2,Netherlands,Denmark,2,0,2
W6,Norway,Italy,0,1,0
LG,Luxembourg,United Arab Emirates,0,1,0
PK,Saudi Arabia,Pakistan,0,1,0
KR,Cambodia,Italy,0,1,0
LA,Italy,,0,15,0
LH,United States,Dominican Republic,0,2,0
W6,Italy,Montenegro,14,15,14
FR,United Kingdom,Germany,2,2,2
TG,Switzerland,Thailand,2,1,2
FR,Croatia,Italy,6,7,6
BT,Greece,Sweden,1,0,1
3U,Japan,Italy,0,3,0
AK,Maldives,Indonesia,0,1,0
SK,Norway,Netherlands,1,2,1
U8,Italy,Israel,0,1,0
I2,Spain,Greece,1,0,1
EN,Italy,Mexico,0,1,0
AZ,Italy,Albania,18,56,18
FY,Malaysia,,0,1,0
EW,Italy,Australia,0,1,0
AC,United States,Italy,0,1,0
NO,Cape Verde,Italy,1,2,1
AY,Italy,India,5,1,5
GF,Italy,France,0,2,0
6E,India,Sri Lanka,0,1,0
AF,Italy,Puerto Rico,0,1,0
KS,Romania,Germany,0,1,0
IB,Belgium,United States,0,1,0
HV,France,Italy,15,16,15
DL,United States,Italy,5,0,5
ZG,Japan,United States,1,0,1
SQ,Italy,Thailand,13,10,13
JU,Serbia,Italy,3,1,3
B6,United States,United States,0,17,0
XZ,Italy,Romania,25,2,25
TP,Brazil,,0,3,0
FI,Italy,United States,1,2,1
AF,France,Japan,1,1,1
FR,Italy,Iran,0,4,0
2W,Mexico,Spain,0,3,0
AF,Italy,Madagascar,1,1,1
LX,Switzerland,France,1,0,1
U2,Spain,Switzerland,1,0,1
UX,Germany,Cuba,0,1,0
LX,Italy,Czech Republic,0,1,0
EK,France,Réunion,0,1,0
JQ,United States,Australia,5,0,5
FR,Italy,Latvia,1,9,1
VY,Italy,Netherlands,13,10,13
HV,Netherlands,Austria,2,0,2
FD,India,Thailand,0,3,0
HY,Italy,Uzbekistan,0,6,0
HV,Netherlands,Iceland,1,0,1
PC,Morocco,Turkey,0,1,0
LA,Paraguay,Italy,0,1,0
AK,Thailand,Indonesia,0,3,0
FR,Malta,Spain,1,1,1
TK,Italy,Hong Kong,0,2,0
NO,Italy,Sint Maarten,0,1,0
KL,Germany,United States,4,6,4
LA,Ecuador,Italy,0,2,0
TK,Luxembourg,Turkey,1,3,1
DY,Sweden,Denmark,0,7,0
FR,Portugal,Portugal,13,15,13
AF,Italy,Japan,12,10,12
EW,France,Germany,0,4,0
EY,Italy,South Africa,2,2,2
Z0,United States,United Kingdom,7,1,7
AZ,Italy,Czech Republic,0,1,0
GF,India,Italy,0,4,0
U2,United Kingdom,Spain,5,0,5
UX,United States,Italy,0,8,0
AF,Italy,Uruguay,0,2,0
EY,Switzerland,Malaysia,1,0,1
FY,Malaysia,Thailand,0,1,0
KL,Luxembourg,Italy,1,3,1
FB,Italy,Bulgaria,0,8,0
V7,Italy,Germany,2,0,2
G9,Italy,Oman,0,1,0
OS,Albania,France,0,1,0
TK,Turkey,Qatar,0,1,0
G9,Italy,Kenya,2,10,2
TP,Italy,Portugal,85,282,84
EW,Germany,Greece,4,1,4
FR,France,Spain,7,4,7
WS,Canada,United States,1,10,1
KL,Italy,Ghana,1,1,1
BF,Réunion,France,1,0,1
KL,Germany,Portugal,1,0,1
G9,Italy,Singapore,0,3,0
AZ,India,Italy,0,2,0
EK,Germany,India,0,1,0
6E,Turkey,Thailand,0,2,0
W6,Albania,Greece,0,1,0
LA,Brazil,,0,1,0
EK,Philippines,Italy,2,3,2
AC,Canada,Canada,5,2,5
VN,Vietnam,Thailand,0,2,0
6H,Italy,Israel,0,1,0
KL,Italy,Australia,0,3,0
KU,Italy,,0,1,0
KL,Switzerland,Netherlands,0,1,0
BA,Gibraltar,United Kingdom,1,0,1
WY,United Arab Emirates,Oman,1,0,1
CX,Japan,Italy,1,0,1
VY,Italy,Guatemala,1,0,1
WS,Canada,The Bahamas,0,1,0
LA,Italy,Uruguay,2,1,2
AF,Brazil,Italy,0,1,0
LA,Italy,Colombia,1,3,1
AY,Estonia,Italy,1,0,1
UX,Italy,Portugal,0,2,0
KM,Germany,,0,1,0
EK,France,United Arab Emirates,1,0,1
A3,France,Greece,0,3,0
EK,Switzerland,Indonesia,0,1,0
LO,Italy,Azerbaijan,0,1,0
HA,United States,,0,1,0
ET,Switzerland,Madagascar,1,0,1
CA,Vietnam,Italy,0,5,0
U2,Netherlands,Germany,1,1,1
LA,Bolivia,Italy,0,5,0
OZ,Italy,Philippines,1,0,1
EK,Italy,Sri Lanka,3,2,3
DE,Italy,Maldives,1,0,1
LX,Italy,Dominican Republic,0,4,0
TK,Italy,Kyrgyzstan,2,1,2
AC,Netherlands,Canada,0,1,0
NO,Italy,Iceland,1,1,1
AZ,Italy,Turkey,0,1,0
AF,Italy,South Korea,0,5,0
V7,Italy,Australia,0,2,0
U2,Italy,Norway,0,4,0
V7,Croatia,Portugal,0,1,0
LH,Argentina,Italy,0,2,0
OS,Italy,Armenia,2,0,2
OS,Italy,Serbia,6,1,6
VY,United Kingdom,Italy,12,5,12
MB,Germany,Portugal,0,1,0
PC,Italy,,0,1,0
W6,Italy,Azerbaijan,1,0,1
JU,Denmark,Republic of Macedonia,1,0,1
EY,Australia,Italy,0,1,0
PG,Thailand,Italy,0,1,0
TK,Turkey,Djibouti,1,2,1
AZ,Italy,United Kingdom,13,29,13
TK,Turkey,Turkey,34,5,34
PC,Germany,Iraq,2,0,2
OG,United Kingdom,United States,0,1,0
UA,Argentina,Italy,0,1,0
FR,Israel,Italy,6,1,6
AZ,Italy,Panama,0,3,0
A3,Italy,Lebanon,0,3,0
FR,France,Republic of Ireland,1,1,1
FR,Italy,Lebanon,0,3,0
AF,Chile,Italy,0,3,0
EI,Germany,Republic of Ireland,2,0,2
QR,Australia,Italy,1,1,1
FM,China,Serbia,0,1,0
TG,Australia,Italy,0,1,0
EY,Italy,Bangladesh,6,0,6
U2,France,United Kingdom,11,0,11
OZ,Italy,Japan,1,4,1
AF,Italy,Mali,6,6,6
TP,Portugal,Morocco,0,2,0
LH,Czech Republic,Italy,0,1,0
EY,India,Italy,2,4,2
HV,France,Armenia,1,0,1
FR,United Kingdom,Morocco,2,0,2
FZ,Maldives,United Arab Emirates,0,1,0
SN,Norway,Tunisia,0,1,0
U2,Italy,United States,3,9,3
KQ,Kenya,Kenya,2,2,2
TP,Cape Verde,Italy,0,3,0
AZ,Italy,United Arab Emirates,0,4,0
PC,Spain,Turkey,2,0,2
W6,Romania,France,2,1,2
AZ,Italy,Moldova,0,2,0
AM,United States,United States,0,1,0
U2,Portugal,Switzerland,1,0,1
GQ,Greece,Lebanon,0,1,0
W6,Italy,Vietnam,0,2,0
A3,Republic of Ireland,Italy,0,1,0
FR,Hungary,Jordan,0,1,0
AD,Brazil,Brazil,0,18,0
AF,Italy,Mauritius,2,5,2
6E,Italy,Nepal,0,1,0
W6,Italy,Germany,3,16,3
LH,United States,Italy,2,1,2
ET,Italy,Namibia,8,1,8
FR,Italy,Faroe Islands,0,8,0
EI,United Kingdom,Republic of Ireland,3,0,3
YS,Tanzania,Tanzania,2,3,2
EW,Italy,Hungary,0,1,0
LH,Kenya,Italy,1,0,1
BT,Italy,Denmark,0,1,0
N0,Italy,United States,81,6,80
LX,Italy,Mexico,0,1,0
SV,India,Italy,1,2,1
IB,Italy,Puerto Rico,2,1,2
SK,Denmark,Spain,2,0,2
FN,South Africa,,0,1,0
KS,Italy,Italy,1,0,1
OS,Italy,Bulgaria,0,1,0
KL,Italy,United Kingdom,10,19,10
BA,Italy,Maldives,2,2,2
KL,Italy,United Arab Emirates,3,0,3
W6,Italy,Uzbekistan,0,3,0
VS,Jamaica,United Kingdom,0,1,0
KL,Sweden,Italy,1,1,1
DE,Mexico,Germany,0,3,0
NH,Mexico,United States,0,1,0
LX,France,Cuba,1,1,1
TK,Kuwait,Italy,2,0,2
VY,Italy,United Arab Emirates,0,1,0
VY,France,Spain,7,7,7
OG,Italy,Iceland,15,17,15
LH,New Zealand,Italy,0,1,0
NO,Greece,Italy,8,4,8
KM,Malta,,0,4,0
LA,Chile,Italy,1,9,1
U2,France,Cyprus,3,0,3
LH,Belgium,Italy,0,2,0
W6,Turkey,Italy,0,1,0
SN,Italy,Netherlands,0,9,0
LH,Italy,New Zealand,0,7,0
BA,United Kingdom,Spain,1,0,1
ET,Zimbabwe,Germany,1,0,1
TK,Austria,United Arab Emirates,0,1,0
W6,Italy,Latvia,0,1,0
FR,France,Italy,53,68,52
AF,Italy,Cuba,9,12,9
WE,Thailand,Thailand,7,4,7
KL,Netherlands,United Kingdom,1,2,1
UA,Argentina,Canada,0,2,0
SN,Greece,Italy,1,2,1
E9,Spain,Mexico,1,0,1
EY,Singapore,Italy,1,1,1
FZ,Slovenia,Tanzania,0,5,0
EK,United Arab Emirates,Thailand,0,1,0
LO,Germany,Moldova,0,1,0
AZ,Italy,Greece,26,138,26
UX,Spain,United Kingdom,0,1,0
AS,United States,Italy,0,3,0
DL,Italy,United States,47,0,47
FR,Belgium,Italy,45,58,45
FI,Switzerland,United States,1,2,1
FR,Jordan,Italy,3,1,3
6E,Thailand,India,0,1,0
FI,Denmark,United States,1,0,1
OG,Iceland,Canada,1,0,1
S4,Portugal,Italy,1,0,1
FR,Netherlands,Italy,25,31,25
FR,Italy,United States,0,4,0
LH,Australia,Italy,0,1,0
7C,Japan,South Korea,0,1,0
RJ,Germany,Lebanon,2,0,2
XZ,Italy,Israel,12,3,12
AM,Mexico,Spain,0,1,0
W6,Germany,Republic of Kosovo,2,0,2
EK,South Africa,Italy,0,2,0
QG,Indonesia,Italy,0,2,0
AY,Spain,Finland,1,0,1
IB,Netherlands,Spain,0,1,0
LX,France,Singapore,1,0,1
XZ,Italy,Belgium,0,1,0
LH,Lebanon,Italy,0,1,0
FR,Czech Republic,Denmark,0,1,0
HV,Italy,Netherlands,25,56,25
FR,Italy,Bosnia and Herzegovina,0,2,0
LH,Italy,Namibia,2,10,2
EN,Italy,Japan,1,6,1
AT,Egypt,Italy,0,3,0
FR,Italy,Republic of Kosovo,0,2,0
EK,Germany,Thailand,1,0,1
BA,Italy,Costa Rica,0,1,0
W6,Bulgaria,Italy,1,0,1
FR,Belgium,Germany,0,1,0
NK,Mexico,United States,0,1,0
W6,Italy,Austria,34,78,34
EI,Italy,Republic of Ireland,27,29,27
LH,Italy,Australia,0,3,0
K6,Vietnam,Cambodia,0,4,0
BA,Italy,Antigua and Barbuda,2,0,2
FD,Vietnam,Thailand,0,5,0
TK,Italy,Maldives,6,6,6
IB,Dominican Republic,Italy,0,2,0
Y4,United States,Mexico,0,2,0
SN,Italy,United Kingdom,1,0,1
IB,Argentina,Germany,2,0,2
KL,Netherlands,Spain,0,1,0
TK,Turkey,Spain,0,1,0
NH,Italy,Japan,0,3,0
KL,Ecuador,Italy,0,1,0
TK,Switzerland,,0,1,0
XK,France,France,0,5,0
EY,Austria,Japan,0,2,0
QR,Vietnam,Spain,0,1,0
MS,Italy,United Arab Emirates,0,2,0
FR,France,Morocco,1,0,1
AZ,Italy,Costa Rica,0,1,0
FR,Greece,Bulgaria,2,0,2
IB,Germany,Spain,2,1,2
HV,Italy,United States,0,1,0
FR,Poland,Czech Republic,1,0,1
LH,Croatia,Germany,0,1,0
KL,Italy,Colombia,7,44,7
SN,Italy,Senegal,5,0,5
PC,Turkey,Italy,11,11,11
FR,Italy,Norway,14,54,14
AT,Morocco,Western Sahara,3,0,3
UU,France,Madagascar,0,2,0
5F,Italy,Armenia,0,3,0
BR,Italy,Philippines,0,6,0
UX,Italy,Panama,1,0,1
AV,Brazil,Italy,0,1,0
QZ,Malaysia,,0,1,0
BA,United Kingdom,Poland,1,0,1
PC,Turkey,Greece,1,0,1
IB,Peru,Italy,1,0,1
EY,Thailand,Italy,7,18,7
LX,Italy,Republic of Ireland,4,4,4
SN,Italy,Ivory Coast,8,3,8
OS,Italy,Greece,3,3,3
KM,Italy,Cyprus,0,1,0
FR,Germany,United Kingdom,3,3,3
U2,Portugal,United Kingdom,2,0,2
BA,United Kingdom,India,1,2,1
KL,Italy,Kenya,0,1,0
AR,Argentina,Uruguay,0,2,0
JL,Japan,Italy,3,1,3
MS,Italy,Democratic Republic of the Congo,0,1,0
AZ,Italy,Thailand,0,5,0
IB,Norway,Spain,1,2,1
W6,Republic of Kosovo,Austria,1,0,1
V7,France,Greece,1,0,1
LH,Italy,Lithuania,1,0,1
FR,Italy,Honduras,0,1,0
W6,Austria,United Arab Emirates,1,0,1
JQ,Australia,Australia,13,6,13
LH,Italy,Netherlands,5,5,5
NU,Japan,Japan,7,6,7
LX,Italy,South Africa,4,1,4
UA,Sweden,Puerto Rico,1,0,1
HV,Austria,Netherlands,0,4,0
FR,Italy,Dominican Republic,0,6,0
NK,Dominican Republic,United States,0,1,0
EI,Republic of Ireland,Hungary,0,1,0
KL,Netherlands,United States,5,2,5
HV,Portugal,France,1,0,1
AR,Argentina,Spain,0,1,0
FD,Thailand,Vietnam,0,1,0
PC,Switzerland,Egypt,1,0,1
KL,Germany,France,1,0,1
HV,France,Spain,1,4,1
TK,Maldives,Italy,0,1,0
AC,Morocco,Canada,0,1,0
AF,Spain,Argentina,1,0,1
VU,Vietnam,Vietnam,0,2,0
EY,United Arab Emirates,Maldives,1,0,1
3S,Dominican Republic,Guadeloupe,0,1,0
QR,Thailand,Germany,0,2,0
FR,Estonia,Sweden,1,0,1
DL,Spain,United States,1,0,1
ID,Singapore,Indonesia,0,8,0
F9,Mexico,United States,0,1,0
EK,United States,United Arab Emirates,1,1,1
U2,United Kingdom,France,3,3,3
OS,Italy,Spain,2,2,2
TB,Italy,Belgium,0,1,0
LA,Ecuador,Ecuador,0,2,0
BA,United States,,1,0,1
KL,Italy,Belgium,1,0,1
AD,Portugal,Brazil,0,1,0
AI,United Kingdom,,0,1,0
JA,Argentina,Chile,0,1,0
IB,Italy,Cuba,27,25,27
AC,United States,Canada,2,6,2
W6,Denmark,Romania,1,1,1
LA,United States,Venezuela,0,1,0
LO,Italy,Egypt,3,12,3
LO,Italy,United States,0,4,0
DY,Netherlands,Norway,0,1,0
FR,Malta,Romania,0,3,0
LH,Italy,Georgia,2,0,2
W6,Poland,Georgia,2,0,2
5W,Egypt,India,0,1,0
BJ,Tunisia,Italy,0,3,0
EW,Turkey,Italy,1,0,1
AM,Italy,Mexico,0,35,0
U2,Italy,Lebanon,0,3,0
FR,Italy,United Arab Emirates,0,12,0
OG,Canada,Belgium,1,0,1
A3,Egypt,Italy,1,2,1
IB,Italy,Uruguay,1,0,1
LX,Italy,Luxembourg,2,0,2
GQ,Italy,Georgia,0,1,0
TG,United Arab Emirates,Thailand,0,1,0
AV,Costa Rica,Ecuador,0,1,0
U2,Italy,Maldives,0,1,0
W6,Italy,Poland,55,30,54
F8,United States,Canada,0,2,0
FR,Italy,Estonia,6,13,6
U2,Italy,Turkey,1,1,1
IB,Spain,India,0,1,0
VT,French Polynesia,Italy,0,1,0
W6,Poland,Thailand,0,1,0
W6,France,Romania,1,1,1
U2,Luxembourg,Italy,14,3,14
AZ,Italy,Mexico,0,101,0
VY,Italy,Japan,0,2,0
FR,Italy,Moldova,0,4,0
TM,Mozambique,South Africa,0,2,0
AF,France,Cuba,1,0,1
TP,Brazil,Portugal,1,1,1
LO,Moldova,Poland,0,2,0
EW,Italy,Portugal,0,1,0
UX,Italy,Tunisia,0,3,0
CY,Cyprus,Lebanon,1,0,1
U2,Italy,United Kingdom,377,66,373
LH,Italy,Egypt,8,27,8
KL,Slovenia,Mexico,0,6,0
W6,Austria,United Kingdom,1,3,1
XZ,Italy,Croatia,0,2,0
FR,Austria,Malta,0,1,0
UX,Honduras,,0,1,0
FZ,Italy,United Arab Emirates,7,38,7
V7,Spain,Italy,6,5,6
VY,Spain,Algeria,0,1,0
BA,Republic of Ireland,Italy,2,0,2
W6,Albania,Spain,1,0,1
WG,Cuba,Italy,0,1,0
FR,Italy,Cape Verde,0,1,0
PC,Italy,Kazakhstan,2,0,2
FD,Malaysia,Thailand,0,1,0
SN,Spain,Sweden,1,0,1
EW,Italy,Germany,94,106,93
U2,Italy,Croatia,159,19,157
3F,Italy,Armenia,0,4,0
AF,Italy,Colombia,4,27,4
SK,Germany,Faroe Islands,0,1,0
CI,Taiwan,Netherlands,0,1,0
SQ,Malaysia,Singapore,2,0,2
LH,Italy,Cambodia,0,1,0
UX,Spain,Cuba,0,1,0
MS,Austria,Egypt,0,3,0
PC,Italy,Pakistan,3,5,3
QF,Italy,,0,5,0
FR,Portugal,Spain,0,2,0
AF,Italy,Djibouti,2,0,2
FR,Poland,United Kingdom,1,0,1
TK,Italy,Uganda,0,1,0
DE,Denmark,Mexico,1,0,1
VY,Portugal,Italy,1,9,1
CI,Italy,Indonesia,0,8,0
LH,Italy,Turks and Caicos Islands,0,1,0
EI,Netherlands,Canada,1,0,1
TU,Italy,,0,6,0
QF,Italy,United States,0,8,0
W6,Italy,Sri Lanka,0,3,0
U2,Italy,Germany,129,20,128
W6,Italy,Nepal,0,5,0
FR,Italy,Israel,11,44,11
TK,Turkey,Italy,15,31,15
TP,Portugal,Netherlands,0,1,0
EK,Italy,South Africa,3,0,3
TU,Tunisia,Spain,0,1,0
LH,Romania,Canada,0,1,0
W6,Romania,Philippines,0,1,0
U2,Portugal,Spain,3,0,3
EW,Italy,Czech Republic,20,11,20
BA,Belgium,United States,1,0,1
DT,South Africa,Italy,0,1,0
FR,Spain,Iceland,0,1,0
TK,Indonesia,Italy,1,1,1
SR,Germany,Greece,0,1,0
TK,Italy,Nigeria,0,4,0
E9,Spain,Costa Rica,0,1,0
LX,Italy,Netherlands,3,0,3
AZ,Italy,Martinique,0,4,0
W6,Hungary,Italy,17,5,17
SK,Norway,Poland,2,1,2
F9,United States,,0,1,0
HV,Italy,Spain,0,2,0
AC,Italy,Costa Rica,0,1,0
VB,Mexico,Spain,0,1,0
TK,Italy,Mexico,1,0,1
IB,Italy,China,0,1,0
KL,France,Netherlands,1,9,1
LH,Italy,Canada,9,27,9
AC,Spain,Canada,0,1,0
W6,Italy,Philippines,0,8,0
EK,United Arab Emirates,Sri Lanka,0,2,0
OS,Italy,Moldova,1,1,1
AF,France,Mali,1,1,1
FZ,United Arab Emirates,Italy,0,2,0
XZ,Italy,Poland,0,1,0
IB,Italy,Senegal,0,5,0
HV,Netherlands,Spain,1,2,1
AR,Argentina,Italy,0,6,0
KL,Italy,Croatia,0,2,0
EY,Philippines,Italy,0,1,0
TG,Thailand,Indonesia,0,2,0
SV,Italy,Tanzania,1,0,1
BA,United Kingdom,Barbados,0,1,0
OK,Italy,Czech Republic,0,1,0
FA,South Africa,South Africa,0,23,0
V7,France,France,6,22,6
BA,United Kingdom,The Bahamas,1,0,1
LH,Germany,France,6,7,6
G9,India,Italy,0,5,0
AF,Canada,France,0,1,0
FR,Portugal,Belgium,1,0,1
IZ,Israel,Cyprus,1,0,1
LX,Switzerland,Italy,6,42,6
EK,Australia,Italy,4,10,4
AI,Italy,Singapore,0,2,0
HA,United States,United States,0,7,0
KL,Portugal,France,0,3,0
EN,Italy,United States,0,4,0
AZ,Bulgaria,Italy,0,1,0
JQ,Australia,Indonesia,2,1,2
IB,Ecuador,Spain,3,3,3
LX,Switzerland,Slovenia,0,1,0
MS,Italy,Kuwait,0,1,0
VN,Vietnam,Vietnam,7,1,7
W6,France,Italy,34,18,34
W6,Italy,Israel,43,48,43
EI,Switzerland,Republic of Ireland,0,1,0
LH,Italy,United Kingdom,13,3,13
SQ,Japan,Italy,1,3,1
OS,Italy,Republic of Macedonia,1,1,1
TP,United Kingdom,Portugal,1,1,1
TK,Italy,Lebanon,2,6,2
AZ,Italy,Portugal,1,5,1
VB,Cuba,Costa Rica,0,2,0
LO,Sweden,Italy,0,1,0
VN,Singapore,Vietnam,0,1,0
QF,French Polynesia,United States,1,0,1
OU,Croatia,Netherlands,0,2,0
LX,Spain,Italy,0,1,0
5J,Hong Kong,Philippines,0,1,0
U2,Switzerland,Belgium,1,0,1
EY,Italy,Japan,3,16,3
CI,Italy,,0,5,0
U2,United Kingdom,Portugal,3,1,3
FR,Austria,Denmark,1,0,1
EN,Italy,Brazil,0,5,0
FR,Republic of Ireland,Spain,0,5,0
SK,Norway,Ethiopia,1,1,1
I2,France,Spain,1,0,1
"",Spain,United States,1,0,1
SV,Italy,United Arab Emirates,0,3,0
FR,United Kingdom,Montenegro,1,0,1
SK,Denmark,Sweden,1,0,1
UA,Mexico,,1,0,1
AF,Germany,Morocco,1,0,1
OS,Italy,Austria,69,120,68
UX,Italy,Peru,9,23,9
EW,Italy,Greece,0,3,0
AZ,Italy,Vietnam,1,11,1
KL,Denmark,United States,0,1,0
ET,Democratic Republic of the Congo,Lebanon,1,0,1
VS,Italy,Argentina,0,1,0
TG,Thailand,Spain,0,1,0
W9,United Kingdom,Serbia,0,1,0
GQ,Italy,,0,5,0
LX,Italy,Indonesia,0,6,0
HC,France,Senegal,0,1,0
UX,Italy,Cuba,22,65,22
AZ,Egypt,Italy,1,10,1
BA,Italy,Chile,1,7,1
IU,Indonesia,Italy,0,3,0
6E,Italy,India,4,20,4
AH,Italy,Mali,0,1,0
VY,Spain,Switzerland,1,6,1
WY,Egypt,Oman,0,1,0
W6,Italy,Kazakhstan,0,2,0
TK,Italy,Ecuador,0,1,0
LH,United Kingdom,Norway,0,1,0
LO,Germany,India,0,2,0
V7,Italy,Ecuador,0,1,0
D7,Malaysia,India,0,1,0
UA,Italy,United States,61,30,60
VY,Italy,Portugal,0,8,0
QR,Georgia,China,0,1,0
FZ,Albania,Maldives,1,0,1
A3,Greece,Turkey,0,1,0
MB,Spain,Germany,0,1,0
AC,Switzerland,Canada,0,2,0
FR,Italy,Philippines,0,1,0
LY,Thailand,Italy,0,1,0
ZB,Albania,Italy,0,12,0
TR,Madagascar,Madagascar,0,6,0
EK,Italy,Maldives,9,18,9
AF,Italy,Senegal,0,1,0
QR,Italy,South Korea,1,2,1
FR,Cyprus,Italy,2,0,2
EK,Australia,Serbia,0,1,0
AF,Italy,Hong Kong,3,2,3
LH,Italy,Bolivia,0,2,0
AF,Italy,Sweden,0,2,0
LX,Italy,Estonia,0,1,0
LH,Italy,Algeria,3,2,3
QZ,Indonesia,Thailand,0,13,0
LO,Austria,Georgia,0,2,0
SK,Italy,Norway,5,58,5
LH,Germany,Namibia,0,1,0
HV,Italy,Iceland,0,3,0
W6,Turkey,Hungary,2,0,2
B6,United States,Italy,0,2,0
EY,Germany,Japan,1,0,1
FR,Denmark,Republic of Ireland,1,0,1
UK,Germany,India,0,1,0
LH,Germany,Switzerland,1,0,1
W6,Greece,Albania,0,1,0
FR,France,Germany,0,2,0
YP,South Korea,Japan,1,0,1
LX,Italy,China,0,2,0
UX,Israel,Spain,1,0,1
QR,Italy,China,1,1,1
SK,Poland,Italy,1,0,1
W6,Italy,Netherlands,20,22,20
AF,France,Italy,38,43,38
AF,Italy,Dominican Republic,0,1,0
OW,Kenya,Kenya,1,8,1
IB,Spain,Portugal,1,1,1
PC,Italy,Oman,3,1,3
BA,Italy,South Africa,2,0,2
5J,United Arab Emirates,Malaysia,1,0,1
QR,Italy,Indonesia,59,86,58
UX,Italy,Colombia,3,26,3
TR,Singapore,Indonesia,0,4,0
V7,Italy,Portugal,0,4,0
KL,United Kingdom,Indonesia,1,0,1
QZ,Indonesia,Malaysia,0,1,0
QR,Qatar,Australia,1,0,1
AA,Switzerland,United States,2,0,2
NT,Morocco,Spain,0,1,0
KL,Nigeria,Germany,0,1,0
LA,Chile,Chile,2,15,2
W6,Italy,Iceland,74,73,73
EY,France,Thailand,2,0,2
EK,Italy,Mauritius,5,133,5
SK,Italy,Greece,0,3,0
IB,Mexico,,0,2,0
MS,Egypt,Jordan,0,1,0
LA,Ecuador,United States,0,2,0
A3,Italy,Jordan,7,3,7
LH,Italy,Latvia,3,7,3
LX,Italy,India,1,0,1
FR,Belgium,Greece,1,0,1
LX,Luxembourg,Italy,1,0,1
AY,Italy,Latvia,1,0,1
TR,Taiwan,Japan,1,4,1
AV,Ecuador,Spain,2,0,2
SK,France,Sweden,7,3,7
SV,Egypt,Saudi Arabia,1,3,1
W6,Republic of Kosovo,Italy,1,3,1
FZ,Italy,Oman,0,2,0
SN,Belgium,Italy,34,17,34
LH,United States,United States,0,27,0
IB,Italy,Colombia,14,15,14
FZ,Italy,Bangladesh,1,0,1
SK,Italy,China,0,5,0
SQ,Japan,Indonesia,3,2,3
U2,Portugal,France,3,0,3
DE,Greece,Germany,2,0,2
LH,United States,Germany,0,1,0
EY,United Kingdom,India,3,0,3
OV,Oman,Oman,2,1,2
EN,Italy,Mongolia,0,1,0
LH,Spain,New Zealand,0,4,0
AF,Italy,Canada,5,7,5
AZ,Italy,Cuba,0,5,0
NO,Italy,Tanzania,6,5,6
EK,New Zealand,Italy,1,2,1
TR,Greece,Thailand,1,0,1
TK,Turkey,Indonesia,1,2,1
DG,Philippines,Philippines,0,1,0
FR,Czech Republic,Italy,34,28,34
FR,Germany,Spain,4,9,4
UA,Brazil,Italy,0,1,0
TK,Italy,Egypt,7,14,7
UX,Italy,Bolivia,0,3,0
MS,Mauritius,Italy,0,1,0
LX,Switzerland,Portugal,0,1,0
LX,Italy,Portugal,3,3,3
SK,Italy,Thailand,2,7,2
EN,Italy,Germany,4,1,4
CM,Venezuela,United States,0,2,0
CI,Italy,Thailand,0,3,0
AI,Italy,India,0,24,0
FR,Italy,Tunisia,0,5,0
CI,Taiwan,Italy,0,1,0
LH,Italy,Czech Republic,4,6,4
SV,Italy,Mauritius,3,3,3
DD,Thailand,Thailand,14,17,14
AV,Spain,Peru,3,0,3
JQ,New Zealand,Australia,0,2,0
AZ,Italy,Algeria,1,1,1
Y4,Mexico,Mexico,0,10,0
DL,Mexico,United States,1,0,1
VY,Spain,United States,0,1,0
LG,Luxembourg,France,0,1,0
BA,Italy,Greece,1,0,1
DY,Netherlands,Denmark,0,1,0
XK,France,Italy,0,1,0
XZ,Albania,Italy,10,0,10
WS,United States,Italy,0,6,0
KL,Italy,Brazil,3,5,3
GQ,Bulgaria,Greece,0,1,0
KL,Portugal,Italy,3,2,3
OS,Italy,Myanmar,0,1,0
TP,Germany,United States,0,1,0
TB,Belgium,Morocco,0,1,0
SN,Italy,El Salvador,0,1,0
U2,Greece,France,1,0,1
SM,Germany,Egypt,0,1,0
FR,Slovakia,Malta,0,1,0
PC,Pakistan,Italy,2,1,2
NO,Senegal,Italy,2,1,2
AY,Italy,Denmark,0,1,0
FR,Spain,Belgium,0,2,0
LO,China,Italy,0,1,0
VB,Mexico,Cuba,1,0,1
EK,Slovenia,Japan,0,1,0
TK,Italy,United Arab Emirates,12,21,12
LO,Italy,India,0,3,0
LH,Italy,France,10,10,10
DE,Germany,Croatia,0,1,0
FR,Germany,Lithuania,2,1,2
UX,Spain,United States,1,0,1
EK,United Arab Emirates,Seychelles,2,0,2
AZ,Italy,Serbia,0,2,0
UP,The Bahamas,The Bahamas,0,2,0
SV,Pakistan,Italy,0,1,0
SK,Denmark,Netherlands,1,0,1
AV,Chile,Colombia,0,1,0
FR,Poland,Indonesia,0,1,0
OU,Croatia,Italy,0,1,0
U2,Italy,Egypt,139,61,138
EY,Italy,United Arab Emirates,57,4,56
QR,Italy,Maldives,9,24,9
LX,Italy,Switzerland,18,26,18
BT,Italy,Latvia,2,1,2
TK,Uganda,Germany,0,5,0
ID,Malaysia,Indonesia,0,1,0
LH,Japan,Italy,0,1,0
J2,Azerbaijan,Uzbekistan,0,1,0
PK,Pakistan,Pakistan,0,1,0
LX,Switzerland,United States,7,16,7
PC,Turkey,Romania,1,0,1
RJ,Egypt,Italy,0,2,0
HV,Iceland,Italy,0,1,0
AF,Italy,Sint Maarten,1,0,1
KL,Netherlands,El Salvador,0,1,0
A3,Greece,Italy,20,36,20
AZ,Italy,Belgium,3,25,3
KL,Italy,Portugal,8,23,8
OS,Austria,Italy,8,11,8
IB,Italy,Brazil,1,1,1
HV,Spain,Belgium,1,0,1
SM,Egypt,Egypt,3,12,3
MS,Italy,Ethiopia,0,6,0
TB,Morocco,Italy,0,1,0
FR,Hungary,France,0,1,0
MT,Italy,Egypt,0,4,0
AV,Ecuador,El Salvador,1,0,1
AF,France,Albania,1,0,1
TK,Saudi Arabia,Italy,1,0,1
TP,Italy,Spain,5,11,5
FO,Argentina,Argentina,6,1,6
W2,Spain,Spain,0,5,0
NO,China,Italy,2,0,2
OD,Malaysia,Singapore,0,1,0
AF,Italy,Spain,1,2,1
W6,Hungary,Spain,1,2,1
UX,Italy,Germany,0,3,0
J2,Azerbaijan,Georgia,0,2,0
FR,Italy,Venezuela,0,1,0
W6,Italy,Bulgaria,23,40,23
KU,India,Egypt,1,0,1
IB,Argentina,Italy,4,1,4
SG,India,India,3,10,3
PC,Italy,Kyrgyzstan,2,0,2
TC,Tanzania,Tanzania,0,12,0
FR,Sweden,Estonia,3,0,3
KL,United States,Puerto Rico,0,1,0
XQ,France,,0,1,0
F8,Canada,,0,1,0
AH,Algeria,Turkey,0,1,0
OD,Indonesia,Malaysia,0,1,0
LH,Austria,,0,1,0
FR,Italy,Turkey,0,17,0
VY,Spain,Morocco,3,0,3
UA,Switzerland,United States,2,7,2
LH,Italy,Cuba,0,8,0
LH,Italy,Sweden,8,4,8
G9,Saudi Arabia,Malaysia,1,0,1
FR,Italy,Australia,0,6,0
SN,Italy,Cameroon,4,0,4
FR,Belgium,Republic of Ireland,1,0,1
BA,Germany,United Kingdom,2,1,2
VZ,Cambodia,Thailand,0,1,0
SS,France,Canada,0,1,0
G3,Brazil,France,0,1,0
TR,Indonesia,Malaysia,0,1,0
EK,France,South Africa,0,1,0
LX,Italy,United States,19,55,19
GQ,Italy,Greece,34,72,34
VA,Australia,Australia,7,8,7
IB,United States,Italy,4,3,4
AZ,Belgium,Italy,18,12,18
LH,Italy,Denmark,8,5,8
LO,Poland,Czech Republic,4,0,4
CI,Thailand,Italy,1,0,1
JQ,Japan,Japan,9,2,9
W6,Maldives,Italy,0,1,0
AF,Italy,United Arab Emirates,2,0,2
TK,Pakistan,Italy,0,1,0
KL,Italy,Latvia,0,1,0
AV,Ecuador,Ecuador,1,0,1
J9,Kuwait,Egypt,1,0,1
FR,Germany,Greece,0,1,0
BR,Italy,Indonesia,0,9,0
AT,Italy,,0,7,0
W6,Italy,France,111,112,110
VY,Italy,Italy,39,37,39
AT,Italy,United States,2,24,2
SV,Italy,South Korea,2,6,2
AV,Colombia,United States,2,4,2
AZ,France,Italy,8,29,8
JU,Serbia,Romania,1,0,1
SQ,Italy,Spain,22,2,22
XY,Saudi Arabia,United Arab Emirates,1,1,1
FR,Belgium,Poland,0,2,0
SN,France,Belgium,1,0,1
MS,Italy,Ghana,0,1,0
BX,South Korea,Thailand,0,2,0
FR,Portugal,Albania,0,1,0
AA,Bonaire,United States,1,0,1
QR,Indonesia,Italy,4,4,4
AY,Italy,Japan,5,12,5
FR,Portugal,Romania,0,1,0
LH,Sweden,Brazil,0,1,0
UA,Italy,Costa Rica,0,1,0
TP,Portugal,France,3,2,3
AA,United States,Dominican Republic,7,0,7
W6,Cyprus,Italy,2,2,2
EK,Guinea,Senegal,0,2,0
OS,Italy,Germany,2,4,2
AZ,Serbia,Italy,0,1,0
TS,Portugal,Canada,0,1,0
OB,Antigua and Barbuda,Bolivia,0,1,0
WB,Italy,Kenya,0,1,0
V7,Italy,Switzerland,0,1,0
JU,Italy,Tanzania,0,1,0
QR,Spain,Pakistan,2,1,2
TK,Uzbekistan,Italy,4,2,4
OZ,Japan,Italy,1,5,1
AZ,Italy,China,0,20,0
EY,Italy,Pakistan,2,3,2
SN,Italy,Ecuador,0,1,0
MU,Italy,China,0,5,0
FR,Italy,Armenia,0,1,0
AF,Germany,United States,0,3,0
VY,Denmark,Italy,1,0,1
TK,Lebanon,Tunisia,0,1,0
LX,Italy,Bolivia,0,1,0
MS,Italy,Sudan,0,2,0
PC,Lebanon,Italy,1,1,1
AV,Colombia,,0,1,0
VY,France,,0,2,0
SK,United Kingdom,Norway,1,0,1
AF,Italy,Germany,1,2,1
W6,Italy,Republic of Macedonia,14,9,14
AY,Finland,Italy,5,2,5
AF,Italy,Australia,0,11,0
BY,Spain,United Kingdom,0,2,0
W6,Italy,Jamaica,0,1,0
KL,Italy,Nicaragua,0,1,0
EN,Italy,Bulgaria,0,1,0
GQ,Greece,,0,1,0
TK,Nigeria,Italy,0,1,0
BR,Italy,China,0,1,0
OZ,Australia,Italy,0,1,0
LH,Italy,Indonesia,0,1,0
DE,Italy,Canada,4,0,4
EK,Italy,India,4,0,4
W6,Israel,Poland,1,0,1
UX,Brazil,Italy,0,5,0
OS,Italy,,0,6,0
VJ,Australia,Vietnam,0,1,0
KE,Czech Republic,South Korea,1,0,1
CM,Jamaica,Dominican Republic,0,3,0
UX,Bolivia,Italy,0,1,0
EY,Israel,Thailand,3,0,3
DE,Italy,Dominican Republic,6,0,6
BA,United Arab Emirates,Italy,3,1,3
AF,France,Mexico,0,5,0
GF,Italy,Philippines,0,2,0
BA,Italy,Cayman Islands,0,1,0
EY,Japan,Italy,3,1,3
PU,Spain,Colombia,0,1,0
OS,Austria,Romania,1,0,1
TK,Italy,Bangladesh,0,3,0
AF,Belgium,United States,0,1,0
AA,United States,Bermuda,1,0,1
TK,Germany,Israel,0,1,0
FR,Italy,Namibia,0,2,0
JQ,South Korea,Australia,1,0,1
AA,Italy,Mexico,3,0,3
W6,Italy,Sweden,4,8,4
OS,Italy,Romania,5,3,5
G9,Italy,Indonesia,0,1,0
VY,Italy,United States,4,7,4
JU,Italy,Bosnia and Herzegovina,4,2,4
KL,Italy,France,3,3,3
CM,Peru,Dominican Republic,0,2,0
OG,United Kingdom,Iceland,1,0,1
BA,Italy,Spain,2,0,2
F3,Egypt,Saudi Arabia,0,1,0
AF,Italy,Ecuador,0,3,0
TK,Slovenia,India,0,2,0
AF,Brazil,Spain,3,0,3
AK,Indonesia,Italy,0,1,0
AZ,Israel,Italy,0,3,0
TK,India,Italy,1,0,1
OS,Italy,Estonia,0,1,0
W6,Greece,Italy,50,19,50
LH,Italy,Iceland,10,3,10
VY,Italy,Uruguay,1,0,1
OG,Iceland,Sweden,1,0,1
EY,United Arab Emirates,Italy,8,0,8
TR,Japan,Spain,0,5,0
U2,Iceland,Italy,3,0,3
NK,Colombia,Poland,0,1,0
FI,Germany,Iceland,0,2,0
W6,Italy,Dominican Republic,0,3,0
DO,United States,Venezuela,0,1,0
W6,Italy,Georgia,1,0,1
TX,France,Martinique,0,2,0
K6,Cambodia,Vietnam,0,1,0
DE,Italy,Mexico,11,0,11
XC,Germany,Turkey,0,4,0
LH,Italy,Cyprus,2,2,2
IZ,Italy,Israel,1,4,1
EN,Italy,Romania,0,1,0
TS,Canada,Italy,4,2,4
PC,Germany,Turkey,1,4,1
LX,Italy,Sweden,0,8,0
U2,Portugal,Portugal,14,0,14
BI,United Arab Emirates,Australia,0,1,0
RS,Japan,South Korea,0,3,0
QR,Italy,Tanzania,1,0,1
LG,Czech Republic,Luxembourg,0,1,0
AV,United States,United States,0,1,0
S4,Italy,Portugal,1,9,1
AZ,Italy,Germany,2,70,2
U2,Spain,United Kingdom,3,0,3
FR,Italy,Slovakia,27,14,27
U2,Spain,France,2,0,2
DE,Germany,Portugal,0,4,0
U2,Spain,Portugal,5,1,5
CA,Cambodia,Italy,0,7,0
UX,Argentina,Spain,1,0,1
KM,United Kingdom,Italy,0,1,0
W6,Italy,Cyprus,16,9,16
FR,Italy,Egypt,0,24,0
5W,United Arab Emirates,Maldives,8,3,8
ZB,Italy,Albania,0,41,0
AF,Italy,United Kingdom,3,0,3
BA,United States,France,3,0,3
TK,Iran,Italy,0,1,0
DY,Iceland,Italy,0,1,0
UI,Tanzania,Tanzania,0,1,0
QH,Vietnam,Vietnam,2,0,2
MF,China,Italy,0,1,0
EW,Greece,Italy,1,0,1
EK,Indonesia,Italy,2,1,2
EN,Germany,Italy,0,1,0
HV,Portugal,Israel,1,0,1
SK,Switzerland,Sweden,0,1,0
FR,United Kingdom,Italy,70,80,69
W6,Italy,Paraguay,0,4,0
FR,Spain,Portugal,2,5,2
TR,Thailand,Australia,0,1,0
IZ,Israel,Israel,0,1,0
XY,Egypt,Saudi Arabia,0,14,0
AZ,Italy,The Bahamas,0,5,0
PC,Cyprus,Turkey,0,1,0
IB,Ecuador,Italy,0,1,0
VY,Spain,Spain,71,29,70
KL,Italy,Mexico,4,11,4
W6,Morocco,Italy,10,5,10
KL,Italy,Aruba,6,7,6
LS,United Kingdom,Italy,7,7,7
AF,Switzerland,Morocco,0,3,0
W6,Republic of Macedonia,Italy,5,2,5
VS,France,United States,0,1,0
NZ,French Polynesia,New Zealand,0,1,0
PC,Lebanon,Turkey,1,0,1
UA,United States,Dominican Republic,1,0,1
XZ,Italy,Italy,745,64,738
DL,United States,United States,63,0,62
KL,Netherlands,Italy,11,2,11
TK,Italy,Kenya,3,5,3
FR,Hungary,Italy,29,16,29
W6,Israel,Italy,20,6,20
VY,Portugal,Netherlands,1,0,1
OS,Germany,United States,0,1,0
QF,Australia,Spain,1,0,1
G3,Brazil,Italy,0,5,0
SK,Denmark,United Kingdom,1,0,1
AC,Canada,Philippines,0,1,0
FR,Portugal,Italy,71,76,70
LH,Italy,Germany,143,221,142
BR,Indonesia,Italy,0,3,0
AZ,Italy,Chile,0,5,0
V7,France,,0,3,0
TB,Italy,Morocco,0,12,0
OS,Italy,Hungary,0,6,0
UA,Germany,United States,3,4,3
UA,France,,1,0,1
EK,Bangladesh,United Arab Emirates,0,3,0
VY,Italy,Chile,0,1,0
A3,Italy,Turkey,0,1,0
TK,Slovenia,Malaysia,1,0,1
6E,India,India,18,18,18
TS,Italy,Canada,53,32,52
KC,Turkey,Uzbekistan,1,1,1
AF,Mexico,Italy,1,4,1
LH,Italy,Turkey,3,2,3
OK,Czech Republic,France,0,1,0
QR,Qatar,United Arab Emirates,1,0,1
"",Colombia,Panama,0,1,0
AY,Italy,Australia,0,1,0
KU,Italy,Bangladesh,0,1,0
AV,Spain,,0,1,0
KL,Italy,Argentina,5,14,5
LH,Germany,Tunisia,1,0,1
LH,Italy,Mexico,0,13,0
D7,Japan,Thailand,0,1,0
TK,Cameroon,Iraq,1,0,1
HC,Senegal,Italy,0,2,0
W6,Greece,United Arab Emirates,0,1,0
DL,Italy,Mexico,1,0,1
"",Spain,Argentina,4,0,4
FZ,Slovenia,Sri Lanka,0,1,0
SV,Saudi Arabia,Egypt,0,1,0
UX,Spain,Paraguay,0,1,0
U2,Italy,Denmark,44,14,44
KQ,Italy,Kenya,5,21,5
AZ,Switzerland,Maldives,0,1,0
U2,Denmark,Italy,6,0,6
DY,Sweden,Italy,0,10,0
LX,Switzerland,Tunisia,0,1,0
CX,Vietnam,Italy,0,1,0
JQ,Australia,Japan,1,0,1
KL,Italy,Panama,0,1,0
W6,Italy,India,0,30,0
TK,Turkey,France,0,1,0
W6,Italy,Estonia,7,2,7
SQ,Italy,New Zealand,0,2,0
LO,Czech Republic,Japan,0,1,0
FR,Malta,Norway,0,1,0
VY,Czech Republic,Tunisia,0,1,0
H2,Chile,Chile,0,2,0
AT,Canada,Morocco,0,1,0
5W,United Arab Emirates,Austria,0,1,0
U2,Italy,Israel,26,17,26
EY,Italy,Cambodia,1,1,1
AA,Italy,United States,45,0,45
KU,Italy,Thailand,4,2,4
KE,Italy,New Zealand,3,2,3
CZ,Italy,,0,4,0
Y4,Peru,Mexico,0,1,0
HV,Italy,Tunisia,0,1,0
FR,Belgium,Morocco,0,1,0
KM,Italy,Australia,0,1,0
FR,Greece,Romania,1,0,1
AM,Brazil,Spain,0,1,0
TP,Brazil,Italy,5,77,5
GQ,Greece,Italy,4,22,4
OA,Greece,Greece,16,14,16
MF,Italy,China,0,8,0
FR,Belgium,Sweden,1,0,1
ID,Thailand,Indonesia,0,1,0
AC,Italy,,0,4,0
D7,Australia,India,0,2,0
FM,Hong Kong,China,0,1,0
FR,Hungary,Spain,0,3,0
U2,United Kingdom,Switzerland,0,1,0
PG,Thailand,Thailand,54,34,53
AF,France,France,1,5,1
U2,Egypt,Italy,18,1,18
QZ,Indonesia,Indonesia,0,13,0
JU,Slovenia,Serbia,3,0,3
GE*,South Africa,South Africa,3,1,3
FR,Germany,Portugal,2,1,2
TK,Italy,Azerbaijan,3,3,3
AV,Costa Rica,Guatemala,0,2,0
U2,Greece,Italy,129,8,128
U2,Italy,Malta,73,17,72
AT,Mauritania,,1,2,1
LG,Italy,Luxembourg,12,19,12
EN,Italy,,0,4,0
UA,France,United States,1,1,1
OS,Italy,Republic of Kosovo,0,2,0
TK,Italy,Cameroon,1,6,1
NH,United States,Japan,0,1,0
LX,Italy,Turks and Caicos Islands,0,1,0
EK,Vietnam,Italy,1,3,1
AZ,Malta,Italy,0,3,0
KL,Italy,Morocco,0,5,0
DE,Germany,United States,0,1,0
HV,France,Iceland,1,0,1
W6,Egypt,France,0,1,0
W6,Spain,Romania,1,0,1
LX,Italy,Vietnam,0,1,0
YS,Kenya,Tanzania,2,0,2
AV,Spain,Colombia,22,0,22
RC,France,Faroe Islands,0,1,0
LA,Peru,Brazil,0,1,0
AF,Sweden,United States,0,1,0
AZ,Argentina,Republic of Ireland,0,1,0
AT,Ivory Coast,Italy,0,2,0
AR,Brazil,Argentina,0,2,0
AI,India,Italy,0,2,0
OS,Italy,Czech Republic,1,2,1
FR,United Kingdom,Spain,5,5,5
MS,Italy,Rwanda,0,1,0
LO,Italy,Latvia,1,0,1
TK,Italy,Fiji,0,1,0
W6,Luxembourg,Italy,1,0,1
KL,Italy,Suriname,1,0,1
KL,Italy,Finland,0,3,0
JT,Indonesia,,0,1,0
OS,Italy,United States,1,5,1
AA,United States,Cuba,3,0,3
FR,Hungary,Germany,4,1,4
EW,Italy,Norway,0,1,0
A3,Germany,Israel,0,1,0
AI,India,,0,1,0
WY,Egypt,Pakistan,0,1,0
AZ,Italy,South Korea,1,10,1
FR,Republic of Ireland,United Kingdom,2,13,2
PC,Turkey,Spain,1,3,1
OS,Italy,Taiwan,0,1,0
EK,Thailand,Italy,7,2,7
AT,Italy,Ghana,0,7,0
W6,Italy,Republic of Kosovo,7,1,7
AA,The Bahamas,United States,2,0,2
KL,Italy,Denmark,4,1,4
LH,Italy,Panama,0,1,0
MF,Australia,,0,1,0
MH,Malaysia,Singapore,0,1,0
AY,France,United States,0,1,0
TP,Portugal,Italy,14,40,14
SK,Norway,Norway,6,16,6
TU,France,Tunisia,0,6,0
FZ,Tanzania,Italy,0,4,0
HU,China,Italy,0,1,0
TP,Italy,Cape Verde,4,21,4
KL,Switzerland,United States,0,24,0
ZG,Japan,South Korea,0,1,0
IB,Portugal,Argentina,4,0,4
SK,Sweden,United Kingdom,1,0,1
GQ,Greece,Cyprus,1,0,1
TK,Netherlands,Greece,1,0,1
LH,Germany,Austria,2,0,2
FR,Italy,Serbia,0,3,0
D7,Malaysia,Indonesia,0,9,0
JU,Italy,Greece,3,23,3
LA,Peru,Colombia,0,2,0
FR,Spain,United Kingdom,2,3,2
AV,Mexico,Peru,1,4,1
FR,Czech Republic,Hungary,0,3,0
VY,Argentina,Italy,1,4,1
EY,Austria,Thailand,1,0,1
AZ,Luxembourg,Italy,0,1,0
AM,Italy,Peru,0,2,0
KQ,Mauritius,Italy,0,3,0
IB,Finland,United States,0,1,0
TR,Singapore,,0,2,0
"",United States,Spain,1,0,1
V7,Greece,Greece,8,7,8
EK,Italy,Malaysia,9,2,9
SV,Italy,Bangladesh,0,6,0
VY,Israel,Spain,1,0,1
SK,Sweden,Sweden,0,3,0
A3,Italy,Georgia,0,3,0
BA,United States,Spain,2,0,2
CA,Italy,Thailand,0,8,0
AC,United States,United States,0,1,0
NO,Dominican Republic,Italy,2,2,2
BA,Turkey,United States,1,0,1
OS,Sweden,Italy,0,1,0
HO,China,China,0,1,0
CA,Italy,,0,20,0
HV,Netherlands,Greece,7,4,7
DL,Switzerland,United States,4,0,4
TK,Italy,Cambodia,0,2,0
OD,Thailand,Australia,0,1,0
AF,Italy,Malaysia,0,1,0
LO,Italy,Poland,5,12,5
AY,Sweden,Finland,1,0,1
NO,Italy,Greece,28,30,28
2W,Mexico,Italy,0,1,0
FR,Bulgaria,Italy,10,9,10
EI,Republic of Ireland,Belgium,0,1,0
TK,Italy,Ivory Coast,0,1,0
AZ,Italy,Western Sahara,0,1,0
SK,Finland,Italy,0,6,0
BC,Japan,Japan,1,1,1
FR,Poland,Austria,1,0,1
LH,Germany,Mexico,1,0,1
QR,Germany,Japan,2,0,2
SQ,Indonesia,Italy,0,10,0
FZ,Tanzania,United Arab Emirates,0,1,0
7P,Panama,Panama,0,3,0
"",Tanzania,Tanzania,1,2,1
SV,Saudi Arabia,Pakistan,1,0,1
OS,Italy,Egypt,16,25,16
XZ,Italy,Albania,96,8,95
FI,United Kingdom,Iceland,1,2,1
CX,Indonesia,Italy,1,8,1
SV,France,Philippines,0,1,0
QR,Italy,United Arab Emirates,5,4,5
KL,Norway,Italy,1,0,1
LO,Slovenia,Netherlands,1,0,1
W6,Georgia,Italy,1,4,1
W6,Italy,Japan,0,3,0
W6,Netherlands,Italy,3,1,3
MK,Mauritius,Indonesia,0,1,0
FR,Belgium,Albania,0,1,0
LO,United Kingdom,Poland,0,1,0
HY,Uzbekistan,Uzbekistan,0,4,0
PC,Italy,Turkey,83,96,82
LH,France,,0,5,0
KL,Germany,Italy,1,2,1
EY,Malaysia,Italy,4,2,4
AF,Argentina,Italy,0,5,0
AF,France,Costa Rica,1,0,1
WY,Turkey,Oman,1,0,1
W6,Italy,Czech Republic,117,143,116
W6,Saudi Arabia,Italy,2,7,2
XQ,Germany,Turkey,1,2,1
WY,Italy,Tanzania,0,11,0
VY,United Kingdom,Spain,1,0,1
BT,Lithuania,Italy,0,1,0
AZ,Italy,Jordan,1,5,1
EW,United Kingdom,Switzerland,0,3,0
W6,Italy,Malta,0,3,0
MF,Italy,Ecuador,0,1,0
WY,Oman,Oman,2,0,2
AF,Italy,Romania,0,1,0
"",Colombia,Italy,0,2,0
UJ,Egypt,Egypt,0,7,0
U4,Nepal,Nepal,0,2,0
EW,Germany,Spain,1,5,1
G9,Italy,Thailand,0,1,0
LG,Luxembourg,Italy,5,5,5
GF,Italy,Thailand,0,3,0
FR,France,France,0,4,0
TK,Italy,Vietnam,0,3,0
FR,Poland,Sweden,1,0,1
FJ,Japan,Fiji,1,1,1
TP,Morocco,United Kingdom,0,1,0
CM,Guatemala,Italy,0,1,0
KC,Uzbekistan,Kazakhstan,1,0,1
HV,France,Morocco,1,0,1
TP,Italy,Morocco,3,8,3
QR,Japan,Italy,1,1,1
HY,Uzbekistan,Kazakhstan,0,2,0
DX,Italy,,0,2,0
EK,China,Italy,1,0,1
IB,France,Italy,1,0,1
EW,United Kingdom,Italy,3,2,3
CA,Italy,Hong Kong,0,6,0
TU,Germany,Tunisia,0,3,0
TK,France,Saudi Arabia,0,2,0
U2,Italy,Iceland,26,16,26
W6,France,Poland,2,0,2
LO,Hungary,Poland,0,2,0
9U,Moldova,Italy,0,4,0
U2,Italy,Mexico,0,1,0
LX,Brazil,Italy,2,0,2
AI,Italy,Japan,0,2,0
LS,United Kingdom,Greece,1,0,1
AF,Italy,Singapore,0,1,0
V7,Italy,Spain,37,37,37
EK,India,Italy,0,4,0
FR,United Kingdom,Republic of Ireland,5,1,5
AH,Italy,Algeria,0,9,0
DE,Germany,Mexico,1,4,1
KL,United Kingdom,Italy,5,4,5
W6,Italy,Australia,0,5,0
FR,Italy,India,0,4,0
TP,Switzerland,Brazil,0,6,0
TK,United Kingdom,Georgia,2,0,2
EY,Italy,Australia,1,2,1
RO,Romania,,0,1,0
AY,Finland,Japan,1,0,1
A3,Serbia,Israel,0,1,0
CA,Thailand,Italy,0,17,0
AF,Italy,France,251,199,249
AZ,Brazil,Italy,4,11,4
LH,Germany,Finland,1,0,1
TK,Italy,Indonesia,25,36,25
LH,Germany,Spain,7,2,7
IB,Spain,El Salvador,0,1,0
W6,Romania,Albania,0,1,0
AH,Italy,Senegal,0,13,0
LX,Italy,Denmark,0,1,0
2W,Spain,Cuba,0,10,0
JA,Peru,Chile,0,2,0
UK,United Arab Emirates,Thailand,2,2,2
JU,Bosnia and Herzegovina,Italy,1,0,1
G8,India,India,0,1,0
DY,Sweden,Norway,0,1,0
FY,Singapore,Malaysia,1,0,1
5F,Italy,Moldova,0,8,0
EY,Italy,South Korea,9,18,9
KU,Italy,Philippines,5,14,5
NT,Spain,Spain,0,7,0
SQ,Italy,Australia,97,7,96
LO,Poland,Italy,5,3,5
W6,France,Hungary,3,4,3
VY,Spain,Belgium,2,0,2
2W,Dominican Republic,Italy,0,4,0
KU,India,United Kingdom,1,0,1
LO,Moldova,Canada,0,1,0
A3,Italy,Armenia,0,3,0
EW,Italy,Switzerland,0,1,0
NH,Japan,Japan,0,1,0
AR,Uruguay,Argentina,0,2,0
EK,United Arab Emirates,Indonesia,1,0,1
CX,Israel,,0,3,0
W6,Italy,Greece,263,412,260
V7,Italy,France,95,93,94
JZ,Peru,Peru,0,3,0
KL,Italy,Spain,19,15,19
EK,Italy,Kenya,2,3,2
HV,Germany,France,1,0,1
W6,Poland,Italy,6,13,6
FD,Thailand,Cambodia,0,18,0
U2,Italy,Indonesia,2,0,2
TR,Malaysia,Singapore,2,0,2
KM,Italy,Italy,0,4,0
QG,Indonesia,Indonesia,0,6,0
9U,Georgia,Moldova,0,2,0
FR,Netherlands,United Kingdom,0,1,0
IB,Switzerland,Peru,1,0,1
KM,Italy,,0,1,0
A3,Saudi Arabia,Italy,1,0,1
FR,Spain,Republic of Ireland,1,0,1
NZ,Australia,,0,1,0
FI,Netherlands,Iceland,1,0,1
EK,Italy,Thailand,57,17,56
VY,Croatia,Italy,1,1,1
CX,Vietnam,Spain,0,1,0
DE,United States,Italy,5,2,5
TP,Italy,Mozambique,0,2,0
LH,Sweden,Morocco,2,0,2
LX,Belgium,Italy,1,0,1
W6,Italy,United States,0,8,0
NO,Italy,Kenya,1,2,1
SK,Sweden,Denmark,4,3,4
LH,Italy,Finland,6,7,6
AZ,Spain,Italy,3,7,3
FR,France,Poland,1,0,1
6E,United Arab Emirates,Thailand,1,1,1
BA,Mexico,Italy,1,0,1
LH,Serbia,Italy,0,1,0
F3,United Arab Emirates,Italy,0,1,0
W6,Israel,,0,1,0
QR,Germany,India,0,1,0
QS,Egypt,Czech Republic,0,1,0
RJ,Jordan,Italy,1,1,1
PK,Pakistan,Slovenia,0,1,0
DL,Germany,United States,1,0,1
AZ,Morocco,Italy,0,2,0
W6,Italy,Saudi Arabia,38,19,38
UA,United States,United States,16,8,16
FR,Morocco,Spain,7,8,7
LH,Poland,Germany,1,0,1
OS,Italy,Poland,2,1,2
W6,Italy,Luxembourg,1,0,1
EW,Portugal,Germany,1,1,1
Z0,United Kingdom,,0,1,0
TR,Greece,Philippines,1,2,1
BA,United Kingdom,United Kingdom,2,0,2
SQ,Australia,Italy,15,4,15
AF,Italy,U.S. Virgin Islands,0,1,0
LH,Italy,Spain,24,5,24
LH,Austria,United States,1,3,1
LH,Germany,Greece,2,0,2
AZ,Italy,Seychelles,0,1,0
VY,Italy,India,0,1,0
OU,Italy,Croatia,0,4,0
BA,United Kingdom,Switzerland,0,3,0
F3,United Arab Emirates,Saudi Arabia,0,1,0
CM,Cuba,Costa Rica,1,0,1
KU,Italy,India,1,0,1
EK,Italy,Canada,0,2,0
ET,Italy,Ethiopia,4,2,4
W6,United Arab Emirates,Greece,0,1,0
V7,France,Belgium,1,0,1
RC,Denmark,Faroe Islands,0,1,0
KL,Italy,Curaçao,1,1,1
JU,Cyprus,Italy,0,1,0
BA,Italy,Jamaica,0,1,0
ZA,Cambodia,Italy,0,1,0
TP,Portugal,Switzerland,0,1,0
ID,Australia,Indonesia,0,3,0
PC,France,Turkey,1,0,1
IB,Italy,France,0,3,0
FR,Spain,Poland,2,1,2
SV,Italy,Thailand,12,42,12
EI,Republic of Ireland,France,0,4,0
W6,Azerbaijan,Hungary,1,0,1
UX,Dominican Republic,Italy,0,1,0
SV,Italy,Singapore,2,2,2
XZ,Italy,Sweden,0,1,0
AF,Italy,French Polynesia,0,1,0
KM,Portugal,Italy,0,3,0
U2,Portugal,Italy,68,16,67
W6,Spain,Italy,70,33,69
W6,Italy,United Kingdom,143,164,142
LA,Italy,Peru,1,9,1
JQ,Australia,Italy,0,1,0
QR,Singapore,Italy,3,7,3
KL,Italy,Cuba,4,3,4
Z8,Bolivia,Bolivia,0,1,0
UL,Sri Lanka,Thailand,0,2,0
VY,Netherlands,Denmark,2,0,2
KC,Kazakhstan,Kazakhstan,0,2,0
FR,Hungary,Bulgaria,0,1,0
QH,Germany,,0,1,0
AF,France,Guadeloupe,0,1,0
NO,Tanzania,Italy,3,0,3
WY,Italy,New Zealand,0,3,0
AF,United Kingdom,Italy,2,1,2
NT,Portugal,Spain,0,2,0
SK,Norway,Lithuania,2,0,2
AY,South Korea,Italy,1,5,1
AF,Italy,Thailand,1,2,1
PC,United Arab Emirates,Italy,1,3,1
LH,Italy,Maldives,0,1,0
AV,Spain,Costa Rica,1,0,1
TK,Senegal,Spain,1,0,1
JU,Italy,Egypt,0,19,0
FR,Portugal,France,1,1,1
PR,Thailand,United States,2,0,2
PC,Turkey,Turkey,0,3,0
CM,Colombia,Panama,4,1,4
GM,Switzerland,Spain,0,1,0
W9,Czech Republic,United Kingdom,1,0,1
LH,Republic of Ireland,Italy,2,0,2
LH,Italy,Greece,3,4,3
EY,United Kingdom,Japan,2,0,2
WY,India,Italy,0,2,0
LH,Italy,Kenya,7,0,7
QR,Italy,Zambia,0,5,0
SN,Czech Republic,Belgium,1,0,1
AA,Italy,Canada,1,0,1
VB,Mexico,United States,0,1,0
AZ,Albania,Italy,3,2,3
FZ,Italy,Tanzania,4,22,4
9U,Azerbaijan,Italy,0,2,0
I5,India,India,2,1,2
IB,Colombia,Italy,2,1,2
ME,Italy,Lebanon,1,6,1
LX,Italy,United Kingdom,2,0,2
ET,Argentina,Italy,2,2,2
VY,Italy,Cuba,0,2,0
LH,Austria,Brazil,0,2,0
ET,Italy,Switzerland,2,0,2
MM,Japan,South Korea,1,1,1
CX,United Arab Emirates,Vietnam,1,0,1
AZ,Argentina,Italy,9,22,9
XZ,Greece,Italy,34,3,34
HV,Netherlands,Italy,7,4,7
3O,Morocco,Morocco,2,0,2
2W,Cuba,Italy,0,5,0
LH,Italy,Malta,1,2,1
IB,Italy,Morocco,1,10,1
EW,Italy,Denmark,0,2,0
ET,Italy,Cameroon,2,0,2
QR,Singapore,Switzerland,1,0,1
BT,France,,0,3,0
W6,Italy,Malaysia,0,1,0
EK,United Arab Emirates,Italy,1,0,1
AH,Algeria,Italy,0,2,0
VY,Italy,Senegal,0,1,0
VJ,Vietnam,Vietnam,0,27,0
BY,Italy,United Kingdom,4,1,4
NO,Maldives,Italy,2,2,2
BY,United Kingdom,Spain,2,0,2
OS,Greece,Italy,1,0,1
JL,Japan,Japan,2,1,2
XY,Saudi Arabia,Egypt,0,1,0
LH,Germany,United Kingdom,1,1,1
BA,Brazil,,1,0,1
LG,Luxembourg,,0,1,0
VY,Spain,Malta,0,1,0
TU,Tunisia,Turkey,0,3,0
CY,Italy,Cyprus,10,22,10
AI,Italy,Thailand,0,21,0
BA,Italy,Mexico,11,32,11
LX,Italy,Japan,6,12,6
EK,Italy,Philippines,3,4,3
SN,Belgium,United Kingdom,1,0,1
QZ,Thailand,Indonesia,0,1,0
U2,France,Netherlands,3,0,3
LH,Italy,Costa Rica,0,6,0
AY,Norway,Italy,2,0,2
AY,Italy,Jamaica,0,1,0
OR,Netherlands,Mexico,1,0,1
JQ,Malaysia,Singapore,4,3,4
EK,Italy,United Arab Emirates,49,48,49
FZ,Italy,Nepal,0,2,0
AR,Argentina,Chile,0,2,0
AZ,Italy,Saudi Arabia,0,5,0
VS,United Kingdom,Brazil,0,1,0
6H,Israel,Italy,0,2,0
IB,Spain,Netherlands,1,0,1
EK,Italy,China,2,9,2
SK,Norway,Germany,2,0,2
OS,Italy,Bosnia and Herzegovina,2,1,2
OD,Thailand,Malaysia,0,2,0
SQ,Singapore,Thailand,1,0,1
VS,United Kingdom,Israel,0,1,0
AC,Canada,Egypt,0,1,0
LH,Germany,Italy,37,45,37
AV,Colombia,Colombia,3,26,3
W6,Italy,Croatia,0,13,0
CY,Italy,Lebanon,0,1,0
5J,Philippines,Philippines,3,10,3
UX,Italy,,0,2,0
MH,Singapore,Malaysia,1,2,1
W6,Hungary,Poland,0,1,0
KE,Singapore,Switzerland,1,0,1
LX,Italy,United Arab Emirates,2,1,2
PC,Egypt,Netherlands,0,2,0
XZ,Italy,Denmark,0,3,0
IZ,Israel,Italy,0,1,0
TP,France,Cape Verde,1,0,1
W6,Belgium,Albania,0,1,0
PM,Spain,Spain,2,4,2
UX,France,Spain,2,0,2
IB,Italy,Guatemala,1,0,1
V7,Italy,Cyprus,0,2,0
AT,Cameroon,Albania,0,1,0
WN,United States,,0,1,0
MU,Italy,Philippines,0,4,0
5J,South Korea,Philippines,1,0,1
HY,Azerbaijan,Uzbekistan,0,1,0
OS,Republic of Macedonia,Bulgaria,0,1,0
T7,Italy,United Kingdom,0,1,0
3O,Morocco,Italy,28,16,28
SQ,Switzerland,Indonesia,2,1,2
IB,Italy,Argentina,22,9,22
LH,Italy,China,0,4,0
WY,Tanzania,Italy,0,6,0
FR,Italy,Republic of Macedonia,0,4,0
VS,Germany,United States,0,2,0
LH,Thailand,Italy,1,1,1
LH,France,China,0,1,0
OS,Italy,Albania,0,1,0
FR,Greece,Sweden,1,0,1
FR,Czech Republic,Belgium,1,0,1
UX,Italy,Mexico,7,20,7
G9,Italy,Sri Lanka,21,36,21
U2,Italy,Republic of Ireland,0,4,0
KM,Italy,Greece,0,12,0
LH,Italy,Oman,0,4,0
DY,Denmark,Netherlands,0,2,0
AZ,Italy,Malta,8,27,8
FI,Italy,Iceland,7,20,7
TK,Spain,Italy,1,0,1
TK,Italy,Peru,0,1,0
BR,Italy,Japan,0,11,0
DL,United States,Japan,1,0,1
TP,Mexico,Italy,0,1,0
KM,Germany,Malta,0,1,0
FR,Italy,Chile,0,1,0
W9,Italy,United Kingdom,11,5,11
W6,Italy,,0,86,0
SK,Norway,Italy,2,9,2
TK,Italy,Uzbekistan,3,16,3
FR,Italy,Taiwan,0,2,0
KM,Malta,France,0,1,0
PU,Peru,Spain,0,2,0
QR,Italy,Uganda,2,0,2
6Y,Italy,Germany,0,1,0
AY,France,Finland,1,0,1
TU,Spain,Libya,0,1,0
EW,Denmark,Germany,0,2,0
LX,Switzerland,Belgium,2,2,2
LH,Netherlands,Italy,0,4,0
IB,Portugal,France,0,1,0
CA,Australia,Italy,0,1,0
BA,United States,Italy,32,2,32
QR,Italy,New Zealand,2,1,2
SQ,Spain,Italy,1,0,1
FR,United Kingdom,Finland,1,1,1
V7,Italy,Norway,0,1,0
WF,Italy,Norway,0,1,0
LO,Italy,Estonia,0,1,0
BQ,Italy,Germany,1,0,1
WF,Norway,Italy,0,1,0
LH,Mexico,Italy,0,1,0
FR,Netherlands,France,1,1,1
EY,Italy,Malaysia,13,45,13
A3,Greece,Sweden,0,7,0
EY,United Arab Emirates,Thailand,2,0,2
KL,Spain,Argentina,1,0,1
LX,Italy,Brazil,3,5,3
BG,Bangladesh,Thailand,0,3,0
H4,Romania,Israel,0,1,0
SQ,Bangladesh,Fiji,0,1,0
LH,Italy,Republic of Ireland,4,2,4
CI,Germany,Japan,1,0,1
LH,France,Czech Republic,0,2,0
FR,Republic of Ireland,Hungary,0,1,0
FR,Republic of Ireland,Malta,4,0,4
TK,Nigeria,United Kingdom,0,1,0
TK,United States,Albania,0,5,0
AF,Italy,Martinique,6,4,6
KL,Spain,Italy,4,1,4
EI,France,United States,1,0,1
W6,Germany,Republic of Macedonia,2,1,2
TK,United Kingdom,Lebanon,0,2,0
KC,Turkey,Kazakhstan,0,3,0
VJ,Vietnam,Thailand,0,2,0
UK,Thailand,United Arab Emirates,0,2,0
"",Argentina,Italy,3,0,3
VY,Spain,,0,1,0
KE,Italy,Australia,0,1,0
KL,South Korea,Italy,0,1,0
G9,Italy,India,30,48,30
XZ,Italy,Greece,214,29,212
BA,Italy,Australia,2,3,2
LA,Argentina,Chile,0,10,0
LX,Italy,Australia,0,4,0
"",Serbia,Montenegro,0,3,0
MM,Japan,Japan,0,5,0
QR,Italy,Kenya,0,4,0
JU,Italy,Montenegro,0,2,0
EK,Italy,Singapore,3,0,3
UX,Spain,Portugal,0,4,0
KL,Italy,The Bahamas,0,1,0
OV,Thailand,Turkey,0,2,0
UL,Italy,Sri Lanka,0,2,0
7C,Japan,Philippines,0,2,0
AM,Mexico,Mexico,0,15,0
QR,Italy,Australia,5,10,5
IB,Spain,Mexico,4,0,4
LH,Italy,El Salvador,0,3,0
W6,Italy,Canada,0,5,0
WJ,Argentina,Argentina,0,3,0
TK,Italy,Mongolia,3,1,3
TK,Italy,Saudi Arabia,2,0,2
EW,Germany,Sweden,1,1,1
VY,Italy,The Gambia,1,1,1
W6,Romania,Spain,0,1,0
DD,Thailand,,0,7,0
LX,Morocco,Switzerland,1,0,1
SQ,Italy,Malaysia,1,0,1
TK,Cameroon,,0,2,0
UX,Colombia,Italy,1,1,1
NK,United States,Italy,0,1,0
TG,Thailand,Denmark,0,1,0
FD,Cambodia,Thailand,0,2,0
TK,Cameroon,Italy,0,1,0
UX,Portugal,Italy,0,1,0
FR,Romania,Cyprus,1,0,1
TK,Italy,Venezuela,1,5,1
LX,Singapore,Switzerland,1,0,1
DY,France,Sweden,0,3,0
AZ,Greece,Italy,1,18,1
NO,Mexico,Italy,2,5,2
CM,Panama,Canada,0,1,0
OS,France,Austria,1,0,1
TP,Italy,Argentina,0,2,0
XY,Pakistan,,0,2,0
LH,Italy,Switzerland,1,0,1
TK,Ivory Coast,Italy,0,1,0
MS,Lebanon,Italy,0,1,0
SK,Sweden,Italy,6,17,6
SQ,Australia,United Kingdom,2,0,2
OS,Serbia,Israel,0,1,0
W6,Italy,Serbia,8,7,8
LX,Italy,Cape Verde,0,1,0
TK,Italy,Jordan,9,3,9
AT,Italy,Nigeria,1,6,1
SN,Italy,Denmark,0,3,0
OB,Bolivia,Bolivia,0,1,0
TK,Italy,New Zealand,0,1,0
OV,United Arab Emirates,Oman,1,0,1
LH,United Kingdom,Germany,1,0,1
SN,Italy,Cuba,0,1,0
JQ,Indonesia,Australia,3,1,3
NO,Italy,Cuba,17,13,17
BF,France,French Polynesia,0,3,0
HV,France,Denmark,0,2,0
AH,Algeria,France,0,2,0
U2,Italy,Saudi Arabia,0,2,0
QF,United States,United States,0,1,0
SN,Italy,United States,1,7,1
V7,France,Algeria,1,2,1
UA,Italy,Mexico,2,1,2
KM,Italy,Spain,0,1,0
LA,Brazil,Italy,14,43,14
LX,Belgium,Switzerland,1,0,1
LH,Italy,Argentina,9,15,9
PC,Italy,Israel,0,1,0
LH,Austria,Germany,2,1,2
KL,Malta,Argentina,0,1,0
A3,Armenia,Greece,1,0,1
DY,Norway,,0,1,0
W6,Austria,Jordan,1,0,1
LH,Belgium,Mexico,0,1,0
LH,Greece,Morocco,1,0,1
PC,Italy,Georgia,3,2,3
SK,Iceland,Netherlands,2,0,2
AF,Italy,Morocco,2,2,2
ET,Italy,Kenya,7,4,7
LH,Croatia,Italy,1,0,1
AF,Switzerland,United States,0,2,0
DE,Dominican Republic,Italy,4,0,4
SQ,Cambodia,,0,1,0
KU,Germany,Saudi Arabia,1,1,1
KM,Italy,Poland,0,1,0
W6,Italy,Cuba,0,2,0
A3,Greece,Greece,21,17,21
QR,Italy,Seychelles,2,5,2
CA,Italy,China,7,44,7
CA,Italy,Japan,0,61,0
ET,Tanzania,Italy,3,0,3
BT,Italy,Norway,0,1,0
BR,Cambodia,Italy,0,1,0
LH,Italy,Italy,0,1,0
DY,Sweden,Finland,0,5,0
DY,France,Denmark,0,2,0
AZ,Italy,Singapore,0,5,0
BA,Dominican Republic,United States,0,1,0
CI,Indonesia,Italy,0,4,0
AZ,Italy,Taiwan,0,2,0
BS,Bangladesh,Italy,0,1,0
CZ,Italy,China,2,5,2
BA,United States,Cuba,0,2,0
EK,Switzerland,Japan,1,0,1
LH,Switzerland,South Africa,1,0,1
MF,Australia,South Korea,0,1,0
AK,Malaysia,Italy,0,1,0
LH,Italy,Romania,0,2,0
JU,Italy,,0,7,0
MS,Italy,China,0,3,0
U2,Germany,United Kingdom,5,0,5
TK,Italy,Pakistan,2,0,2
W6,Lithuania,Italy,1,1,1
KL,Italy,Japan,4,3,4
VY,Egypt,Italy,0,1,0
SV,Saudi Arabia,Thailand,0,2,0
B6,Italy,United States,0,10,0
UA,Italy,,13,16,13
EY,Spain,Philippines,1,0,1
GF,Italy,Maldives,0,6,0
FR,Spain,Germany,3,7,3
AI,Italy,Nepal,0,2,0
FR,Poland,Republic of Ireland,1,0,1
HV,France,Portugal,1,0,1
VY,Senegal,Spain,0,1,0
IU,Indonesia,Singapore,0,2,0
HV,Spain,France,0,1,0
BA,Malaysia,United Kingdom,2,0,2
FR,Bulgaria,Croatia,3,0,3
UA,Italy,El Salvador,0,2,0
DE,Italy,Cuba,3,0,3
U2,Netherlands,,0,1,0
AC,United Kingdom,Canada,1,0,1
FZ,Turkey,United Arab Emirates,0,1,0
I2,Spain,Israel,1,0,1
LH,Germany,Brazil,1,0,1
HV,Spain,Netherlands,1,0,1
U2,France,Greece,1,0,1
W6,Hungary,Czech Republic,0,1,0
QR,Jordan,Oman,1,0,1
U2,Italy,Réunion,0,1,0
ET,Italy,Seychelles,11,15,11
TK,Italy,Japan,5,12,5
W6,Italy,Lithuania,2,5,2
LO,Romania,Luxembourg,0,1,0
CI,Italy,Philippines,0,3,0
OS,Italy,China,0,4,0
UK,India,Maldives,0,1,0
BR,Italy,Taiwan,0,4,0
SK,Italy,Estonia,1,0,1
QR,Philippines,Italy,1,0,1
A3,Italy,Cyprus,2,20,2
TG,Thailand,Italy,0,2,0
FY,Malaysia,Malaysia,6,3,6
LO,Poland,United States,0,10,0
LA,Italy,Chile,2,15,2
AD,Brazil,Italy,0,6,0
MK,Italy,Mauritius,12,4,12
AY,Italy,Estonia,2,1,2
AZ,United Kingdom,Italy,3,6,3
UA,Mexico,Italy,3,3,3
SV,Pakistan,Saudi Arabia,0,1,0
TP,Canada,Italy,1,0,1
SQ,Singapore,Italy,0,1,0
U2,Spain,Sweden,0,1,0
CA,Denmark,China,2,0,2
EW,Sweden,Italy,13,4,13
BF,France,United States,5,0,5
BQ,Italy,Italy,1,0,1
TK,Italy,India,2,2,2
OG,Republic of Ireland,United States,0,1,0
OG,Italy,,0,4,0
PD,Canada,United States,3,1,3
TK,Italy,China,0,3,0
CX,Italy,Indonesia,3,7,3
FR,Spain,Morocco,7,3,7
AK,Thailand,Malaysia,0,1,0
LH,Italy,Hong Kong,0,1,0
AT,Morocco,Portugal,0,1,0
MH,Indonesia,Italy,0,3,0
TK,Switzerland,Turkey,0,1,0
W6,Czech Republic,Italy,16,4,16
KL,Italy,Ecuador,2,19,2
SK,Italy,Canada,2,17,2
VY,Portugal,Spain,3,7,3
5Z,Botswana,South Africa,0,3,0
FR,Italy,Ecuador,0,4,0
FR,Italy,Cuba,0,4,0
W6,Hungary,Turkey,1,1,1
IB,Spain,Colombia,0,2,0
LH,Italy,Philippines,0,1,0
TK,Vietnam,Italy,0,3,0
KL,Italy,Iceland,1,8,1
TU,Tunisia,Germany,0,1,0
E9,Cuba,Spain,2,3,2
5W,Uzbekistan,United Arab Emirates,1,1,1
TK,Netherlands,Iran,1,0,1
SQ,Maldives,Philippines,1,0,1
AH,Italy,United Arab Emirates,0,1,0
F3,Saudi Arabia,Egypt,0,1,0
FR,Morocco,Italy,57,62,56
TK,Italy,Eritrea,0,1,0
IB,Spain,Switzerland,0,2,0
U2,Netherlands,Spain,3,0,3
MU,Italy,Indonesia,0,1,0
FR,Belgium,Austria,0,3,0
LH,Italy,Chile,0,1,0
EY,Spain,Pakistan,1,0,1
OS,Germany,Greece,0,1,0
GF,Italy,Sri Lanka,0,1,0
FR,Bulgaria,Romania,1,0,1
TK,Turkey,Kuwait,0,1,0
MH,Malaysia,,0,2,0
W6,Germany,Italy,7,11,7
IB,Italy,Chile,4,8,4
OG,United States,United Kingdom,0,2,0
EY,Saudi Arabia,India,1,0,1
LG,Italy,Spain,0,2,0
WY,Switzerland,,0,2,0
W6,Albania,France,1,1,1
DY,Finland,Albania,0,1,0
WE,Thailand,Italy,0,1,0
GF,Italy,India,0,1,0
W6,Greece,Cyprus,2,2,2
GM,Switzerland,Egypt,0,1,0
LH,Germany,United States,3,11,3
LA,Peru,Italy,1,8,1
QR,Italy,Nepal,2,2,2
FR,Belgium,United Kingdom,1,0,1
EK,Singapore,Italy,1,1,1
B6,United States,Mexico,0,1,0
IB,Spain,Greece,1,0,1
FR,Belgium,,0,1,0
XZ,Italy,Spain,0,1,0
OS,Italy,Mauritius,2,1,2
VY,Italy,Argentina,4,11,4
LX,Germany,Italy,1,2,1
SK,Denmark,Italy,2,10,2
LO,Poland,Germany,0,3,0
OS,United States,Austria,1,0,1
AR,Italy,,0,1,0
FR,Austria,Serbia,1,0,1
LX,Italy,Spain,12,2,12
2B,Albania,Italy,0,9,0
AF,Italy,South Africa,7,5,7
WY,Italy,Australia,0,3,0
LH,Italy,Aruba,0,4,0
W6,Italy,Indonesia,0,3,0
AK,Malaysia,Vietnam,0,3,0
2W,Cuba,Spain,0,1,0
AF,Ecuador,Italy,0,2,0
VY,Italy,Réunion,0,2,0
V7,Italy,Greece,424,441,420
AH,Italy,Ivory Coast,0,1,0
AF,Italy,Netherlands,2,0,2
3F,Turkey,,0,1,0
SQ,Italy,Vietnam,2,4,2
HV,France,,0,1,0
JQ,Singapore,Indonesia,1,1,1
QR,Italy,Myanmar,0,4,0
LA,Peru,Ecuador,1,0,1
TR,Thailand,Germany,0,1,0
OG,Netherlands,Iceland,2,0,2
BA,Mexico,Germany,1,0,1
LX,Italy,Iceland,10,5,10
LO,Luxembourg,Lithuania,4,0,4
LH,Germany,Netherlands,1,1,1
LO,Estonia,Italy,1,0,1
AF,Netherlands,Mexico,2,0,2
KL,France,Mexico,0,1,0
BA,Belgium,United Kingdom,1,0,1
AR,Spain,,0,1,0
AZ,Spain,Japan,0,1,0
ET,Italy,Mozambique,0,1,0
W6,Egypt,Italy,36,12,36
LX,Italy,Mauritius,5,0,5
LX,Italy,France,4,4,4
ET,South Africa,Italy,0,1,0
S4,France,Portugal,0,1,0
CM,Mexico,Colombia,0,1,0
VY,Republic of Ireland,France,0,2,0
BA,Italy,China,0,1,0
BA,Netherlands,,0,1,0
AI,United Arab Emirates,India,0,1,0
FR,Austria,Sweden,1,0,1
DL,Italy,Dominican Republic,1,0,1
LH,Italy,Tanzania,1,1,1
DL,Italy,Jamaica,1,0,1
TG,India,Thailand,0,1,0
AF,Slovenia,United States,0,1,0
HV,Armenia,France,1,0,1
AY,Denmark,Italy,1,0,1
EW,Italy,Spain,0,8,0
AA,Italy,,10,0,10
FR,Finland,Italy,0,17,0
KQ,Italy,,0,9,0
BJ,France,Tunisia,0,4,0
GF,Thailand,Germany,0,5,0
U2,Germany,France,2,0,2
X3,Spain,Germany,0,1,0
AF,Italy,Brazil,11,24,11
SQ,Italy,Singapore,5,4,5
FR,Sweden,Italy,4,23,4
AT,Italy,Senegal,6,13,6
OS,Italy,Jordan,1,0,1
LO,Italy,Armenia,2,2,2
UA,United States,Mexico,1,0,1
KM,Switzerland,Malta,0,1,0
CM,Brazil,United States,0,1,0
SQ,Cambodia,Italy,0,1,0
LH,Italy,Luxembourg,0,1,0
FR,Italy,Croatia,99,193,98
MS,Italy,Tanzania,0,14,0
I2,Spain,Spain,20,0,20
LH,Italy,Austria,2,5,2
SQ,Germany,United States,2,0,2
EK,United States,Italy,4,1,4
XQ,Italy,United Arab Emirates,0,1,0
V7,Spain,Portugal,1,0,1
V7,Greece,Italy,55,19,54
MS,Italy,,0,8,0
RJ,Italy,Jordan,2,11,2
U2,Italy,Luxembourg,14,0,14
LA,Colombia,Italy,0,2,0
LH,Germany,Canada,0,1,0
A3,Italy,Philippines,0,2,0
LH,Germany,Republic of Ireland,1,1,1
LH,Canada,Italy,1,1,1
LX,Italy,Norway,1,1,1
W6,Italy,Republic of Ireland,0,2,0
AF,France,Czech Republic,0,5,0
TR,Malaysia,Greece,0,1,0
OS,Romania,Albania,0,1,0
AZ,Italy,Sweden,0,1,0
FR,Italy,Sri Lanka,0,1,0
BA,Italy,Brazil,2,3,2
BA,Italy,Hong Kong,1,3,1
IB,Italy,Ecuador,8,4,8
FR,Latvia,Italy,0,1,0
VZ,Thailand,Thailand,0,36,0
ET,Italy,Tanzania,15,11,15
LX,Switzerland,Czech Republic,0,3,0
CM,Nicaragua,Italy,0,1,0
LX,Italy,Slovenia,2,0,2
BA,France,United States,3,1,3
BR,Germany,Philippines,0,2,0
HV,France,Austria,1,0,1
VY,France,Czech Republic,1,0,1
IU,Indonesia,Indonesia,0,29,0
W6,United Arab Emirates,Maldives,0,2,0
AM,United States,Mexico,0,7,0
AF,Italy,Costa Rica,5,9,5
B6,United States,Dominican Republic,0,5,0
SN,Germany,Senegal,1,0,1
EI,Republic of Ireland,Italy,2,3,2
TW,Japan,South Korea,1,3,1
BA,United Kingdom,,2,0,2
SA,South Africa,Zimbabwe,0,1,0
AF,Italy,Portugal,2,3,2
AF,Sweden,Italy,3,0,3
EW,Spain,Italy,1,1,1
JU,Italy,Republic of Macedonia,1,0,1
OS,Austria,Egypt,2,1,2
LH,Netherlands,Germany,0,1,0
U2,Czech Republic,Italy,7,0,7
W6,United Kingdom,Hungary,1,0,1
BF,United States,France,1,0,1
AA,Japan,United States,1,0,1
LO,Poland,Poland,2,0,2
AT,Italy,The Gambia,0,2,0
LX,Republic of Kosovo,Italy,0,1,0
NO,Cuba,Italy,4,0,4
MU,Singapore,China,0,1,0
FR,Belgium,France,3,0,3
UL,United Arab Emirates,Sri Lanka,2,1,2
LH,Greece,Latvia,1,0,1
AD,Brazil,France,0,1,0
FY,Malaysia,Singapore,0,1,0
KQ,Italy,Democratic Republic of the Congo,0,1,0
U2,United Kingdom,Iceland,1,0,1
KU,Germany,Thailand,0,2,0
TK,Turkey,Iraq,2,3,2
KE,Italy,South Korea,12,9,12
SV,Italy,Australia,0,1,0
FR,United Kingdom,Hungary,1,0,1
FR,Belgium,Czech Republic,1,0,1
TK,Italy,South Africa,0,1,0
TR,Singapore,Italy,2,0,2
SM,Italy,,0,2,0
FR,Germany,Romania,0,1,0
PC,Italy,Lebanon,1,0,1
EK,Italy,Seychelles,12,11,12
LO,Norway,Poland,1,0,1
AC,Canada,United States,1,4,1
LH,Italy,Vietnam,0,3,0
FA,South Africa,Tanzania,0,2,0
OS,Italy,Sweden,0,2,0
FI,Switzerland,Iceland,2,0,2
EW,Netherlands,Germany,1,0,1
SV,Italy,Sudan,0,1,0
KL,Germany,Netherlands,1,0,1
6E,Italy,,0,1,0
KQ,Italy,Tanzania,0,9,0
EW,Italy,Sweden,17,12,17
DY,Denmark,Italy,0,20,0
FR,Italy,Mexico,0,10,0
OS,Germany,Italy,1,3,1
FR,Italy,Indonesia,0,8,0
SK,United States,,0,1,0
KQ,Tanzania,United Kingdom,1,0,1
AM,Mexico,Italy,0,7,0
AF,Italy,Benin,3,1,3
LH,Italy,South Africa,5,10,5
TG,Germany,Thailand,4,1,4
SV,Saudi Arabia,Saudi Arabia,0,1,0
OS,Austria,Thailand,0,2,0
AY,Italy,Finland,88,10,87
KL,Italy,Germany,2,5,2
VN,Vietnam,Italy,0,2,0
W2,Italy,Greece,0,8,0
AZ,Italy,Ecuador,0,4,0
KL,Netherlands,Romania,1,0,1
QZ,Indonesia,Mauritius,0,1,0
FR,Poland,,0,1,0
UX,Spain,Switzerland,0,1,0
EN,Italy,Sri Lanka,0,1,0
TU,Italy,Senegal,0,1,0
LX,Italy,Sri Lanka,0,1,0
JU,France,Albania,0,1,0
TK,Bulgaria,,0,1,0
BA,United Kingdom,United States,7,4,7
PK,Italy,Pakistan,2,0,2
AM,Italy,,0,3,0
RJ,Jordan,United Arab Emirates,0,1,0
JL,Germany,Japan,1,0,1
CZ,Italy,Philippines,0,1,0
QZ,Indonesia,Australia,0,2,0
BA,Qatar,United Kingdom,1,0,1
FR,Italy,,0,259,0
SV,Italy,Philippines,5,26,5
OS,Italy,Croatia,0,8,0
UX,Italy,Spain,4,32,4
U2,Italy,Switzerland,65,2,64
UL,Maldives,,0,1,0
W6,Germany,Albania,3,10,3
CX,Italy,Philippines,0,2,0
XQ,Italy,Turkey,5,0,5
LX,Luxembourg,United Arab Emirates,3,0,3
TK,Italy,Oman,0,7,0
SV,Italy,Pakistan,0,1,0
AF,United States,Italy,7,0,7
TP,Venezuela,Spain,0,1,0
BA,Switzerland,United States,1,3,1
Z2,Thailand,Philippines,0,2,0
LG,Germany,Italy,0,1,0
XQ,Turkey,Turkey,1,0,1
VJ,Indonesia,Italy,0,1,0
A3,Italy,Egypt,5,127,5
AZ,Italy,Maldives,0,5,0
FR,Germany,Croatia,1,2,1
5W,United Arab Emirates,Uzbekistan,1,0,1
FZ,Italy,Sri Lanka,2,3,2
VJ,Singapore,Vietnam,0,2,0
CI,Cambodia,Italy,0,3,0
A3,Greece,Switzerland,0,1,0
TR,Australia,Thailand,0,3,0
LA,Argentina,Portugal,0,1,0
9R,Colombia,Colombia,0,2,0
MS,Italy,Jordan,0,4,0
FR,Denmark,Italy,33,45,33
LO,Denmark,Luxembourg,0,2,0
Z0,United Kingdom,United States,8,5,8
U2,Italy,Cyprus,18,5,18
NO,Italy,Dominican Republic,14,1,14
JQ,Australia,Fiji,1,0,1
PR,Philippines,Italy,0,1,0
AY,Italy,Norway,2,2,2
OZ,Italy,Vietnam,0,1,0
EK,Czech Republic,United States,1,0,1
AP,Italy,Cape Verde,0,2,0
AT,Italy,Western Sahara,0,1,0
CI,Italy,Vietnam,0,1,0
WJ,Peru,Argentina,0,2,0
MS,Libya,Egypt,0,3,0
TP,Italy,Dominican Republic,0,1,0
VY,France,Portugal,3,3,3
AF,Italy,Italy,0,1,0
BZ,Israel,Italy,4,0,4
DY,United Kingdom,Norway,0,2,0
FR,Greece,Austria,2,0,2
AZ,Italy,Austria,0,2,0
VY,Italy,Lebanon,0,1,0
AV,Colombia,Spain,1,0,1
GQ,Greece,Greece,30,47,30
JT,Indonesia,Indonesia,0,35,0
UX,Italy,Dominican Republic,12,15,12
EW,Italy,,0,9,0
AZ,Italy,Cyprus,0,3,0
VY,Spain,Netherlands,5,0,5
VY,Greece,Italy,4,2,4
VY,Italy,Colombia,2,2,2
UA,Canada,Turks and Caicos Islands,1,0,1
AV,Argentina,United States,0,1,0
AZ,Italy,Uruguay,0,1,0
ET,Israel,Seychelles,1,0,1
HV,Portugal,Netherlands,2,0,2
A3,Serbia,Greece,0,1,0
OZ,Japan,South Korea,1,0,1
LH,Nigeria,Germany,0,1,0
BA,Italy,The Bahamas,1,0,1
XZ,Albania,France,0,1,0
FR,Germany,Bosnia and Herzegovina,0,1,0
LH,Norway,Italy,9,4,9
TK,France,Italy,0,2,0
W6,Italy,Norway,0,9,0
H8,United States,Peru,0,1,0
KL,Mexico,Italy,4,0,4
TR,Greece,Singapore,1,0,1
SV,United Arab Emirates,Thailand,0,1,0
U2,Italy,United Arab Emirates,0,2,0
NO,India,Italy,1,0,1
AF,Italy,Chile,4,1,4
LH,Italy,South Korea,18,15,18
AZ,Italy,Israel,8,9,8
AZ,Italy,Peru,0,20,0
FR,Germany,,0,3,0
JU,Israel,,0,1,0
FZ,Romania,United Arab Emirates,1,0,1
U2,Israel,Italy,2,0,2
W6,Sweden,Italy,0,1,0
AF,France,Greece,0,1,0
EK,Jordan,United Arab Emirates,1,0,1
LX,Switzerland,Denmark,0,2,0
A3,Greece,Denmark,0,1,0
LX,Netherlands,Italy,1,1,1
AY,Slovenia,Finland,1,0,1
BA,Italy,Singapore,1,0,1
FR,Republic of Ireland,Denmark,0,1,0
W6,Italy,Tunisia,0,1,0
H7,Moldova,Egypt,0,2,0
EW,Austria,United Kingdom,0,1,0
UX,Venezuela,Italy,2,0,2
TR,Indonesia,India,0,1,0
HM,Seychelles,Seychelles,0,2,0
OS,Italy,Ethiopia,1,0,1
U2,Germany,India,0,1,0
MH,India,Malaysia,1,0,1
PC,Kyrgyzstan,Germany,1,0,1
Q4,Cuba,Cuba,0,1,0
BA,United Kingdom,Italy,31,12,31
UX,Switzerland,Spain,0,2,0
EN,Italy,Canada,0,4,0
EI,United States,Italy,3,3,3
LH,Iceland,Belgium,0,1,0
OS,Bulgaria,France,1,0,1
HV,Morocco,Italy,0,1,0
LH,Germany,Norway,2,0,2
TK,Thailand,Italy,1,0,1
BA,United Kingdom,United Arab Emirates,0,1,0
KL,Netherlands,Indonesia,1,0,1
SV,Italy,Indonesia,1,0,1
TP,Italy,Senegal,4,15,4
VY,Italy,Morocco,0,13,0
AM,Italy,Colombia,0,9,0
IF,Turkey,Iraq,1,1,1
FR,Italy,Japan,0,3,0
AV,Ecuador,Italy,0,5,0
TK,Italy,South Korea,2,2,2
EK,India,Germany,1,0,1
LO,Germany,Poland,0,4,0
AK,Thailand,Italy,0,3,0
X1,Kenya,Kenya,0,2,0
AF,France,Netherlands,0,5,0
U2,Germany,Denmark,6,0,6
IB,Spain,United Kingdom,0,2,0
JU,Italy,Slovenia,0,1,0
DY,Denmark,Greece,0,2,0
AZ,Tunisia,Albania,0,1,0
AF,Italy,Republic of the Congo,1,0,1
SK,Italy,Germany,0,2,0
ZG,United States,Japan,2,0,2
DL,France,United States,2,0,2
3O,Spain,Morocco,1,1,1
TK,Albania,Turkey,0,1,0
TK,Mexico,France,1,0,1
LH,Latvia,Italy,0,1,0
AT,United States,Tunisia,0,2,0
FR,Italy,Pakistan,0,2,0
U2,Cyprus,Italy,3,0,3
TK,Italy,Iraq,0,2,0
SK,Norway,Sweden,0,2,0
EK,Philippines,Netherlands,1,0,1
OR,Aruba,Netherlands,1,0,1
MS,Italy,South Africa,0,5,0
PC,Italy,Cyprus,1,0,1
NP,Egypt,Italy,0,2,0
FZ,Bangladesh,Italy,0,1,0
DY,Norway,Poland,0,1,0
UX,Spain,Italy,4,9,4
U2,Switzerland,France,2,0,2
GF,Philippines,Italy,0,1,0
LX,Italy,Mozambique,0,1,0
D7,Indonesia,Malaysia,0,1,0
LH,Italy,Croatia,0,1,0
FR,Austria,Greece,1,0,1
W6,Italy,Romania,225,174,223
TP,Italy,Canada,1,2,1
FB,Bulgaria,Italy,0,2,0
FR,France,United Kingdom,0,3,0
TK,Turkey,,1,0,1
W6,Romania,United Kingdom,3,1,3
OS,Bosnia and Herzegovina,Italy,0,1,0
TK,Italy,Kazakhstan,1,1,1
W6,Austria,Spain,1,0,1
DY,Italy,United Kingdom,0,2,0
