carrier,origin_country,destination_country,clicks_travix,clicks_competitor,clicks_airlines
AZ,Italy,Italy,497,1295,492
FR,Italy,Italy,3593,6178,3557
FR,Italy,Morocco,150,330,149
W6,Italy,Italy,856,847,848
NO,Italy,Spain,1,34,1
FR,Italy,Spain,2279,4384,2256
LA,Italy,Brazil,16,73,16
W6,Italy,Egypt,229,209,227
IB,Italy,Spain,209,203,207
AZ,Italy,United States,171,892,169
BA,Italy,United States,226,595,224
SM,Italy,Egypt,40,252,40
AZ,Italy,,0,104,0
LH,Italy,United States,91,146,90
AZ,Morocco,Italy,8,25,8
AZ,Italy,Tunisia,4,46,4
EK,Italy,,0,13,0
AZ,Italy,Morocco,36,101,36
TK,Italy,,0,19,0
NO,Italy,Maldives,0,4,0
NO,Italy,United States,0,7,0
TU,Italy,Tunisia,0,66,0
W6,Italy,Jordan,60,34,59
KL,Italy,United States,71,248,70
EW,Germany,Italy,43,65,43
AC,Italy,Canada,4,59,4
QR,Italy,,0,14,0
BA,Italy,,26,66,26
LA,Colombia,Colombia,13,19,13
AT,Italy,Morocco,62,118,61
AZ,Italy,Spain,25,138,25
FR,Italy,United Kingdom,381,693,377
KM,Malta,Italy,0,36,0
AF,Italy,Dominican Republic,3,15,3
FR,Italy,Germany,219,338,217
G3,Brazil,Brazil,0,27,0
V7,Italy,Italy,566,536,560
LA,Brazil,Brazil,7,12,7
AS,United States,United States,0,21,0
UG,Tunisia,Italy,0,11,0
PW,Tanzania,Tanzania,0,6,0
AM,Italy,Mexico,0,48,0
KL,Italy,,13,32,13
LH,Italy,Mexico,2,9,2
W6,Italy,Albania,313,325,310
W6,Italy,United Arab Emirates,73,83,72
UX,Spain,Spain,12,15,12
LH,Italy,,0,41,0
AZ,United States,United States,0,1,0
LA,Peru,Peru,1,9,1
AZ,United States,Italy,9,16,9
UX,Italy,Spain,4,34,4
FR,Italy,Greece,888,1168,879
EK,Italy,Indonesia,74,9,73
LG,Luxembourg,Italy,2,2,2
I2,Italy,,0,0,0
TP,Italy,United States,16,24,16
FR,Italy,Romania,70,156,69
TU,Tunisia,Italy,0,23,0
BA,United States,United States,0,14,0
FR,Italy,Malta,339,546,336
FR,Spain,Italy,348,355,345
FR,Italy,Austria,169,274,167
LX,Italy,United States,17,56,17
TP,Italy,,0,20,0
LH,United States,United States,0,22,0
LG,Italy,Luxembourg,13,21,13
AT,Morocco,Italy,11,24,11
U2,France,Italy,165,46,163
FR,Italy,Belgium,173,261,171
PG,Thailand,Thailand,19,35,19
IB,Spain,Italy,61,19,60
QR,France,,0,1,0
TK,Kyrgyzstan,Italy,0,0,0
TK,Italy,Turkey,69,190,68
EK,India,Italy,7,3,7
LH,Italy,Brazil,14,19,14
AF,Italy,United States,79,150,78
FR,France,Italy,55,71,54
W6,Italy,Morocco,37,33,37
AZ,Italy,India,12,21,12
FR,Italy,Denmark,133,207,132
PR,Philippines,Thailand,0,2,0
LH,Germany,Italy,35,43,35
SQ,Japan,Indonesia,0,3,0
TK,Italy,United States,4,7,4
HY,Uzbekistan,Uzbekistan,0,0,0
MS,Egypt,Egypt,0,32,0
UX,Italy,Brazil,6,23,6
TK,Germany,India,0,1,0
AF,Italy,,2,15,2
FR,Italy,Croatia,63,132,62
W6,Italy,Romania,199,153,197
AZ,Egypt,Italy,0,5,0
BA,Chile,Italy,1,0,1
QV,Thailand,Laos,0,0,0
XK,Italy,,0,0,0
LX,Italy,Portugal,3,4,3
4Z,South Africa,Namibia,0,20,0
OD,Vietnam,Malaysia,0,0,0
IB,Italy,Brazil,0,1,0
TS,Italy,Canada,10,12,10
UK,India,India,2,4,2
EK,United States,Italy,1,0,1
TP,Portugal,Portugal,4,7,4
BA,Costa Rica,Switzerland,0,0,0
H8,Peru,United States,0,2,0
FR,Italy,Cyprus,21,46,21
NT,Spain,Spain,0,3,0
QR,Indonesia,Italy,8,2,8
VA,Australia,Australia,5,2,5
4Z,South Africa,South Africa,0,0,0
QR,Singapore,Italy,0,0,0
BR,Japan,Italy,0,3,0
KL,Italy,Dominican Republic,2,23,2
B6,France,United States,0,0,0
AZ,Tunisia,Italy,2,3,2
WY,Italy,Thailand,5,109,5
W6,United Arab Emirates,Italy,7,7,7
MH,Indonesia,Switzerland,0,0,0
LX,Italy,,0,12,0
V7,Italy,France,144,74,143
JU,Turkey,Italy,3,5,3
FB,Bulgaria,Bulgaria,0,0,0
QR,Australia,Italy,1,6,1
MH,Malaysia,Malaysia,3,8,3
FR,Portugal,Italy,58,57,57
EK,Italy,Singapore,17,2,17
MH,India,Indonesia,0,0,0
NP,Egypt,Egypt,0,4,0
QR,Italy,Pakistan,0,2,0
FR,Italy,Poland,80,146,79
UA,Italy,Canada,0,8,0
NO,Italy,Dominican Republic,0,9,0
W6,Italy,Greece,147,255,146
AR,Argentina,Argentina,0,3,0
BG,Bangladesh,Saudi Arabia,0,0,0
WY,Italy,,0,2,0
AZ,Italy,Egypt,5,46,5
EK,Slovenia,Indonesia,2,3,2
IB,Italy,Ecuador,8,5,8
FR,Italy,Netherlands,32,85,32
U2,Italy,France,937,132,928
EK,Italy,Australia,12,13,12
WS,Italy,Canada,7,14,7
PR,Philippines,Indonesia,0,0,0
IB,Italy,United States,16,111,16
LH,Italy,Costa Rica,0,2,0
GF,Italy,,0,0,0
LH,Luxembourg,Armenia,0,0,0
LH,Mexico,Italy,0,1,0
S4,Portugal,Portugal,2,1,2
AH,Italy,Senegal,0,0,0
AM,Mexico,Mexico,0,7,0
MH,Malaysia,Thailand,0,0,0
W6,Italy,Armenia,15,5,15
TP,Italy,Mexico,12,32,12
LH,Italy,South Africa,16,13,16
TK,Italy,Egypt,7,19,7
DY,Germany,Denmark,0,0,0
FR,Italy,Sweden,36,100,36
HC,Ivory Coast,Italy,0,3,0
ID,Indonesia,Italy,0,0,0
IB,Austria,Spain,11,7,11
SQ,China,,0,0,0
LH,Italy,Canada,4,24,4
AZ,Cyprus,United States,0,0,0
EY,Italy,Sri Lanka,0,3,0
LH,Italy,Paraguay,0,0,0
RO,Romania,Netherlands,0,1,0
AM,Netherlands,El Salvador,0,3,0
FR,Finland,Italy,1,5,1
FR,Spain,Spain,68,49,67
UA,Costa Rica,Germany,1,3,1
ET,Tanzania,Italy,4,0,4
BA,Jamaica,Italy,0,0,0
KE,Australia,Italy,0,1,0
IB,France,Italy,1,0,1
VS,United Kingdom,United States,5,6,5
V7,France,Italy,23,15,23
QR,Italy,India,5,4,5
LH,United Kingdom,Argentina,0,0,0
TS,Canada,Italy,0,0,0
EK,Thailand,,0,0,0
LH,Italy,Austria,0,4,0
KU,Italy,Kuwait,0,0,0
QR,Italy,Thailand,38,49,38
EK,Pakistan,Italy,0,2,0
5U,Guatemala,Guatemala,0,4,0
WY,Thailand,Saudi Arabia,0,0,0
1L,Italy,Germany,0,0,0
IB,Italy,Morocco,3,3,3
AZ,Italy,French Polynesia,0,1,0
OZ,United States,Thailand,0,0,0
AZ,Italy,Germany,9,44,9
IB,Morocco,Spain,1,1,1
KU,Italy,Thailand,5,1,5
LH,Italy,Maldives,0,2,0
CZ,China,Indonesia,0,0,0
AZ,Costa Rica,Switzerland,0,0,0
SQ,United Arab Emirates,Indonesia,0,0,0
W6,Italy,Bulgaria,33,57,33
U2,Italy,Denmark,26,6,26
FJ,Australia,,0,1,0
W6,Italy,Poland,33,46,33
SQ,Japan,Italy,1,1,1
AH,Senegal,Italy,0,5,0
TK,Argentina,Italy,0,0,0
AZ,Italy,France,35,123,35
AF,Panama,Italy,1,0,1
TK,Italy,Thailand,1,41,1
AZ,Netherlands,Italy,5,14,5
AZ,The Bahamas,United States,0,0,0
TP,United States,Italy,3,13,3
OS,Italy,Madagascar,0,0,0
LH,Spain,,0,0,0
LH,Norway,Germany,0,0,0
VA,Australia,Italy,1,0,1
QR,Republic of Ireland,Japan,0,0,0
EK,Philippines,Italy,3,4,3
WS,Canada,Italy,1,2,1
AI,India,India,0,3,0
SK,Italy,Faroe Islands,1,4,1
MH,Italy,Malaysia,0,22,0
EK,Thailand,Italy,5,6,5
IB,Spain,Dominican Republic,2,0,2
HC,Senegal,Senegal,0,1,0
LA,United States,Colombia,0,0,0
AZ,Italy,Japan,56,202,55
AZ,Italy,Israel,5,22,5
FR,Italy,Republic of Ireland,118,219,117
MU,Italy,Australia,0,1,0
TK,Italy,Maldives,5,4,5
EY,Italy,Indonesia,6,15,6
PU,Spain,Colombia,0,3,0
KU,Italy,Bangladesh,0,0,0
FR,Italy,France,350,690,347
EY,United Arab Emirates,India,0,0,0
BR,Italy,,0,2,0
KL,The Bahamas,Italy,0,0,0
TK,Bangladesh,Italy,0,0,0
AZ,Costa Rica,Germany,0,0,0
FR,Belgium,Italy,53,50,52
FR,Malta,Italy,33,40,33
QR,Italy,Philippines,0,7,0
NO,Italy,Senegal,0,14,0
SV,Switzerland,Malaysia,0,5,0
LH,Italy,France,20,15,20
W6,Hungary,Italy,30,10,30
U2,Italy,Italy,1472,148,1457
SK,Italy,Canada,5,12,5
W6,Italy,Spain,288,415,285
AZ,Switzerland,Italy,1,11,1
LO,Italy,Japan,0,49,0
LH,Sweden,Italy,4,2,4
TP,Italy,Brazil,42,114,42
ID,Thailand,Indonesia,0,1,0
RO,Romania,Romania,0,1,0
KM,Italy,Germany,0,6,0
IB,Peru,Italy,0,0,0
JL,Italy,,0,2,0
U2,Italy,Portugal,227,79,225
LH,Italy,Argentina,13,12,13
LX,Italy,Republic of Ireland,3,2,3
UX,Spain,Italy,7,13,7
CA,Italy,Philippines,0,4,0
UK,India,Thailand,0,1,0
AZ,Italy,Brazil,10,29,10
TK,Italy,Singapore,7,17,7
SK,Norway,Norway,3,3,3
W6,Italy,Hungary,138,116,137
UX,Italy,Bolivia,0,5,0
TG,Thailand,Indonesia,0,0,0
AZ,Switzerland,,0,0,0
EY,Kuwait,India,0,0,0
TP,Portugal,Italy,15,44,15
U2,Italy,United Kingdom,303,67,300
G3,Brazil,,0,4,0
HY,Italy,Uzbekistan,0,3,0
UA,Costa Rica,Switzerland,0,4,0
FR,Estonia,France,0,0,0
EY,United Arab Emirates,Pakistan,2,0,2
LH,Italy,Thailand,5,14,5
EK,Italy,Japan,14,7,14
LA,Brazil,Italy,7,55,7
TU,France,,0,0,0
MK,Sri Lanka,Mauritius,0,0,0
TK,Italy,Indonesia,12,31,12
AT,Italy,United States,1,2,1
IB,Spain,Costa Rica,0,1,0
LH,United States,Italy,5,6,5
IB,Spain,Spain,13,10,13
LX,Italy,France,4,8,4
AY,Slovenia,,0,0,0
EY,Italy,Thailand,9,24,9
AI,Italy,India,0,34,0
U2,Italy,Spain,922,160,913
TU,France,Tunisia,0,15,0
BA,Portugal,United States,2,0,2
FR,Italy,Czech Republic,103,195,102
AI,United Arab Emirates,India,0,0,0
QR,Turkey,,0,0,0
CI,Italy,Japan,0,23,0
EY,Italy,Maldives,4,14,4
SN,Italy,United Kingdom,0,1,0
BA,Mexico,Italy,0,0,0
LH,Italy,Nigeria,4,0,4
JU,Italy,Egypt,0,13,0
FR,Germany,Italy,54,126,53
PR,Philippines,Philippines,2,3,2
LH,Italy,Norway,16,10,16
W6,Italy,Republic of Macedonia,18,13,18
LA,Italy,Argentina,3,12,3
UX,Paraguay,,0,0,0
BA,Italy,Hong Kong,0,0,0
SK,Italy,Japan,0,10,0
TG,Thailand,Thailand,2,7,2
LH,Italy,Georgia,5,0,5
EY,Italy,Australia,1,6,1
AZ,Spain,India,0,1,0
JL,Japan,Japan,4,11,4
AY,Italy,United States,16,72,16
Z8,Bolivia,Italy,0,0,0
FR,United Kingdom,Italy,102,124,101
UK,India,Bangladesh,0,0,0
BA,United States,Mexico,0,5,0
LH,Italy,Oman,5,5,5
LH,Argentina,Italy,0,0,0
AT,Italy,,0,1,0
CY,Cyprus,Lebanon,1,1,1
RJ,Italy,Jordan,1,21,1
WE,Vietnam,Thailand,1,0,1
LH,Italy,Germany,106,172,105
EK,Sri Lanka,Maldives,0,0,0
KE,South Korea,,0,0,0
W6,Estonia,Italy,2,0,2
TK,Pakistan,Sweden,0,1,0
DE,United States,Italy,4,0,4
OS,Italy,Greece,8,5,8
TK,Germany,Italy,2,1,2
EK,Italy,Kenya,1,1,1
2S,Germany,Turkey,0,1,0
GF,United Kingdom,Maldives,0,1,0
VY,Netherlands,Portugal,1,1,1
FR,Malta,Greece,1,0,1
MH,Malaysia,Italy,0,11,0
QR,Italy,Vietnam,12,24,12
VY,France,Spain,11,10,11
IB,Italy,Costa Rica,10,7,10
SK,Italy,Iceland,2,12,2
PC,France,Saudi Arabia,0,1,0
NO,Italy,India,0,1,0
KL,Argentina,Italy,1,0,1
EK,Italy,Oman,0,1,0
PC,Italy,India,0,1,0
AF,Italy,France,195,155,193
EY,Sri Lanka,Italy,2,0,2
VY,Italy,Chile,2,3,2
W6,Iceland,Italy,7,1,7
E9,Costa Rica,Italy,0,2,0
VY,Spain,Tunisia,1,1,1
EI,United States,Italy,1,2,1
QR,Australia,Germany,1,0,1
LX,Austria,Italy,2,0,2
VJ,Vietnam,Indonesia,0,3,0
UX,Netherlands,Spain,1,1,1
CA,China,China,0,2,0
TP,Morocco,Italy,0,2,0
UR,Uganda,Kenya,0,1,0
AZ,Italy,Maldives,1,5,1
LH,Italy,Romania,2,1,2
KL,Italy,Colombia,12,22,12
AF,Italy,Vietnam,1,6,1
AZ,Italy,Kenya,0,11,0
UX,Italy,United States,3,3,3
NO,United States,Italy,0,6,0
TK,Republic of Ireland,Turkey,1,0,1
WS,Netherlands,Canada,0,1,0
XQ,Italy,Iraq,0,1,0
AZ,Algeria,Italy,0,2,0
VY,Italy,Senegal,3,0,3
LY,Israel,Italy,2,3,2
W6,Lithuania,Italy,2,4,2
SM,Italy,Uzbekistan,0,2,0
OS,Italy,Hungary,3,1,3
CI,Thailand,Germany,0,2,0
EW,Germany,Morocco,0,3,0
PK,Pakistan,Switzerland,0,1,0
W6,Germany,Morocco,0,1,0
B6,United States,Canada,0,1,0
RC,Norway,Faroe Islands,0,3,0
HV,Italy,United States,0,2,0
AM,United States,Mexico,0,3,0
XZ,Italy,Israel,1,0,1
SV,Italy,,0,1,0
CI,Taiwan,Japan,0,4,0
FR,Croatia,Italy,16,3,16
OS,Austria,Greece,1,2,1
"",Chile,Italy,2,0,2
N0,United Kingdom,United States,1,0,1
TK,Italy,Kazakhstan,1,6,1
LX,France,Cuba,0,1,0
LH,Italy,Botswana,0,1,0
PK,Pakistan,United Arab Emirates,1,0,1
AZ,Italy,Malaysia,0,2,0
FI,Italy,Iceland,8,35,8
UX,Dominican Republic,Italy,0,5,0
FR,Slovakia,Malta,1,1,1
TP,France,Portugal,1,12,1
AY,Sweden,Spain,1,0,1
TK,Israel,Turkey,2,2,2
AC,Italy,United States,0,1,0
TX,France,United States,0,1,0
EK,Vietnam,Netherlands,1,0,1
V7,Italy,Portugal,0,2,0
NZ,New Zealand,New Zealand,2,3,2
TK,Italy,Senegal,5,5,5
AF,Italy,Guatemala,0,1,0
VY,Italy,Norway,0,1,0
2W,Cuba,Spain,0,3,0
LO,Bulgaria,Poland,0,1,0
K6,Vietnam,Cambodia,0,2,0
UX,France,Colombia,0,1,0
RJ,Egypt,Italy,0,1,0
AI,India,Italy,0,7,0
LX,Italy,Mauritius,1,4,1
SQ,Italy,Spain,22,5,22
KL,Italy,Republic of Ireland,4,4,4
U2,France,Netherlands,0,1,0
FO,Argentina,Italy,0,9,0
UX,Italy,Guatemala,0,1,0
LS,Italy,Republic of Ireland,0,1,0
UK,Thailand,United Arab Emirates,0,1,0
BA,France,United States,1,0,1
VN,Italy,Vietnam,0,1,0
AT,Italy,Ghana,1,9,1
VN,Vietnam,Vietnam,18,0,18
SN,Italy,Belgium,35,51,35
U2,Italy,Czech Republic,42,3,42
IB,Spain,Mongolia,0,2,0
AR,Spain,Argentina,0,1,0
PC,Kyrgyzstan,Italy,4,1,4
GF,Pakistan,United Kingdom,0,2,0
BA,Argentina,Italy,0,2,0
5W,Albania,United Arab Emirates,1,0,1
NK,Colombia,United States,2,2,2
LH,Republic of Ireland,United States,0,1,0
YB,Canada,Canada,1,0,1
FR,Slovakia,Lithuania,1,0,1
AZ,Italy,Finland,0,1,0
5J,Thailand,Philippines,0,1,0
BA,Italy,United Kingdom,108,97,107
FB,Italy,Bulgaria,0,3,0
AZ,Italy,Jordan,0,10,0
LH,Italy,China,0,16,0
DY,Denmark,Czech Republic,0,4,0
OW,Kenya,Kenya,4,2,4
TP,France,Brazil,0,3,0
LX,Italy,Dominican Republic,2,2,2
W6,Portugal,Bulgaria,3,0,3
EY,Italy,China,0,1,0
AF,Italy,French Polynesia,0,7,0
EY,United Arab Emirates,Saudi Arabia,0,1,0
HF,Togo,Ivory Coast,0,1,0
DY,Sweden,Norway,0,1,0
MS,Italy,South Africa,0,3,0
TK,Italy,Qatar,1,3,1
AY,France,Finland,1,0,1
CI,Italy,South Korea,0,2,0
UX,Italy,Honduras,0,2,0
PU,Spain,,0,2,0
V7,Spain,Spain,1,0,1
IB,Spain,Chile,1,0,1
"",Italy,Italy,0,2,0
BA,Morocco,United Kingdom,1,0,1
UX,Argentina,Spain,0,1,0
AC,United Kingdom,Canada,0,1,0
AF,Italy,Faroe Islands,1,0,1
TP,Italy,Cape Verde,4,17,4
AZ,Italy,United Kingdom,9,24,9
TK,Germany,,0,9,0
GF,Italy,Maldives,0,10,0
AZ,Italy,Turks and Caicos Islands,0,4,0
LA,Italy,Chile,1,7,1
AF,Italy,Slovenia,0,3,0
LX,Italy,Maldives,0,4,0
CX,Switzerland,Hong Kong,1,0,1
TU,Tunisia,France,0,5,0
EK,Austria,Seychelles,3,0,3
SV,Turkey,Malaysia,1,0,1
TK,Germany,Mongolia,0,1,0
W6,Spain,Italy,53,26,52
LX,Switzerland,Spain,2,9,2
QR,Italy,Malaysia,14,17,14
BA,Czech Republic,Hong Kong,0,3,0
6E,India,Maldives,1,0,1
IB,Spain,Panama,2,0,2
EK,Italy,Fiji,0,1,0
JQ,United States,Australia,1,2,1
EY,Japan,Italy,0,1,0
TK,Czech Republic,China,0,1,0
MH,Malaysia,Brazil,0,1,0
FR,Denmark,United Kingdom,2,0,2
PC,Italy,Pakistan,1,1,1
PC,Turkey,Iran,1,0,1
W6,Israel,Italy,18,4,18
AF,United States,Italy,9,3,9
LA,Argentina,Italy,1,3,1
SS,France,Canada,0,1,0
V7,Italy,Germany,0,1,0
TK,Singapore,Italy,1,2,1
W6,Italy,Turkey,0,3,0
IJ,Japan,Japan,0,1,0
EY,Italy,India,1,1,1
KU,Italy,Philippines,1,0,1
NO,Italy,Jordan,0,1,0
FR,Germany,Malta,0,3,0
FR,Sweden,United Kingdom,1,0,1
AT,Morocco,Spain,1,0,1
5J,Philippines,United Arab Emirates,1,0,1
DY,Italy,Faroe Islands,0,4,0
FR,Malta,Netherlands,0,1,0
LA,Colombia,United States,1,0,1
DL,Germany,United States,1,0,1
PG,Thailand,Italy,0,4,0
U2,Netherlands,Italy,38,4,38
FR,United Kingdom,Portugal,2,1,2
AY,Finland,Italy,7,3,7
MM,South Korea,Japan,0,1,0
PR,United Arab Emirates,Indonesia,0,1,0
HM,Seychelles,Seychelles,0,2,0
FR,Romania,Spain,0,1,0
AM,Japan,Mexico,0,1,0
LX,Italy,Thailand,53,37,52
DL,United States,Aruba,3,0,3
LA,Italy,Colombia,0,9,0
W6,Italy,Uzbekistan,0,3,0
5W,United Arab Emirates,Italy,0,1,0
U2,Germany,France,6,2,6
MS,Qatar,Italy,0,1,0
SV,Italy,Bangladesh,0,1,0
BA,India,Italy,1,0,1
G9,India,Italy,0,1,0
EK,United Kingdom,Tanzania,1,0,1
XQ,Italy,Afghanistan,0,1,0
AC,Canada,Jamaica,0,1,0
LH,France,South Africa,0,1,0
VN,Cambodia,Vietnam,1,0,1
A3,Italy,,0,3,0
EW,Italy,Mauritius,0,1,0
QR,Italy,Bangladesh,1,0,1
AF,Cuba,Italy,2,0,2
ME,Lebanon,Italy,4,6,4
KI,Malaysia,Malaysia,0,1,0
SV,Egypt,Saudi Arabia,0,2,0
W6,Cyprus,Spain,0,1,0
FR,Netherlands,,0,1,0
FR,Spain,Netherlands,0,1,0
FR,Italy,Israel,21,34,21
AZ,Italy,Dominican Republic,0,3,0
U2,Portugal,Switzerland,4,0,4
H2,Peru,Peru,0,2,0
GF,Italy,India,0,5,0
LX,Switzerland,Denmark,0,2,0
TP,Spain,Germany,0,2,0
TK,Italy,Azerbaijan,1,2,1
EK,Singapore,Switzerland,0,1,0
UA,United States,Italy,2,4,2
FR,Italy,Turkey,0,13,0
EK,Australia,Italy,9,6,9
W6,Italy,Maldives,0,7,0
U2,Morocco,Germany,2,0,2
EK,Italy,Namibia,0,4,0
TK,Italy,Cyprus,0,1,0
DE,Italy,Mauritius,1,0,1
CM,Panama,Cuba,0,1,0
V7,Italy,Greece,814,236,806
U2,Morocco,Italy,19,2,19
LH,Italy,United Kingdom,10,6,10
OS,Italy,United States,5,3,5
FR,Sweden,Portugal,0,1,0
6H,Germany,Israel,0,2,0
OZ,South Korea,Spain,1,1,1
KL,Italy,Czech Republic,4,0,4
LX,United Arab Emirates,Italy,0,1,0
AK,Vietnam,Italy,0,1,0
SN,Switzerland,Senegal,1,0,1
UX,Spain,United Kingdom,1,0,1
KL,Italy,Finland,1,1,1
U2,Germany,Italy,118,31,117
LA,Argentina,Brazil,1,0,1
A3,Turkey,Greece,1,2,1
FD,Vietnam,Thailand,0,7,0
KL,Italy,The Bahamas,0,2,0
QR,Italy,South Korea,0,2,0
FR,Italy,Costa Rica,0,2,0
AA,Italy,Mexico,2,0,2
LX,Italy,Austria,0,1,0
SN,Belgium,The Gambia,0,1,0
A3,Greece,Albania,1,0,1
PC,Turkey,Italy,16,16,16
"",Spain,United States,3,0,3
W6,Italy,Pakistan,0,7,0
G9,Bangladesh,Italy,0,4,0
B6,Dominican Republic,Puerto Rico,0,1,0
MU,Italy,China,0,2,0
AY,Italy,Thailand,2,2,2
CX,Italy,,0,3,0
SN,Italy,Egypt,0,1,0
5J,United Arab Emirates,Japan,0,2,0
FD,Myanmar,Thailand,0,1,0
EK,Hong Kong,Italy,1,0,1
LH,France,Maldives,0,1,0
UA,Italy,United States,159,47,157
ZB,Albania,Italy,0,16,0
ZB,Italy,Albania,0,43,0
FZ,Italy,Nepal,1,7,1
AZ,Italy,Tanzania,0,7,0
IB,Switzerland,Argentina,1,0,1
AT,Canada,Italy,0,1,0
LA,Ecuador,Ecuador,1,0,1
TK,Indonesia,Italy,1,1,1
HV,France,Algeria,0,2,0
VY,Spain,Greece,4,0,4
AT,The Gambia,Italy,0,3,0
VY,Belgium,Spain,1,0,1
W6,Italy,Montenegro,13,10,13
DY,Norway,Italy,2,27,2
W6,Egypt,Italy,27,18,27
W6,Italy,Finland,6,3,6
W6,Italy,Nepal,0,4,0
W6,Bulgaria,Poland,0,1,0
KL,Hungary,Netherlands,0,1,0
KU,Kuwait,Italy,0,1,0
9R,Colombia,Colombia,0,1,0
A3,Turkey,Italy,0,1,0
QR,Netherlands,Singapore,1,0,1
LJ,South Korea,South Korea,7,1,7
U2,France,Spain,5,1,5
FR,Malta,Spain,2,2,2
W6,Albania,United States,0,2,0
AT,Italy,Togo,1,1,1
JU,Italy,Croatia,1,0,1
AC,Germany,Canada,1,0,1
MS,United Arab Emirates,Italy,0,1,0
KL,Switzerland,United States,0,15,0
XZ,Italy,Albania,33,4,33
EY,Bangladesh,United Kingdom,0,1,0
AT,France,Morocco,2,4,2
V7,Italy,Morocco,0,9,0
EK,Spain,Maldives,0,2,0
KL,Germany,United States,1,3,1
VY,Italy,Tunisia,0,1,0
LA,Chile,Italy,6,10,6
AT,Italy,The Gambia,0,4,0
AI,Italy,Thailand,0,21,0
N0,France,United States,5,0,5
GF,India,Italy,0,28,0
EK,Italy,Pakistan,1,0,1
AZ,Italy,Guatemala,0,2,0
AS,Italy,,0,2,0
EW,Sweden,Czech Republic,1,0,1
UG,Italy,Tunisia,0,12,0
LH,Italy,Indonesia,0,1,0
FR,Spain,Belgium,1,0,1
W6,Italy,Moldova,2,0,2
A3,Greece,,0,2,0
WN,United States,United States,0,11,0
UX,Spain,Turkey,0,1,0
KL,Mexico,Italy,0,1,0
SV,Jordan,Thailand,0,1,0
HV,Germany,France,1,1,1
TP,Italy,Spain,2,3,2
FR,Italy,Luxembourg,5,13,5
FR,Italy,Bosnia and Herzegovina,0,3,0
WS,Italy,,0,2,0
AY,Italy,Australia,0,2,0
BF,United States,Italy,0,1,0
LX,Italy,India,2,3,2
W6,Israel,Hungary,4,0,4
AZ,Italy,Afghanistan,0,1,0
LA,Brazil,Peru,0,2,0
QR,Qatar,Italy,3,2,3
LX,Sweden,Portugal,2,1,2
TK,Italy,Pakistan,2,7,2
TR,Singapore,Fiji,0,1,0
EK,Italy,Sri Lanka,3,7,3
QR,Italy,Seychelles,2,8,2
AM,Italy,Peru,0,6,0
EK,Germany,United Arab Emirates,0,2,0
W6,Spain,Iceland,0,1,0
AZ,Italy,Saudi Arabia,0,1,0
W6,Netherlands,Albania,1,0,1
EK,Hong Kong,Thailand,1,0,1
L9,Italy,Italy,0,23,0
W9,United Kingdom,Italy,2,5,2
"",Ecuador,Colombia,3,7,3
EN,Italy,Seychelles,0,1,0
Q4,Cuba,Dominican Republic,0,3,0
FZ,Italy,,0,1,0
LH,Romania,Italy,2,0,2
AZ,Italy,Cape Verde,0,1,0
LO,Italy,South Korea,0,5,0
ID,Indonesia,Indonesia,0,6,0
IB,France,Spain,4,2,4
WM,Antigua and Barbuda,Guadeloupe,0,1,0
LY,United Kingdom,Israel,1,0,1
VY,United Kingdom,Tunisia,0,3,0
LX,Italy,Israel,0,2,0
KC,Turkey,Uzbekistan,0,1,0
UX,Portugal,Italy,0,1,0
AC,Canada,Italy,1,4,1
FR,Italy,Armenia,0,2,0
A3,Italy,Turkey,0,5,0
LY,Israel,Thailand,0,2,0
EK,Italy,New Zealand,7,2,7
AC,Italy,,0,2,0
KL,Norway,Spain,2,0,2
VY,Italy,Iceland,0,2,0
LH,Israel,,0,1,0
ET,Italy,Zimbabwe,2,0,2
CA,Taiwan,,0,2,0
QR,Tunisia,Qatar,0,2,0
LH,Italy,Mauritius,0,2,0
SQ,United Kingdom,Australia,2,1,2
NO,Senegal,Italy,7,3,7
FR,Czech Republic,Italy,15,13,15
AF,France,Colombia,0,5,0
AP,Italy,Italy,0,7,0
QR,Italy,Singapore,3,16,3
QF,Australia,Italy,2,7,2
7C,Japan,South Korea,0,4,0
BY,United Kingdom,Spain,1,0,1
SQ,Switzerland,Singapore,1,0,1
PC,Italy,Oman,3,0,3
UA,United Kingdom,Costa Rica,1,0,1
W6,Italy,Bangladesh,0,2,0
AZ,Italy,Czech Republic,0,1,0
W6,Italy,Indonesia,0,2,0
FR,Italy,Afghanistan,0,2,0
KL,United States,Spain,0,1,0
LX,Belgium,Italy,2,0,2
W6,Italy,Australia,0,1,0
MS,Italy,Namibia,0,1,0
AZ,Italy,Argentina,28,52,28
LH,Italy,India,12,10,12
HV,Netherlands,Italy,14,8,14
TR,Singapore,Thailand,3,2,3
SN,Italy,El Salvador,0,3,0
TK,Switzerland,Senegal,3,0,3
AI,India,Sri Lanka,0,1,0
I2,Spain,Italy,3,1,3
TR,Madagascar,Madagascar,0,4,0
VY,Spain,Argentina,0,2,0
LH,Albania,Germany,3,0,3
LS,United Kingdom,Spain,3,1,3
JQ,Malaysia,Singapore,1,0,1
SK,Italy,Greece,1,0,1
EY,Italy,Japan,2,5,2
PU,Spain,Peru,0,2,0
AY,Italy,Norway,0,1,0
JU,Montenegro,Serbia,0,1,0
EY,Malaysia,Italy,0,1,0
KM,Malta,United Kingdom,0,1,0
W6,Italy,Oman,0,2,0
SM,Italy,,0,2,0
BA,France,United Kingdom,1,0,1
EY,United Arab Emirates,Maldives,1,0,1
LH,Norway,Romania,1,0,1
LO,South Korea,Italy,0,3,0
FR,Italy,United States,0,17,0
LH,Italy,Latvia,4,0,4
KL,Italy,Indonesia,3,2,3
ET,Egypt,Tanzania,1,0,1
BR,Italy,Japan,0,9,0
NO,Italy,Iceland,2,3,2
LA,Germany,Brazil,0,1,0
AA,Mexico,United States,3,0,3
DX,Italy,,0,1,0
LX,Italy,Egypt,1,1,1
U2,United Kingdom,Italy,107,28,106
QR,Pakistan,Canada,0,3,0
U2,United Kingdom,United Kingdom,5,0,5
EK,United States,,0,1,0
U2,Italy,Algeria,0,1,0
TX,France,Martinique,0,2,0
FR,Italy,China,0,3,0
TK,Czech Republic,Hong Kong,1,0,1
TK,Pakistan,Italy,0,1,0
BA,Denmark,United States,1,0,1
FR,France,Austria,1,0,1
PR,United Arab Emirates,Philippines,0,1,0
JU,Italy,Republic of Macedonia,1,1,1
HV,Italy,Netherlands,49,41,49
ET,Italy,South Africa,0,6,0
5J,United Arab Emirates,Philippines,2,3,2
AA,United States,Mexico,7,0,7
FR,Germany,Hungary,1,0,1
UK,India,France,0,1,0
TR,Singapore,Australia,3,0,3
UX,Spain,Dominican Republic,1,0,1
VY,United Kingdom,Spain,3,2,3
FR,Spain,Bulgaria,1,0,1
AR,Argentina,Spain,0,1,0
XZ,Italy,Greece,36,9,36
IB,Italy,Cuba,13,15,13
JU,Cyprus,Italy,0,2,0
AF,Germany,Italy,3,1,3
LX,Italy,French Polynesia,0,4,0
KL,Germany,Netherlands,1,4,1
W9,Latvia,Italy,0,1,0
PC,Israel,Turkey,0,1,0
LX,Switzerland,Canada,0,1,0
MH,Italy,Australia,0,2,0
VA,Australia,Indonesia,0,1,0
FI,Canada,Italy,1,0,1
EY,Qatar,United Arab Emirates,0,1,0
NO,Egypt,Italy,0,17,0
UX,Italy,Peru,5,26,5
FR,Italy,Switzerland,0,4,0
IZ,Italy,Israel,6,3,6
W6,Italy,India,0,21,0
BR,Italy,Indonesia,0,7,0
LH,Italy,Sweden,8,4,8
EY,Switzerland,Singapore,1,0,1
LH,Kenya,Italy,2,1,2
DY,Norway,Greece,0,1,0
AM,Mexico,Italy,0,2,0
QR,Germany,Japan,0,1,0
LX,Norway,Italy,1,0,1
VY,France,Sweden,0,1,0
NO,Italy,Egypt,1,76,1
DX,Italy,Italy,0,26,0
FR,Estonia,Italy,0,4,0
SQ,Spain,Italy,14,2,14
DY,Sweden,Germany,0,2,0
MS,Spain,India,0,1,0
W6,Spain,Romania,3,1,3
BA,United States,Canada,0,5,0
5J,Philippines,Indonesia,2,1,2
AF,France,Martinique,1,0,1
UL,Kuwait,Sri Lanka,1,0,1
VY,Italy,Spain,516,727,511
FR,Austria,Italy,19,42,19
W6,Italy,Austria,28,59,28
BR,Italy,Philippines,0,4,0
W6,France,Albania,2,1,2
VY,Jordan,Spain,1,1,1
D7,Malaysia,Indonesia,0,2,0
LH,Italy,Ghana,0,2,0
KL,Italy,India,0,3,0
FJ,Fiji,,0,1,0
FR,Belgium,Republic of Ireland,1,0,1
DY,Poland,Norway,1,0,1
ET,Italy,Ethiopia,4,0,4
UX,Colombia,Spain,0,1,0
BQ,Denmark,Italy,1,0,1
KL,Italy,Singapore,0,1,0
BA,United States,Spain,1,0,1
TG,Thailand,Switzerland,0,4,0
ET,Japan,Seychelles,1,0,1
EN,Italy,Norway,0,1,0
SQ,Australia,Germany,2,0,2
QR,France,Vietnam,1,0,1
TK,Italy,Belarus,0,1,0
FR,Italy,Pakistan,0,1,0
U2,Malta,Italy,6,0,6
JQ,Japan,Japan,9,0,9
YT,Nepal,Nepal,2,0,2
FR,Italy,Algeria,0,2,0
QR,Italy,Oman,3,3,3
CA,Italy,,0,1,0
LH,Latvia,France,1,0,1
FR,Poland,Italy,29,38,29
XQ,Italy,United Arab Emirates,0,1,0
OS,Hungary,Italy,1,2,1
MS,Italy,China,0,5,0
FI,Switzerland,United States,0,1,0
LO,Poland,Czech Republic,0,2,0
9U,Italy,Georgia,0,2,0
JY,United States,,0,2,0
KL,Italy,Peru,14,37,14
TK,Turkey,Turkey,32,9,32
AF,Italy,Colombia,7,39,7
GQ,Greece,Italy,9,18,9
AV,Colombia,Mexico,2,0,2
GF,Saudi Arabia,Philippines,0,1,0
A3,Netherlands,Greece,2,0,2
U2,France,Albania,1,0,1
TU,Tunisia,Turkey,0,2,0
UX,Argentina,Italy,0,1,0
LX,Switzerland,Czech Republic,0,1,0
LX,Italy,Costa Rica,0,1,0
FI,Iceland,Iceland,0,1,0
AY,Finland,Finland,2,0,2
FI,Iceland,Italy,0,5,0
TK,France,Turkey,1,4,1
BA,Albania,United States,1,3,1
UX,Spain,Guatemala,0,2,0
AF,Italy,Hong Kong,1,1,1
SQ,United States,Italy,0,2,0
MS,Italy,Lebanon,0,1,0
SA,South Africa,Namibia,0,1,0
FR,France,Malta,0,2,0
SV,Italy,Thailand,18,72,18
IB,Netherlands,Italy,1,0,1
LX,Italy,Switzerland,7,27,7
AF,Spain,France,1,0,1
BA,Italy,Australia,1,2,1
FB,Bulgaria,Italy,0,3,0
QR,Malaysia,Italy,3,0,3
SK,Italy,Germany,1,3,1
AF,Germany,United States,0,1,0
AF,Spain,Argentina,1,0,1
FR,Germany,Thailand,0,1,0
BF,France,French Polynesia,1,1,1
TP,Portugal,Brazil,0,1,0
JU,Serbia,Italy,6,7,6
NO,Spain,Italy,0,4,0
IB,Spain,Colombia,4,2,4
OS,Italy,China,1,3,1
AM,Spain,Brazil,0,2,0
AZ,Italy,Cuba,0,3,0
PC,Netherlands,,0,3,0
MH,Malaysia,Indonesia,1,1,1
DY,Denmark,Sweden,2,0,2
AV,United States,Argentina,2,0,2
NK,United States,Italy,0,1,0
MH,Malaysia,Australia,0,1,0
FR,Italy,Finland,12,34,12
FR,Morocco,Italy,27,72,27
WS,Canada,United States,0,3,0
SK,Italy,,5,7,5
A3,Greece,Lebanon,0,1,0
FR,Italy,Philippines,0,1,0
LH,Luxembourg,Japan,0,1,0
TK,Italy,Burkina Faso,0,2,0
OB,Bolivia,Bolivia,0,1,0
OD,Indonesia,Italy,0,1,0
UA,Canada,United States,3,0,3
2W,Spain,Cuba,0,3,0
MS,Italy,Nigeria,0,2,0
JU,Slovenia,Afghanistan,0,1,0
ME,Denmark,Lebanon,0,2,0
IB,Cuba,Italy,7,3,7
LH,Belgium,Italy,1,0,1
QR,Sri Lanka,Italy,3,0,3
AY,Italy,Japan,1,1,1
EW,Italy,Norway,0,1,0
VY,Italy,France,227,165,225
OS,Austria,Italy,8,8,8
EY,Australia,Italy,1,6,1
SK,United States,Italy,2,0,2
LH,France,Finland,2,0,2
EW,France,Germany,1,0,1
9U,Moldova,Italy,0,2,0
LA,Spain,Peru,0,1,0
KL,Italy,Turks and Caicos Islands,0,1,0
LH,Netherlands,Japan,1,0,1
7M,Brazil,Brazil,1,2,1
DY,Italy,,0,5,0
FR,Italy,Guinea-Bissau,0,2,0
ME,Turkey,Lebanon,0,3,0
AT,Germany,Morocco,0,1,0
EW,Italy,Croatia,0,1,0
I2,Italy,Venezuela,0,1,0
SK,Lithuania,Italy,0,3,0
LH,Italy,Bolivia,0,4,0
VY,Spain,Germany,0,1,0
LX,Italy,United Kingdom,0,1,0
F9,United States,Italy,0,1,0
PC,Switzerland,Iran,1,0,1
W6,Romania,Albania,0,1,0
TR,Taiwan,Singapore,1,0,1
LH,Denmark,Italy,2,0,2
VY,Switzerland,Spain,2,4,2
LH,Italy,Netherlands,15,8,15
A3,Germany,Italy,0,15,0
SN,Norway,Italy,0,4,0
NO,Italy,Madagascar,0,5,0
JU,Serbia,Malta,0,2,0
VJ,India,Vietnam,0,2,0
W6,United Kingdom,Poland,2,0,2
AT,Italy,Ivory Coast,0,3,0
WS,Italy,French Polynesia,0,2,0
HV,Italy,Iceland,0,1,0
AV,Colombia,Italy,0,10,0
KE,Italy,South Korea,9,2,9
EI,United States,United Kingdom,2,0,2
IB,Belgium,Peru,2,0,2
AM,Colombia,Italy,0,2,0
TK,Italy,Vietnam,2,4,2
A3,Cyprus,Italy,0,3,0
XK,France,France,0,4,0
EW,Germany,Romania,0,2,0
OS,Albania,Belgium,0,1,0
NZ,Australia,New Zealand,1,0,1
W6,Hungary,Netherlands,1,0,1
FR,Italy,Taiwan,0,1,0
W6,Italy,Portugal,17,43,17
SM,Germany,Egypt,2,0,2
QN,Australia,Australia,0,1,0
IB,Dominican Republic,Italy,0,5,0
FR,United Kingdom,United Kingdom,3,2,3
SN,Italy,Germany,1,1,1
VN,Laos,Germany,0,1,0
OG,Iceland,United States,0,1,0
FR,Italy,Jordan,35,79,35
N0,Italy,United States,129,39,128
B6,United States,United States,0,23,0
MS,Italy,Egypt,0,80,0
LA,Colombia,Italy,0,15,0
RJ,Jordan,United Kingdom,0,3,0
7C,South Korea,South Korea,7,2,7
IB,Italy,Dominican Republic,7,6,7
AF,Paraguay,Italy,0,8,0
SV,Italy,India,0,10,0
ZG,South Korea,Japan,0,2,0
UX,Italy,Ecuador,0,6,0
IB,Portugal,Italy,6,0,6
LH,Norway,Italy,3,0,3
UA,United States,Mexico,1,1,1
BA,United Kingdom,Spain,0,1,0
AA,Ecuador,United States,1,0,1
SN,Czech Republic,Italy,1,0,1
FD,Thailand,Indonesia,0,2,0
UO,Hong Kong,Thailand,0,1,0
W6,United Kingdom,Italy,48,23,48
UX,Italy,Paraguay,2,0,2
LH,Austria,Canada,4,1,4
XZ,Italy,France,0,2,0
TP,Germany,Brazil,1,2,1
AF,Italy,Senegal,1,0,1
ET,Italy,Burundi,0,1,0
TP,Spain,Mexico,0,2,0
TS,United Kingdom,Canada,0,1,0
EW,Hungary,Germany,1,0,1
FZ,Italy,Sri Lanka,5,3,5
OS,Italy,Egypt,5,15,5
BA,Mauritius,Italy,1,0,1
SQ,Italy,Philippines,5,2,5
RJ,Cyprus,United States,3,0,3
AZ,Italy,Belize,0,1,0
OS,Austria,,0,1,0
AZ,Italy,United Arab Emirates,0,3,0
JL,India,,0,1,0
LH,Spain,Cuba,0,1,0
U2,Portugal,Italy,54,11,53
U2,Portugal,Portugal,12,0,12
FR,Italy,Egypt,0,22,0
JU,Italy,Turkey,1,1,1
LH,Ecuador,Italy,0,4,0
IB,Spain,France,1,3,1
AF,Republic of Ireland,Italy,0,1,0
MH,Malaysia,,0,1,0
UA,Switzerland,Canada,0,1,0
AF,Italy,China,1,0,1
JZ,Peru,Peru,0,9,0
KL,Portugal,Italy,1,1,1
VY,Italy,Argentina,0,2,0
LH,Germany,United States,7,9,7
OS,Italy,Iran,2,3,2
DY,Lithuania,Sweden,0,1,0
VY,Netherlands,Italy,5,1,5
UJ,Egypt,Egypt,0,4,0
AK,Malaysia,Maldives,0,3,0
LH,Italy,Colombia,4,7,4
OD,Thailand,Malaysia,0,1,0
A3,Albania,Greece,0,3,0
OS,Italy,Netherlands,1,2,1
H4,Republic of Ireland,Romania,0,1,0
LA,Argentina,Australia,0,1,0
CI,Japan,Italy,1,0,1
W6,Italy,Israel,33,30,33
LH,Italy,Philippines,0,2,0
JQ,Indonesia,Australia,1,0,1
W6,Italy,Georgia,3,1,3
FR,Italy,Cuba,0,12,0
5J,Philippines,Philippines,3,5,3
EK,Israel,Japan,0,2,0
N0,Norway,United States,1,0,1
TW,South Korea,Japan,2,4,2
LX,Estonia,Italy,0,1,0
9C,China,Hong Kong,1,0,1
V7,Italy,Finland,0,1,0
TK,Republic of Ireland,Egypt,0,2,0
KM,Italy,Malta,0,233,0
GQ,Italy,Greece,8,62,8
AM,Italy,Chile,0,1,0
LH,Italy,Australia,0,4,0
BA,United Kingdom,The Bahamas,1,1,1
LX,Italy,Belgium,1,0,1
TK,Georgia,Germany,0,1,0
W6,Maldives,Italy,0,1,0
NO,Italy,Cape Verde,0,3,0
SV,Saudi Arabia,,1,0,1
AF,Germany,Mexico,0,1,0
SV,Tanzania,Italy,0,1,0
W6,Romania,Italy,54,45,53
VJ,Vietnam,Japan,0,6,0
VY,Greece,Italy,4,5,4
DY,Italy,Sweden,10,24,10
PD,Canada,United States,2,4,2
LA,Ecuador,Colombia,1,2,1
IB,Italy,Colombia,12,9,12
A9,Georgia,Italy,0,1,0
PD,United States,Canada,3,2,3
W6,Austria,Jordan,2,4,2
FR,Denmark,Austria,1,0,1
VJ,Vietnam,Malaysia,0,6,0
EY,India,Italy,4,1,4
LX,Italy,Paraguay,0,2,0
A3,Italy,Jordan,0,1,0
LH,Germany,Japan,1,0,1
LH,Luxembourg,Italy,1,1,1
DL,Belgium,,1,0,1
TR,Singapore,Vietnam,1,0,1
UX,Peru,Italy,1,1,1
LA,Brazil,United Kingdom,0,2,0
Y9,Canada,Canada,0,1,0
BA,South Africa,Italy,0,1,0
FR,France,Morocco,0,11,0
QR,Thailand,Italy,7,2,7
AF,Israel,France,1,1,1
PK,Pakistan,Italy,4,0,4
TK,Italy,Tajikistan,7,0,7
BA,Italy,Antigua and Barbuda,1,1,1
H4,Moldova,Italy,0,3,0
AK,Philippines,Maldives,0,1,0
PC,Turkey,Romania,3,0,3
KL,Italy,Madagascar,1,0,1
EN,Italy,Brazil,0,1,0
U2,Italy,United States,4,34,4
W6,Italy,Iceland,35,34,35
AY,Sweden,Finland,3,0,3
AC,United States,Canada,3,7,3
SV,Italy,Tanzania,3,1,3
KL,Italy,Cuba,2,1,2
SL,Taiwan,,0,1,0
EW,Italy,Germany,104,106,103
FR,Italy,Norway,10,34,10
AA,Italy,United States,50,0,50
UA,United States,Puerto Rico,1,0,1
NO,Tanzania,Italy,0,1,0
BA,United States,Colombia,0,1,0
PC,Turkey,United Kingdom,1,0,1
XC,Germany,,0,2,0
U2,Jersey,United Kingdom,1,0,1
G9,Italy,India,16,5,16
AY,Italy,Hong Kong,0,8,0
DY,Italy,Denmark,34,40,34
BA,United Kingdom,Brazil,0,1,0
AF,Italy,Japan,6,19,6
TK,Turkey,Italy,7,20,7
KQ,Italy,Kenya,4,23,4
UA,Italy,El Salvador,0,2,0
SV,Italy,Pakistan,0,6,0
EY,Singapore,Italy,3,0,3
DE,Italy,Cuba,3,0,3
L9,Italy,United States,0,2,0
LH,Italy,Czech Republic,1,2,1
AF,France,Germany,1,2,1
W9,United Kingdom,Greece,0,2,0
AF,Italy,Peru,13,25,13
PC,Italy,Egypt,3,15,3
OV,Thailand,Turkey,0,2,0
N0,United States,France,1,0,1
2W,Spain,Mexico,0,2,0
DY,Norway,United Kingdom,1,2,1
TP,Italy,Angola,0,1,0
IB,Spain,Maldives,0,1,0
"",Spain,Chile,1,0,1
W6,France,Austria,1,0,1
VY,Italy,Slovakia,0,1,0
AZ,Italy,Singapore,0,3,0
CY,Egypt,Italy,0,5,0
DY,Spain,Denmark,1,0,1
KL,United States,The Bahamas,0,1,0
MS,United Kingdom,Egypt,0,2,0
UA,United States,Republic of Macedonia,0,2,0
FR,Malta,,0,1,0
AF,Italy,Indonesia,0,1,0
KE,Turkey,Japan,1,0,1
OZ,South Korea,South Korea,0,1,0
SK,Denmark,Italy,0,3,0
AZ,Italy,Cyprus,0,1,0
V7,France,Spain,1,1,1
UX,Ecuador,Italy,0,2,0
AF,Belgium,United States,0,1,0
TP,Portugal,Spain,2,2,2
LO,Italy,,0,1,0
BT,Italy,Estonia,0,1,0
FR,Italy,Seychelles,0,1,0
UX,Italy,Dominican Republic,10,30,10
AF,Republic of Ireland,France,1,0,1
EK,China,Italy,1,0,1
G9,Oman,Sri Lanka,4,2,4
VY,France,Portugal,0,1,0
AF,Switzerland,France,1,0,1
FJ,Fiji,United States,0,1,0
XQ,Hungary,Turkey,1,0,1
J2,Turkey,Azerbaijan,0,1,0
FZ,Maldives,United Arab Emirates,1,0,1
AF,Germany,French Polynesia,0,1,0
FR,Bulgaria,Slovakia,1,0,1
EK,Italy,Malaysia,6,4,6
OK,Egypt,Italy,0,3,0
FO,Argentina,Argentina,10,0,10
OG,United States,Italy,0,1,0
EN,Italy,Spain,0,2,0
QR,Bangladesh,Italy,2,1,2
W6,Austria,Israel,1,0,1
EK,Switzerland,Maldives,2,0,2
OD,Australia,Italy,0,1,0
JT,Indonesia,,0,2,0
A3,Italy,Greece,94,247,93
FR,Republic of Ireland,United Kingdom,0,2,0
F9,United States,United States,5,12,5
OS,Thailand,Italy,7,1,7
U2,Israel,France,0,8,0
LO,Poland,Germany,0,1,0
HV,France,Spain,4,0,4
AZ,Italy,Turkey,0,3,0
A3,Greece,Spain,1,0,1
AM,Peru,United Kingdom,0,1,0
MS,Egypt,Israel,0,1,0
F3,Saudi Arabia,Saudi Arabia,0,1,0
SN,Greece,Belgium,1,0,1
U2,United Kingdom,Iceland,1,0,1
FR,Republic of Ireland,Greece,0,1,0
AF,France,United States,0,6,0
U2,United Kingdom,Germany,1,2,1
KL,Italy,Spain,5,10,5
N0,Germany,United States,1,0,1
S4,Canada,Poland,0,1,0
U2,Italy,Netherlands,441,64,437
S4,Portugal,Italy,1,1,1
ET,Italy,Uganda,1,2,1
WY,Italy,India,0,1,0
BA,United Kingdom,France,0,2,0
FR,Italy,Faroe Islands,0,2,0
SQ,Australia,Italy,6,1,6
UP,United States,The Bahamas,0,1,0
BA,Croatia,United States,1,0,1
UX,Italy,Venezuela,1,0,1
LH,Italy,El Salvador,0,1,0
QR,Pakistan,Belgium,1,0,1
IB,Italy,Maldives,0,1,0
FR,Greece,Greece,2,2,2
DY,Norway,Sweden,1,3,1
SV,India,Saudi Arabia,0,1,0
PC,Iran,,0,1,0
W6,Albania,Belgium,1,0,1
EK,United Arab Emirates,Italy,8,2,8
TG,Thailand,Hong Kong,1,0,1
FR,Israel,Greece,1,0,1
AK,Singapore,Malaysia,0,1,0
LA,Brazil,Chile,1,0,1
VY,France,Netherlands,0,1,0
LH,France,Egypt,0,1,0
U2,France,Portugal,13,6,13
KL,Italy,Tanzania,2,9,2
CA,Italy,Singapore,0,1,0
DL,Chile,Italy,1,0,1
U2,Cyprus,Italy,3,0,3
FR,Norway,United Kingdom,1,0,1
5W,United Arab Emirates,Uzbekistan,3,0,3
AZ,Spain,Japan,0,2,0
W6,Germany,Albania,0,1,0
UA,Italy,,32,8,32
W6,Armenia,Italy,8,1,8
F9,Dominican Republic,Puerto Rico,0,2,0
TK,Italy,Georgia,3,18,3
TK,Italy,Eritrea,0,7,0
AV,Peru,Ecuador,0,3,0
TK,Italy,Ethiopia,0,1,0
PC,Turkey,Switzerland,0,2,0
SK,Sweden,Netherlands,1,0,1
AF,Mexico,Germany,0,1,0
UU,Italy,Réunion,0,1,0
TK,Bosnia and Herzegovina,Mexico,0,1,0
SN,Belgium,Italy,13,10,13
U2,Italy,Tunisia,0,8,0
TK,Italy,Australia,0,13,0
AY,Italy,,0,5,0
V7,Greece,Italy,12,4,12
TP,Spain,Portugal,1,5,1
ET,Italy,Eritrea,0,2,0
KL,Italy,Costa Rica,1,4,1
Q4,Dominican Republic,Cuba,0,1,0
QF,Italy,Australia,1,4,1
AZ,Italy,Kyrgyzstan,0,1,0
FR,United Kingdom,Belgium,3,0,3
QR,Italy,Hong Kong,0,2,0
TP,Mexico,Spain,1,0,1
FR,Republic of Ireland,,0,2,0
VJ,Malaysia,Japan,0,1,0
FR,Hungary,Denmark,0,1,0
IB,Italy,Tanzania,0,1,0
FR,Italy,,0,158,0
UX,Italy,Colombia,9,31,9
UI,Tanzania,Tanzania,0,3,0
VY,Spain,Cape Verde,1,0,1
KL,Switzerland,Netherlands,2,0,2
5J,Philippines,Hong Kong,1,0,1
JU,Italy,Singapore,0,2,0
U2,Portugal,United Kingdom,0,1,0
NO,Dominican Republic,Italy,0,4,0
PK,United Arab Emirates,Pakistan,1,0,1
LO,Georgia,Italy,0,3,0
KL,Brazil,Italy,1,1,1
FR,Belgium,Croatia,1,0,1
EY,Italy,Philippines,1,9,1
DO,Dominican Republic,Cuba,0,4,0
UK,United Arab Emirates,Thailand,0,2,0
IB,France,United States,0,1,0
U2,United Kingdom,France,6,0,6
LH,Italy,Turkey,5,0,5
UA,France,United States,2,0,2
LH,Argentina,United States,0,1,0
KL,Italy,Belgium,1,0,1
W6,Italy,Afghanistan,0,2,0
U2,Portugal,Morocco,0,2,0
LH,Slovenia,Italy,1,1,1
Y4,Costa Rica,Italy,0,2,0
T6,Philippines,Philippines,0,2,0
AF,Italy,Cameroon,1,0,1
LG,Luxembourg,Czech Republic,1,0,1
OS,China,Italy,0,1,0
FR,Luxembourg,Spain,1,0,1
LH,Italy,Switzerland,1,0,1
BF,French Polynesia,United States,2,1,2
DY,Norway,Norway,13,10,13
BQ,Germany,Italy,2,0,2
G9,Jordan,Malaysia,1,0,1
IB,United Kingdom,Spain,0,1,0
BY,United Kingdom,Jamaica,2,0,2
SK,Norway,Denmark,0,1,0
TK,Tunisia,Egypt,1,0,1
MS,Egypt,Kuwait,0,1,0
AF,Italy,Sint Maarten,0,1,0
EK,India,Spain,0,1,0
SK,Netherlands,Italy,2,1,2
FR,Czech Republic,Spain,1,1,1
LY,Germany,Israel,1,0,1
TP,Portugal,Cape Verde,0,1,0
AZ,United Kingdom,Italy,8,28,8
W6,Italy,Cyprus,10,16,10
AF,Italy,Chile,3,2,3
IB,Spain,Argentina,1,0,1
CI,Hong Kong,Taiwan,0,2,0
FJ,Fiji,Singapore,1,0,1
U2,Switzerland,Albania,1,0,1
N0,Italy,,0,1,0
EW,Italy,Spain,0,7,0
2I,Peru,Peru,0,2,0
G9,Italy,United Arab Emirates,0,3,0
EI,United Kingdom,United States,1,0,1
FR,Italy,Sri Lanka,0,2,0
WN,United States,,0,1,0
DL,Canada,Italy,1,0,1
AI,Italy,,0,1,0
E9,Honduras,Spain,0,1,0
DL,United States,Cuba,1,0,1
SV,Maldives,Italy,1,0,1
JQ,Australia,Australia,30,10,30
LH,Italy,Hong Kong,2,3,2
VY,Germany,Spain,0,7,0
JA,Argentina,Argentina,0,2,0
OZ,Japan,Italy,1,5,1
ET,India,Italy,2,6,2
SN,Italy,Ghana,2,1,2
W9,Spain,Italy,0,1,0
VY,Greece,Spain,1,0,1
CA,Australia,Italy,0,1,0
SV,Italy,Kenya,0,2,0
UA,Italy,French Polynesia,0,1,0
TK,Mexico,Italy,0,1,0
DL,United States,Italy,19,0,19
2W,Dominican Republic,Italy,0,5,0
LH,Spain,Italy,5,0,5
LO,Poland,Lithuania,1,0,1
CX,Indonesia,Italy,0,2,0
LX,Italy,Estonia,0,1,0
LH,Austria,Netherlands,0,1,0
KL,Italy,Puerto Rico,1,0,1
EY,Qatar,Egypt,0,1,0
FR,United Kingdom,Hungary,3,0,3
EN,Italy,,0,2,0
TK,Germany,Oman,1,0,1
OZ,Italy,Australia,0,1,0
VY,Spain,Italy,91,107,90
PM,Spain,Spain,5,0,5
2W,Cuba,Italy,0,7,0
LO,Slovenia,Canada,0,1,0
W6,Italy,Singapore,0,2,0
CI,Vietnam,Italy,1,0,1
PM,Spain,Italy,0,1,0
AA,Cuba,United States,1,0,1
"",Colombia,Mexico,1,0,1
QR,Pakistan,Spain,0,1,0
GF,Bahrain,Saudi Arabia,0,1,0
W6,Greece,Israel,1,0,1
KE,South Korea,Italy,0,1,0
MK,Italy,Mauritius,14,6,14
3O,France,Morocco,1,0,1
BA,United States,France,2,0,2
LH,Germany,Mexico,2,0,2
LH,Austria,Germany,0,1,0
E9,Cuba,Spain,1,0,1
KL,Germany,Italy,2,1,2
TU,Switzerland,Tunisia,0,1,0
WJ,Argentina,Argentina,0,1,0
FR,Italy,United Arab Emirates,0,2,0
OS,Italy,Poland,4,8,4
BY,United Kingdom,Italy,3,0,3
SK,Germany,Sweden,1,0,1
AZ,Italy,Costa Rica,0,6,0
WF,Norway,Norway,0,5,0
LH,Italy,Belgium,3,1,3
OS,Denmark,Austria,1,0,1
B6,Mexico,United States,0,1,0
LY,Italy,Israel,26,6,26
NH,Italy,Japan,2,14,2
W6,Morocco,Italy,9,2,9
UX,Italy,Morocco,0,2,0
NT,Italy,Spain,0,18,0
U2,Switzerland,Spain,4,1,4
VY,Spain,Netherlands,2,0,2
9U,Italy,Moldova,0,14,0
RJ,Italy,Qatar,1,0,1
IB,Spain,El Salvador,0,1,0
U2,Spain,United Kingdom,3,0,3
VY,Croatia,Italy,3,0,3
KE,South Korea,Indonesia,0,1,0
AY,Italy,Iceland,7,8,7
IB,Italy,,3,11,3
FR,Italy,The Gambia,0,3,0
DL,Mexico,United States,1,0,1
AF,Italy,Mexico,11,12,11
PC,Italy,Kyrgyzstan,6,2,6
W6,Italy,Luxembourg,3,0,3
WS,Canada,Canada,0,6,0
J2,Georgia,Azerbaijan,0,1,0
JL,Sweden,Japan,0,1,0
FR,Malta,Germany,1,4,1
KL,Italy,Portugal,2,4,2
CM,Mexico,Panama,0,1,0
XZ,Italy,Spain,0,2,0
WJ,Argentina,Brazil,0,1,0
EW,Italy,Finland,0,1,0
W9,United Kingdom,Republic of Kosovo,1,0,1
A3,Italy,Georgia,0,5,0
KM,Italy,Italy,0,1,0
SV,Italy,Mauritius,4,3,4
NT,Morocco,Spain,0,1,0
WS,United States,Italy,1,1,1
LO,Italy,Georgia,0,1,0
HV,Spain,Netherlands,0,1,0
A3,Egypt,Italy,2,19,2
A3,Greece,Italy,17,22,17
FR,Spain,France,2,3,2
TK,China,Italy,0,1,0
A3,United Kingdom,Greece,2,0,2
VY,Portugal,Spain,1,1,1
KL,Spain,Italy,2,3,2
BA,Bermuda,The Bahamas,0,1,0
FZ,Israel,United Arab Emirates,1,0,1
QR,Italy,Kuwait,0,1,0
UX,France,Cuba,1,2,1
LH,Poland,Italy,2,0,2
GF,Philippines,Italy,0,3,0
IR,Iran,Italy,0,1,0
XQ,Albania,Turkey,0,1,0
HC,The Gambia,Senegal,0,1,0
SL,Thailand,India,0,1,0
AF,Netherlands,Panama,0,1,0
AF,Italy,Réunion,0,1,0
AF,Italy,Brazil,13,25,13
V7,Italy,,0,12,0
KL,Spain,United States,0,4,0
UX,Italy,Panama,0,6,0
IB,Panama,Italy,0,1,0
CI,Italy,Vietnam,0,2,0
U2,United Kingdom,Spain,2,3,2
FR,United Kingdom,Denmark,1,0,1
BQ,Italy,Germany,1,1,1
HV,Netherlands,Greece,0,1,0
LA,Japan,Argentina,0,1,0
6E,Portugal,India,1,0,1
AV,Colombia,Colombia,33,8,33
U2,Netherlands,Germany,3,0,3
CA,Vietnam,Italy,0,1,0
OS,Italy,Czech Republic,3,2,3
DD,Thailand,,0,1,0
QR,Hungary,Qatar,1,0,1
QR,Austria,,0,1,0
HC,Italy,The Gambia,0,1,0
AZ,Belgium,Italy,7,18,7
AZ,Italy,Albania,8,64,8
W6,Italy,Philippines,0,13,0
JU,Slovenia,Serbia,3,0,3
FR,Italy,Australia,0,2,0
TR,Indonesia,Singapore,2,5,2
SK,Netherlands,United Kingdom,0,1,0
GF,Thailand,Italy,0,2,0
U2,Netherlands,Portugal,0,1,0
W6,Germany,Romania,3,1,3
KL,Belgium,United States,0,1,0
NO,Italy,Mexico,0,2,0
AF,Norway,Italy,5,0,5
2B,Italy,Kyrgyzstan,0,1,0
AZ,Italy,Cambodia,0,1,0
W6,Norway,Italy,0,1,0
U2,Italy,Croatia,126,18,125
IB,Italy,Argentina,18,9,18
KL,Italy,Ecuador,6,11,6
JA,Peru,Peru,0,2,0
TB,France,Morocco,0,1,0
AZ,Spain,Vietnam,0,1,0
IB,Spain,Cuba,0,1,0
EK,United Kingdom,Indonesia,1,0,1
FR,Italy,Colombia,0,1,0
DE,Canada,Italy,1,0,1
LH,Italy,French Polynesia,0,1,0
FR,Greece,Italy,62,47,61
EK,Italy,Philippines,5,7,5
FR,Republic of Ireland,France,1,1,1
TA,Nicaragua,El Salvador,1,0,1
U2,Portugal,Albania,1,0,1
VY,Italy,Portugal,1,5,1
V7,Germany,Italy,2,1,2
OS,Italy,Spain,3,1,3
VS,France,United States,1,2,1
QR,Hong Kong,Switzerland,0,1,0
Z2,South Korea,Indonesia,0,1,0
A3,Greece,Romania,1,0,1
WO,Canada,Mexico,0,1,0
AZ,Maldives,Italy,0,2,0
TC,Tanzania,Tanzania,0,2,0
AT,Italy,Mali,0,3,0
AA,United States,Antigua and Barbuda,2,0,2
QR,Malaysia,Turkey,0,1,0
LX,Italy,Netherlands,1,2,1
TK,Italy,Jordan,0,2,0
IB,Brazil,Italy,1,0,1
W6,Romania,Turkey,1,0,1
5J,Malaysia,Philippines,0,1,0
SV,Italy,United Arab Emirates,2,6,2
SQ,Italy,Thailand,17,22,17
PC,Italy,United Arab Emirates,2,4,2
QR,Italy,Japan,7,10,7
BJ,Germany,Tunisia,0,3,0
AC,Argentina,Italy,0,1,0
XC,Germany,Turkey,0,1,0
FZ,Tanzania,Italy,0,2,0
W6,Albania,,0,1,0
KL,Italy,Norway,3,4,3
OS,Italy,Japan,5,28,5
FR,Bulgaria,Italy,11,13,11
JQ,New Zealand,New Zealand,1,3,1
MH,Italy,Cambodia,0,1,0
CI,Italy,,0,3,0
PG,Thailand,Japan,0,1,0
TK,Italy,Argentina,0,4,0
NT,Spain,Italy,0,7,0
EW,Switzerland,Czech Republic,0,2,0
BA,Greece,Netherlands,1,0,1
FZ,Sri Lanka,Maldives,0,1,0
W6,Albania,France,0,1,0
JU,Italy,Afghanistan,0,2,0
KL,Switzerland,,0,1,0
FR,Italy,São Tomé and Príncipe,0,1,0
KE,Italy,Japan,6,15,6
AV,Spain,El Salvador,0,3,0
AZ,Italy,South Africa,0,1,0
AR,Argentina,Chile,0,1,0
TK,Italy,Japan,3,12,3
FR,Poland,Sweden,1,0,1
LX,Switzerland,United Arab Emirates,0,2,0
RO,Romania,Italy,0,3,0
GA,Indonesia,Indonesia,0,1,0
D7,Indonesia,Malaysia,0,3,0
EK,Thailand,France,0,1,0
3O,Morocco,Saudi Arabia,0,1,0
DE,Italy,Mexico,4,0,4
BJ,Tunisia,France,0,4,0
LX,Italy,Iceland,2,2,2
AZ,Italy,Georgia,0,1,0
JU,France,Serbia,1,0,1
SK,Sweden,Finland,2,0,2
EW,Germany,Egypt,0,1,0
LH,Netherlands,,0,1,0
VS,Italy,,0,1,0
LX,Italy,Norway,1,7,1
SK,Sweden,Italy,5,4,5
FR,Italy,India,0,4,0
Y4,Colombia,Mexico,0,5,0
LH,Italy,Bulgaria,0,1,0
NH,Germany,Japan,0,1,0
DY,Norway,Denmark,0,1,0
6E,India,India,13,19,13
A3,Italy,Egypt,5,12,5
UX,Cuba,Italy,0,2,0
HV,Israel,France,1,3,1
UL,Bangladesh,Japan,0,1,0
AK,Sri Lanka,Vietnam,0,1,0
EK,Italy,Seychelles,8,13,8
LX,Italy,Indonesia,0,4,0
EK,Singapore,Italy,3,2,3
MS,Iraq,Egypt,0,2,0
BA,Italy,French Polynesia,0,2,0
AF,Morocco,Algeria,0,1,0
AI,Italy,Australia,0,6,0
UA,United States,Switzerland,0,4,0
A3,Germany,Greece,1,0,1
AM,Cuba,Italy,0,1,0
JU,Norway,Albania,1,0,1
ID,Indonesia,South Korea,0,1,0
U2,Iceland,Italy,4,0,4
FR,Belgium,Greece,2,1,2
EK,Italy,Thailand,159,12,157
MS,Slovenia,Egypt,0,2,0
OS,Slovakia,Austria,1,3,1
W6,Spain,Austria,1,0,1
U2,Luxembourg,Portugal,1,0,1
BR,France,Japan,0,3,0
VY,Norway,Spain,1,0,1
S4,Portugal,Spain,1,0,1
TP,Italy,São Tomé and Príncipe,1,2,1
BA,Italy,Philippines,0,1,0
FZ,Oman,Iran,0,1,0
SK,Germany,Norway,0,1,0
EY,Thailand,Italy,4,14,4
BJ,France,Tunisia,0,2,0
HA,United States,,0,1,0
LH,Spain,Germany,0,1,0
U2,Netherlands,France,0,1,0
AF,Italy,Ghana,1,0,1
OZ,Spain,Philippines,1,0,1
TU,Italy,,0,1,0
KM,Germany,Italy,0,1,0
LX,Spain,,0,1,0
SK,Norway,Italy,2,7,2
SK,Poland,Italy,0,1,0
LH,France,Germany,1,1,1
XJ,South Korea,Thailand,0,1,0
EK,Saudi Arabia,Italy,1,0,1
AZ,India,Italy,1,8,1
AZ,Italy,Namibia,0,1,0
SN,Belgium,United Kingdom,6,1,6
TP,Mexico,Italy,0,4,0
EW,Germany,Austria,0,3,0
FR,Italy,Nepal,0,2,0
EK,Israel,United Arab Emirates,1,0,1
WY,Thailand,Italy,0,1,0
AF,Luxembourg,United States,1,0,1
TK,Bulgaria,Italy,1,0,1
FR,Spain,Romania,0,1,0
BC,Japan,Japan,2,0,2
IB,Germany,Argentina,1,0,1
IB,Italy,United Kingdom,0,2,0
EK,Italy,Tanzania,10,14,10
9U,Georgia,Italy,0,1,0
IB,Germany,Portugal,0,1,0
KL,Italy,Sint Maarten,1,0,1
SQ,Cambodia,Italy,1,1,1
ET,Italy,Mozambique,2,0,2
AV,Brazil,United States,1,0,1
XQ,Turkey,Germany,1,0,1
OZ,Italy,Japan,0,3,0
F2,Kenya,Kenya,1,0,1
FR,Slovakia,Italy,3,1,3
FR,Spain,Portugal,1,4,1
OD,Malaysia,Thailand,0,1,0
AA,United States,Cuba,5,0,5
TK,Turkey,Sudan,1,0,1
VY,Italy,Ecuador,1,0,1
TK,Turkey,Spain,0,3,0
FR,Spain,United Kingdom,9,6,9
AZ,Spain,Italy,10,12,10
AZ,Italy,Poland,0,1,0
KX,United States,Cayman Islands,0,2,0
SQ,Italy,Indonesia,0,10,0
LA,Italy,,0,2,0
AY,Germany,Finland,3,1,3
QR,Germany,South Africa,2,0,2
VY,Spain,Malta,1,0,1
AF,France,Canada,2,0,2
TP,Germany,Cape Verde,2,0,2
TN,France,French Polynesia,0,1,0
FR,Republic of Ireland,Austria,1,0,1
A3,Albania,Germany,1,0,1
KL,Netherlands,United Kingdom,1,2,1
FR,Luxembourg,Portugal,0,1,0
KL,Italy,Hong Kong,9,1,9
TK,Sweden,Pakistan,1,0,1
G9,Italy,Nepal,1,6,1
FR,France,United Kingdom,0,2,0
S4,Italy,Portugal,1,3,1
NO,Italy,Canada,4,1,4
FR,Spain,Albania,0,1,0
U2,Czech Republic,Netherlands,1,0,1
AI,India,Nepal,0,1,0
AF,Italy,Martinique,0,3,0
SK,Italy,Poland,1,1,1
AF,United States,Puerto Rico,0,1,0
SQ,Netherlands,Indonesia,2,0,2
QR,Australia,United Kingdom,1,0,1
EK,Israel,Indonesia,1,0,1
LO,Turkey,Spain,0,3,0
TP,Brazil,Italy,16,42,16
H4,Romania,Romania,0,5,0
KL,Italy,Canada,5,2,5
LO,Slovenia,Japan,0,5,0
FR,Hungary,Jordan,0,1,0
A3,Italy,Lebanon,1,3,1
SQ,Thailand,Italy,2,0,2
TK,Italy,Bolivia,0,2,0
CI,Vietnam,Netherlands,2,0,2
VY,Italy,Morocco,1,11,1
KL,Italy,Curaçao,2,1,2
AM,Italy,Argentina,0,13,0
IW,Indonesia,Indonesia,0,1,0
AF,Italy,Republic of Ireland,0,2,0
AA,Germany,United States,2,0,2
AI,Sri Lanka,India,0,1,0
TK,Egypt,Turkey,0,2,0
SK,Finland,Sweden,0,1,0
W6,Albania,Switzerland,0,1,0
FR,Spain,Montenegro,1,1,1
LX,Portugal,Serbia,2,0,2
IB,Mexico,Italy,6,1,6
EK,Italy,Botswana,0,6,0
QZ,Malaysia,Indonesia,0,3,0
LH,Italy,Dominican Republic,0,1,0
OG,Iceland,Italy,1,2,1
AY,Germany,United States,0,1,0
RA,Nepal,India,0,3,0
EY,Greece,Thailand,0,1,0
ZG,Japan,United States,0,1,0
EY,South Korea,Italy,0,1,0
VY,France,Egypt,0,1,0
VY,Italy,Greece,57,103,56
EW,Spain,Italy,2,0,2
AF,Italy,Australia,0,19,0
AA,Fiji,United States,1,0,1
AF,Italy,Argentina,3,2,3
W9,Portugal,United Kingdom,0,1,0
FR,United Kingdom,Germany,3,0,3
TR,Australia,Italy,0,1,0
I2,Netherlands,Spain,1,0,1
BA,Italy,South Africa,3,2,3
UA,Cuba,Italy,0,2,0
SK,Sweden,,0,1,0
TK,Germany,Georgia,0,1,0
BJ,Tunisia,United Kingdom,0,1,0
FR,Italy,Saudi Arabia,0,9,0
FR,Sweden,Poland,0,6,0
AC,Italy,Dominican Republic,0,1,0
AK,Indonesia,Italy,0,1,0
KL,Spain,Netherlands,2,0,2
VY,Spain,Morocco,0,1,0
FR,Italy,Honduras,0,1,0
FR,Poland,United Kingdom,1,1,1
KL,United States,Dominican Republic,0,1,0
RJ,Italy,Lebanon,0,1,0
KL,Germany,France,1,0,1
NO,Italy,Cuba,0,13,0
VY,Spain,France,8,4,8
FR,Spain,India,0,1,0
KL,Italy,Ghana,10,1,10
TK,Italy,Papua New Guinea,0,1,0
PC,Germany,Armenia,0,1,0
EI,Italy,,0,1,0
NO,Maldives,Italy,0,1,0
2Z,Brazil,Brazil,1,0,1
AR,Argentina,Italy,0,4,0
EY,Germany,Japan,2,0,2
BQ,Italy,Italy,1,0,1
TK,Ghana,Italy,1,0,1
TK,Japan,Italy,1,2,1
AF,Nigeria,Italy,1,0,1
LA,Ecuador,Peru,0,1,0
UX,Germany,Spain,2,0,2
SK,Norway,,0,2,0
W6,Bulgaria,United Kingdom,1,1,1
AV,El Salvador,United States,0,3,0
J2,Italy,Azerbaijan,1,0,1
BA,United Kingdom,Antigua and Barbuda,1,0,1
TP,Morocco,Germany,0,2,0
W6,Turkey,Hungary,1,0,1
AZ,Italy,Switzerland,6,39,6
XZ,Italy,Italy,438,48,434
DL,Italy,United States,68,0,67
UX,Italy,Cuba,25,54,25
VY,United Kingdom,Italy,20,12,20
LX,Italy,Slovenia,0,4,0
EW,Italy,United Kingdom,2,2,2
AZ,Albania,Italy,2,8,2
KE,Italy,Taiwan,1,0,1
AF,Colombia,Italy,0,4,0
GF,Italy,United Arab Emirates,0,9,0
SK,Sweden,Sweden,0,1,0
KE,United States,Vietnam,0,1,0
SQ,Italy,Vietnam,5,8,5
AZ,Greece,Italy,2,11,2
H4,Italy,Moldova,0,10,0
TB,Morocco,Italy,0,2,0
NO,Cape Verde,Italy,0,1,0
FR,Republic of Ireland,Belgium,0,3,0
AF,Italy,Netherlands,3,1,3
OS,Italy,Romania,3,6,3
AF,Italy,Tanzania,1,2,1
EK,Italy,Afghanistan,0,1,0
EK,Portugal,Thailand,0,5,0
PC,Turkey,Egypt,1,0,1
TP,Spain,Cape Verde,0,1,0
TK,Vietnam,Italy,12,3,12
LH,Germany,United Kingdom,4,0,4
IB,Spain,Ecuador,1,0,1
W6,Portugal,Italy,6,3,6
EW,Germany,Greece,0,2,0
AF,Italy,Malaysia,0,1,0
5J,Hong Kong,Philippines,1,0,1
FI,Iceland,,0,1,0
U8,Italy,Israel,0,2,0
PC,Turkey,Turkey,0,1,0
UK,India,Italy,0,3,0
TU,Libya,Tunisia,0,1,0
VN,Vietnam,Cambodia,2,2,2
TP,Italy,Canada,0,2,0
EI,Republic of Ireland,Italy,14,3,14
TP,São Tomé and Príncipe,Italy,0,5,0
WY,Italy,Australia,0,3,0
EK,Taiwan,Italy,1,0,1
E9,Spain,Cuba,3,5,3
KQ,Italy,Tanzania,0,2,0
W6,Israel,Romania,1,0,1
GF,Italy,Oman,0,1,0
VY,Italy,Croatia,18,9,18
Z2,Philippines,Philippines,0,8,0
FR,Morocco,Spain,4,4,4
Z0,United Kingdom,United States,7,1,7
MS,Italy,Ethiopia,0,2,0
QF,United States,French Polynesia,0,1,0
UX,Colombia,Italy,0,2,0
T7,France,Italy,0,1,0
FR,United Kingdom,Republic of Ireland,1,0,1
E9,Spain,Dominican Republic,0,1,0
SM,Egypt,Italy,9,22,9
NH,Philippines,Japan,1,1,1
QH,Thailand,Vietnam,0,4,0
FR,Italy,Ghana,0,1,0
WY,Sri Lanka,Italy,0,1,0
BA,Italy,Cayman Islands,1,0,1
EK,United Kingdom,Kenya,1,0,1
AZ,Italy,Netherlands,20,98,20
U2,Italy,Germany,103,14,102
BT,Lithuania,Latvia,1,0,1
LH,Portugal,Italy,1,0,1
TK,United States,Italy,3,6,3
ME,Italy,Lebanon,0,6,0
TK,Hungary,Turkey,0,1,0
VS,Spain,United States,0,1,0
LX,Italy,Sweden,2,0,2
VB,Mexico,Mexico,15,11,15
FR,Spain,Egypt,0,2,0
ID,Singapore,Indonesia,0,4,0
AF,Canada,Italy,0,1,0
RJ,Saudi Arabia,Italy,2,0,2
AM,Peru,Spain,0,1,0
LH,Luxembourg,United States,2,0,2
5W,Jordan,United Arab Emirates,0,1,0
AY,Italy,Puerto Rico,0,1,0
VY,France,Italy,36,19,36
LH,Italy,Luxembourg,3,1,3
UA,United States,The Bahamas,1,0,1
EK,Italy,Bangladesh,0,1,0
6E,Nepal,India,0,2,0
BA,Portugal,India,1,0,1
JU,Italy,Cyprus,1,0,1
TK,United Arab Emirates,Italy,0,1,0
Y4,Mexico,Mexico,0,12,0
U2,Netherlands,United Kingdom,2,0,2
EY,Spain,United Arab Emirates,1,0,1
IB,Italy,Bolivia,0,2,0
LH,France,Argentina,1,0,1
AF,Italy,Denmark,1,0,1
AZ,Italy,Venezuela,0,1,0
GF,Italy,Pakistan,0,2,0
PC,Spain,Oman,0,1,0
TK,Turkey,Germany,0,8,0
IB,Chile,Spain,1,0,1
SK,Italy,Denmark,6,17,6
LX,Italy,Luxembourg,4,5,4
EY,Italy,,4,1,4
LX,Switzerland,France,0,1,0
EI,Republic of Ireland,France,3,2,3
BA,United Kingdom,Dominican Republic,0,1,0
WY,India,Italy,0,13,0
U2,Czech Republic,Italy,14,1,14
EY,Italy,Singapore,13,10,13
HV,France,Portugal,4,4,4
AF,Argentina,Italy,0,2,0
VY,Spain,Belgium,1,0,1
SQ,Italy,Japan,1,0,1
W6,Italy,Thailand,0,3,0
U4,India,Nepal,0,2,0
KE,Germany,South Korea,0,1,0
W6,Italy,Latvia,0,1,0
FR,Poland,Greece,0,3,0
LH,Singapore,Italy,1,0,1
WY,Australia,Italy,0,1,0
BA,Italy,Mexico,14,20,14
AR,Chile,Italy,0,1,0
EI,Italy,Republic of Ireland,24,37,24
AI,Germany,India,0,3,0
VZ,Thailand,Thailand,0,34,0
W6,Cyprus,Greece,3,0,3
BA,Switzerland,United Kingdom,1,0,1
JQ,Australia,New Zealand,1,0,1
EW,Denmark,Germany,1,1,1
UL,Sri Lanka,Thailand,1,0,1
3S,Guadeloupe,Dominican Republic,0,1,0
PC,Spain,Turkey,0,1,0
TX,France,Guadeloupe,0,2,0
EY,Italy,South Korea,0,1,0
AY,Norway,Italy,1,4,1
LO,Poland,Italy,0,3,0
TK,Germany,Turkey,2,0,2
AF,Vietnam,Italy,0,2,0
LH,Switzerland,United States,0,2,0
NO,Italy,Mauritius,0,2,0
U2,Italy,Morocco,95,20,94
EK,Germany,Pakistan,0,1,0
LX,Italy,Brazil,2,23,2
KE,Japan,Italy,1,0,1
SN,Belgium,Spain,0,2,0
HY,Italy,,0,2,0
EK,Sri Lanka,Italy,1,1,1
W6,Romania,Germany,1,1,1
XQ,Turkey,Italy,2,1,2
KL,Italy,Denmark,1,2,1
FR,Germany,Poland,0,1,0
U2,Germany,United Kingdom,2,0,2
"",Panama,Costa Rica,0,2,0
TR,Malaysia,Brazil,0,1,0
4Y,Germany,Italy,0,1,0
W6,Italy,France,99,99,98
AF,Italy,Guadeloupe,2,3,2
LH,Italy,Estonia,4,3,4
VY,Spain,United States,0,4,0
LH,France,Aruba,0,1,0
LH,Italy,Cuba,0,5,0
AT,Senegal,Italy,0,1,0
EK,Italy,Colombia,0,3,0
DY,Italy,Iceland,0,3,0
WF,Italy,Norway,0,4,0
NK,Colombia,Italy,0,4,0
LH,Germany,Brazil,0,1,0
QR,Pakistan,Italy,0,1,0
LH,Turkey,Germany,1,0,1
UA,Costa Rica,Italy,0,5,0
MS,Republic of Ireland,Egypt,0,6,0
EY,France,Seychelles,1,0,1
"",Spain,Argentina,4,0,4
FR,Denmark,Germany,2,0,2
W6,Italy,Tanzania,0,1,0
LH,Italy,Ecuador,0,1,0
IZ,Israel,Georgia,1,0,1
SN,Italy,Denmark,0,1,0
LX,Germany,Australia,0,1,0
AS,United States,,0,1,0
TP,Senegal,Italy,4,9,4
AT,Morocco,Morocco,9,1,9
LA,Peru,Italy,0,8,0
IB,Argentina,Italy,6,1,6
TK,Italy,Nigeria,0,8,0
ET,Italy,,0,8,0
LX,Italy,Canada,1,3,1
SQ,Italy,,0,5,0
FR,Latvia,Italy,0,3,0
LH,Italy,Peru,0,3,0
AY,France,United States,0,1,0
D7,Malaysia,Japan,0,3,0
I2,Spain,Germany,1,0,1
AZ,Malta,Italy,0,2,0
W2,Italy,Italy,0,1,0
QR,Italy,Tanzania,0,1,0
TR,Germany,,0,1,0
HV,Portugal,Italy,0,2,0
U2,Italy,Greece,1380,142,1366
SV,Germany,Tanzania,0,1,0
GF,Italy,Singapore,0,7,0
TK,Italy,Kenya,7,11,7
TP,Cape Verde,Italy,0,2,0
EK,France,Indonesia,1,1,1
LX,Portugal,Italy,1,0,1
AV,Paraguay,Italy,0,2,0
F9,Puerto Rico,United States,0,1,0
AT,Morocco,Egypt,0,2,0
W6,Romania,Spain,1,2,1
LH,Egypt,Italy,1,0,1
LH,Italy,Egypt,11,26,11
A3,Greece,Republic of Macedonia,1,0,1
W6,United Arab Emirates,Belgium,0,1,0
NO,Italy,Italy,0,2,0
FR,Italy,Mexico,0,3,0
U2,France,France,16,2,16
5W,United Arab Emirates,Maldives,3,3,3
BT,Italy,Latvia,6,4,6
LH,Italy,South Korea,14,17,14
E9,Cuba,Italy,0,19,0
QR,Italy,Nepal,2,11,2
A3,Lebanon,Italy,1,2,1
LO,Switzerland,Poland,0,1,0
U2,Italy,Brazil,0,6,0
ET,United Arab Emirates,Nigeria,1,1,1
OS,Belgium,Austria,0,1,0
OS,Belgium,Hungary,0,1,0
IB,Peru,Spain,1,0,1
TP,Italy,Argentina,0,2,0
GQ,Greece,Greece,21,27,21
FR,France,Spain,5,0,5
LH,France,Italy,7,1,7
TK,Uzbekistan,Italy,2,1,2
VY,Spain,United Kingdom,1,1,1
FZ,Italy,Bangladesh,0,1,0
LA,Germany,Chile,0,1,0
DT,Portugal,Brazil,0,2,0
LO,China,Italy,10,2,10
OS,Italy,Canada,0,3,0
MX,United States,United States,1,0,1
LH,Switzerland,Italy,0,1,0
SS,France,Martinique,2,0,2
4Z,Namibia,South Africa,0,1,0
AZ,Italy,Moldova,0,1,0
OU,Italy,Croatia,0,17,0
XK,Italy,France,0,1,0
QR,Japan,Italy,2,0,2
LH,Italy,Finland,8,2,8
JU,Czech Republic,Albania,1,0,1
JQ,Australia,Indonesia,2,0,2
UA,United States,,0,1,0
U2,Italy,Vietnam,0,1,0
XZ,Italy,Malta,0,1,0
QF,Italy,,0,1,0
PC,Turkey,Netherlands,1,0,1
OG,Italy,Iceland,3,11,3
LG,Italy,Germany,0,2,0
LH,Italy,Namibia,4,0,4
FR,Belgium,Spain,2,5,2
Y4,Costa Rica,Mexico,0,1,0
PC,Italy,Qatar,3,0,3
BT,France,Estonia,0,1,0
FR,Greece,Romania,1,0,1
TU,Ivory Coast,Italy,0,1,0
IV,Germany,Republic of Kosovo,0,1,0
Z9,Malaysia,Malaysia,0,7,0
AM,Mexico,United States,0,3,0
FR,Portugal,Portugal,13,3,13
AY,Italy,South Korea,5,1,5
PU,Colombia,Spain,0,6,0
LH,Portugal,Canada,2,1,2
NE,Egypt,Saudi Arabia,0,1,0
MH,Australia,Italy,0,4,0
FR,Italy,Moldova,0,3,0
LO,Czech Republic,Poland,0,1,0
UX,Italy,Costa Rica,0,4,0
SS,Dominican Republic,Italy,0,3,0
UL,Japan,France,1,0,1
AY,Spain,United States,0,1,0
U2,Italy,Puerto Rico,0,1,0
FR,Italy,Lithuania,9,25,9
U2,Italy,,0,18,0
SQ,Italy,Australia,70,0,69
FY,Malaysia,Malaysia,1,1,1
TP,Italy,Morocco,2,21,2
QR,Italy,Maldives,18,20,18
BA,Switzerland,United States,0,2,0
UA,Guatemala,Italy,0,1,0
PC,Italy,Philippines,0,1,0
FR,Spain,Turkey,0,1,0
JQ,Japan,Philippines,0,1,0
AZ,France,Italy,12,30,12
JU,Italy,Greece,1,10,1
W9,United Kingdom,Spain,2,2,2
QR,Bulgaria,Vietnam,0,2,0
FR,Poland,Estonia,0,5,0
KL,Italy,Thailand,4,2,4
LX,Spain,United States,0,2,0
EK,Slovenia,India,0,7,0
FR,Republic of Ireland,Spain,2,0,2
CX,Italy,Hong Kong,0,3,0
DY,Denmark,Norway,2,0,2
AF,Italy,Madagascar,7,4,7
SL,India,Thailand,0,1,0
AV,Panama,Brazil,1,0,1
AK,Malaysia,Singapore,0,2,0
VY,Chile,Spain,0,1,0
MS,Switzerland,South Africa,0,1,0
SK,Germany,Spain,0,1,0
OG,Canada,Italy,0,1,0
NO,Greece,Italy,0,1,0
SK,Italy,Norway,4,23,4
GF,Italy,Thailand,0,17,0
LX,Thailand,Italy,1,0,1
AT,Italy,Cape Verde,13,0,13
NK,United States,United States,25,14,25
MK,Mauritius,Italy,0,2,0
LH,Germany,Spain,3,1,3
PC,Italy,,0,4,0
FR,Spain,Tunisia,0,1,0
AA,Austria,United States,1,0,1
HV,Morocco,Germany,0,1,0
DL,The Bahamas,United States,2,0,2
OS,Austria,Netherlands,1,0,1
IB,Portugal,Israel,1,0,1
T7,Italy,France,0,1,0
J9,Kuwait,Sri Lanka,1,0,1
AY,Sweden,Japan,0,1,0
AZ,Italy,Belgium,7,27,7
ET,Italy,Namibia,6,6,6
RJ,Italy,Egypt,2,2,2
AZ,Italy,Mexico,0,48,0
EK,South Africa,Italy,1,1,1
V7,Italy,Netherlands,0,1,0
LA,Spain,Argentina,2,2,2
FR,Belgium,Sweden,0,1,0
VY,Italy,Netherlands,16,14,16
LG,Italy,Spain,0,1,0
LH,Italy,Aruba,0,3,0
TK,Italy,United Arab Emirates,3,10,3
LX,Italy,Hong Kong,1,2,1
W6,Italy,United States,0,11,0
B0,Italy,United States,0,2,0
LH,Turkey,France,1,0,1
TK,Italy,Lebanon,0,2,0
CM,Ecuador,Panama,0,2,0
NO,Cuba,Italy,0,3,0
VS,Barbados,Egypt,2,4,2
GE*,South Africa,South Africa,3,2,3
AF,Italy,Benin,0,1,0
AT,Spain,Western Sahara,0,2,0
BA,Italy,Austria,1,0,1
PK,Pakistan,Oman,1,0,1
LO,Italy,China,0,1,0
DE,Tunisia,Jamaica,1,0,1
BR,Vietnam,Italy,0,1,0
E9,Spain,Mexico,0,1,0
DM,Dominican Republic,Peru,0,1,0
ET,Madagascar,Italy,1,0,1
LA,Paraguay,Italy,0,4,0
EK,Italy,Mauritius,1,55,1
AR,Argentina,Brazil,0,4,0
QR,United Arab Emirates,Qatar,0,3,0
RO,Romania,Philippines,0,5,0
V7,France,,0,1,0
OS,Italy,Maldives,0,1,0
AM,Peru,Italy,0,1,0
W6,Italy,Canada,0,2,0
LH,Italy,New Zealand,0,3,0
ET,Norway,Sweden,2,0,2
CX,Italy,Japan,0,4,0
KL,Italy,Netherlands,92,103,91
TK,Italy,India,3,14,3
W6,Netherlands,Italy,6,3,6
E9,Spain,Costa Rica,3,0,3
VY,Netherlands,Denmark,1,2,1
BA,Costa Rica,Cayman Islands,0,1,0
IB,United States,Italy,6,0,6
TK,Belgium,United Arab Emirates,0,1,0
AF,Italy,Germany,1,0,1
KM,France,Malta,0,2,0
LH,Italy,Croatia,1,0,1
CM,Panama,Trinidad and Tobago,0,7,0
EY,Germany,,0,1,0
QR,Italy,South Africa,2,0,2
AF,Guinea,,0,1,0
AK,Malaysia,Japan,0,1,0
SK,Italy,China,0,1,0
W6,Poland,Italy,20,7,20
UA,Germany,United States,3,1,3
FR,Morocco,France,2,3,2
QR,Italy,New Zealand,0,1,0
VB,Mexico,Cuba,1,0,1
AY,Italy,Singapore,2,1,2
"",Italy,Argentina,2,0,2
DY,Norway,Morocco,0,1,0
U2,France,Germany,3,0,3
ET,Italy,Benin,1,0,1
LO,Italy,India,0,23,0
AI,Italy,Sri Lanka,0,1,0
OS,Iraq,Italy,2,0,2
SN,Italy,Ivory Coast,2,0,2
FZ,Maldives,Italy,0,1,0
KL,Netherlands,Germany,3,0,3
KM,Italy,Belgium,0,1,0
DL,Argentina,Italy,3,0,3
AF,Sweden,Tunisia,1,2,1
IB,Netherlands,Argentina,1,0,1
SN,Sweden,Italy,1,0,1
EW,Italy,Morocco,0,1,0
WY,Italy,New Zealand,0,2,0
EK,Italy,United States,126,12,125
EK,Australia,Germany,1,0,1
ET,Italy,Kenya,2,6,2
LH,Republic of Ireland,Austria,2,0,2
AF,Italy,South Korea,2,1,2
UX,Spain,Mexico,0,1,0
VY,United Kingdom,France,2,0,2
BA,Norway,,1,0,1
IB,United States,Portugal,1,0,1
NK,U.S. Virgin Islands,United States,0,1,0
4Z,Mozambique,South Africa,0,1,0
FR,Republic of Ireland,Italy,12,19,12
LO,Italy,Poland,7,9,7
FR,United Kingdom,France,0,1,0
KL,United Kingdom,Italy,4,1,4
TP,Brazil,Portugal,2,1,2
FR,Italy,Indonesia,0,10,0
6H,Italy,Israel,0,7,0
AT,Italy,Guinea-Bissau,0,1,0
BA,Italy,Saint Vincent and the Grenadines,0,7,0
WE,Cambodia,Vietnam,0,1,0
AA,Bermuda,United States,2,0,2
SK,Germany,Denmark,1,0,1
TP,Poland,Portugal,0,1,0
FR,Austria,United Kingdom,1,0,1
AA,United States,United States,66,0,65
U2,Italy,Luxembourg,10,4,10
HV,France,Italy,22,21,22
ZL,Australia,Australia,1,6,1
TR,Greece,Thailand,2,0,2
AF,Switzerland,,0,3,0
KL,Italy,Switzerland,0,1,0
BA,Italy,China,0,2,0
I2,Spain,Spain,9,0,9
DY,Republic of Ireland,Norway,0,3,0
UA,Belgium,United States,1,0,1
DY,Denmark,Italy,18,5,18
AF,Netherlands,Italy,1,0,1
QZ,Indonesia,Singapore,0,4,0
W6,Saudi Arabia,Italy,4,0,4
VN,Thailand,Vietnam,2,1,2
AF,Switzerland,United States,0,1,0
LX,Italy,Cuba,0,5,0
FR,Italy,Hungary,114,186,113
FR,Jordan,Cyprus,2,0,2
TP,Italy,Senegal,3,5,3
FR,Morocco,Malta,0,1,0
FR,Greece,Spain,0,1,0
WE,Thailand,Thailand,1,3,1
DL,Italy,Canada,1,0,1
G8,United Arab Emirates,Thailand,0,3,0
LH,Costa Rica,Germany,0,1,0
AT,Spain,Morocco,0,2,0
A3,Republic of Ireland,Egypt,0,1,0
AA,Italy,,12,0,12
U2,Austria,Netherlands,1,0,1
8D,Maldives,Sri Lanka,0,2,0
SQ,Turkey,Indonesia,3,3,3
NT,Italy,Senegal,0,4,0
ET,Italy,Ghana,3,3,3
WS,United States,Canada,0,2,0
JA,Chile,Brazil,0,3,0
CM,United States,Argentina,0,1,0
LH,Italy,Iceland,4,1,4
AZ,Italy,Sweden,0,1,0
OS,Austria,Spain,0,1,0
BA,Spain,United States,1,0,1
TK,Switzerland,Turkey,0,1,0
U2,Greece,Italy,85,6,84
W6,Italy,Saudi Arabia,29,30,29
PC,Georgia,Italy,3,1,3
AT,Belgium,Morocco,1,0,1
SL,Thailand,Thailand,0,10,0
OS,Albania,Germany,1,1,1
SQ,Germany,Australia,2,1,2
U2,Germany,Spain,1,1,1
EY,Belgium,Pakistan,0,1,0
XZ,Italy,Maldives,0,2,0
EN,Italy,Aruba,0,1,0
2B,Italy,Albania,0,76,0
AZ,Italy,Colombia,0,8,0
W6,Jordan,Italy,6,3,6
B6,United States,The Bahamas,0,2,0
VJ,Vietnam,Vietnam,0,17,0
LX,Switzerland,,0,8,0
QR,Italy,Kenya,2,0,2
SV,Italy,Singapore,2,5,2
FI,United States,Italy,0,1,0
UX,United States,Italy,0,2,0
WE,Thailand,Laos,2,0,2
W6,Italy,China,0,1,0
FZ,Italy,United Arab Emirates,16,55,16
VY,Senegal,Spain,1,0,1
W6,Albania,Germany,0,1,0
AF,Italy,Panama,2,0,2
SQ,Netherlands,Malaysia,1,0,1
AV,Argentina,United States,1,3,1
IB,Italy,Venezuela,1,0,1
A3,Romania,Greece,0,1,0
FR,Italy,Canada,0,2,0
DL,United States,Mexico,1,0,1
W9,Slovenia,United Kingdom,1,0,1
KL,Italy,Germany,7,12,7
LX,Italy,Germany,14,17,14
BR,Italy,Vietnam,0,1,0
W6,United Kingdom,India,0,1,0
V7,Italy,Romania,0,2,0
J2,Italy,,0,3,0
RJ,Egypt,Israel,0,2,0
NK,United States,Dominican Republic,1,0,1
CX,Japan,Italy,0,3,0
TK,Italy,Venezuela,2,2,2
EK,Italy,Canada,0,1,0
WY,United Arab Emirates,Oman,0,1,0
UX,Spain,France,0,1,0
AA,United States,Peru,1,0,1
TR,Singapore,Japan,1,0,1
W6,United Kingdom,Hungary,1,0,1
KL,Netherlands,United States,0,1,0
AR,Italy,Argentina,0,18,0
DY,Spain,Sweden,3,0,3
J2,Azerbaijan,Georgia,0,1,0
TK,Iran,Italy,4,1,4
QH,Vietnam,Vietnam,3,2,3
BA,United Kingdom,Japan,1,0,1
OV,Oman,Thailand,0,1,0
KL,Luxembourg,Poland,1,0,1
FR,Italy,Maldives,0,1,0
6E,Turkey,India,2,1,2
OZ,South Korea,Japan,0,1,0
5F,Armenia,France,0,1,0
TP,Italy,Republic of Ireland,0,1,0
DY,Norway,Finland,4,0,4
BY,United Kingdom,Dominican Republic,1,0,1
SN,Italy,Burkina Faso,2,0,2
LH,Italy,Serbia,1,1,1
AZ,Italy,Philippines,0,5,0
ET,Cameroon,Italy,2,0,2
LH,Germany,Romania,0,3,0
LX,Italy,Argentina,2,2,2
NP,Saudi Arabia,Italy,0,1,0
U2,Spain,Portugal,3,0,3
KL,Italy,Nigeria,0,2,0
AF,Costa Rica,Italy,0,1,0
EK,China,Brazil,1,0,1
W6,Italy,,0,28,0
BF,France,United States,3,4,3
AF,Italy,Canada,12,11,12
LX,Sweden,Italy,4,1,4
KL,Serbia,,1,0,1
W9,Turkey,United Kingdom,1,0,1
6E,Saudi Arabia,Thailand,1,2,1
TK,Turkey,Thailand,1,0,1
KL,Greece,United States,1,0,1
FR,Italy,Portugal,319,599,316
MS,Italy,Tanzania,0,11,0
QH,Vietnam,Singapore,1,0,1
AY,Italy,Finland,50,9,50
I5,India,India,3,3,3
OS,Italy,India,0,4,0
GR,United Kingdom,Guernsey,0,1,0
EY,Italy,Malaysia,5,3,5
TG,Germany,,0,1,0
U2,Republic of Macedonia,Italy,1,0,1
LH,Romania,Germany,2,1,2
EK,Indonesia,France,1,0,1
U2,Republic of Kosovo,Italy,0,1,0
AD,Italy,Brazil,0,2,0
AZ,Italy,The Bahamas,0,3,0
W6,Italy,Venezuela,0,1,0
PG,Thailand,,0,8,0
TK,Venezuela,Italy,0,6,0
AZ,Italy,Thailand,0,5,0
U2,Greece,United Kingdom,1,0,1
W6,Italy,Croatia,0,6,0
VY,Denmark,Netherlands,1,0,1
LH,Japan,Germany,0,1,0
AD,Portugal,Brazil,0,1,0
PC,Italy,Georgia,1,0,1
FZ,Tanzania,United Arab Emirates,2,2,2
D7,South Korea,Indonesia,0,1,0
DL,United States,The Bahamas,2,0,2
AF,Brazil,Italy,2,3,2
EY,Bangladesh,Italy,0,8,0
TK,Italy,Oman,0,4,0
TK,Italy,Peru,0,1,0
EY,Spain,India,1,0,1
EW,Austria,Germany,1,1,1
LH,Germany,Costa Rica,0,2,0
AC,Italy,Cuba,0,1,0
FR,Belgium,United Arab Emirates,0,1,0
PC,Lebanon,Turkey,1,0,1
Z2,Philippines,,0,13,0
IB,Italy,Mexico,4,16,4
W6,Serbia,Italy,2,4,2
CI,Cambodia,Italy,0,3,0
SQ,Italy,Cambodia,1,1,1
U2,Italy,Albania,0,2,0
TP,Germany,Portugal,0,2,0
BF,United States,French Polynesia,1,0,1
FR,Spain,Germany,1,2,1
LH,United Kingdom,Germany,0,1,0
EY,Egypt,Indonesia,0,1,0
W6,Italy,Azerbaijan,1,0,1
DY,Denmark,France,3,0,3
MS,Kenya,Italy,0,2,0
PC,Albania,Turkey,2,0,2
LH,Italy,Poland,1,0,1
KL,Italy,Sweden,2,0,2
TK,Italy,Uganda,1,0,1
EW,Germany,Denmark,1,0,1
FZ,Italy,India,0,1,0
TP,Venezuela,Italy,0,1,0
SK,Norway,Sweden,0,1,0
WO,Canada,Canada,1,1,1
UX,Italy,Argentina,4,9,4
LH,Italy,Jordan,2,0,2
X1,Kenya,Kenya,0,4,0
AC,Canada,Canada,2,2,2
XZ,Israel,Italy,1,0,1
TK,Turkey,Cuba,0,1,0
WS,Italy,United States,6,18,6
WY,Italy,Malaysia,1,24,1
FI,Italy,,0,4,0
ET,Italy,Tanzania,19,28,19
SG,India,India,2,2,2
2W,Spain,Dominican Republic,0,1,0
AT,Italy,Western Sahara,0,3,0
TS,Portugal,Canada,0,2,0
HV,Italy,France,42,99,42
AF,Czech Republic,France,1,0,1
OZ,Italy,South Korea,4,3,4
SK,Switzerland,Netherlands,0,2,0
U2,Italy,Canada,0,2,0
BA,Italy,Iceland,0,1,0
"",United States,Italy,1,0,1
EY,Italy,Oman,0,1,0
3L,Oman,United Arab Emirates,0,2,0
AA,United States,Belize,2,0,2
TK,Italy,Iraq,1,19,1
DY,Denmark,Denmark,0,1,0
U2,United Kingdom,Greece,1,0,1
W6,United Kingdom,,0,2,0
CA,Thailand,Italy,0,5,0
TK,France,United Arab Emirates,0,2,0
LX,United Arab Emirates,Switzerland,1,0,1
FR,Italy,Brazil,0,3,0
QR,France,Indonesia,0,1,0
LH,Germany,,0,1,0
KL,Peru,Italy,2,5,2
HA,United States,United States,0,9,0
TK,France,India,0,1,0
FZ,Sri Lanka,Italy,0,1,0
SQ,Indonesia,Italy,1,0,1
G9,Italy,Oman,0,2,0
DD,Thailand,Thailand,16,21,16
KL,Italy,Faroe Islands,0,3,0
PC,United Arab Emirates,Spain,1,0,1
LH,Italy,United Arab Emirates,3,2,3
EW,United Kingdom,Italy,1,1,1
VY,Italy,Bolivia,1,1,1
AM,Italy,Colombia,0,1,0
PC,Egypt,Italy,1,0,1
2B,Italy,Italy,0,1,0
FR,Italy,Iceland,0,22,0
YT,Nepal,India,0,5,0
W6,France,Armenia,0,1,0
VU,Vietnam,Vietnam,0,3,0
LG,Luxembourg,,0,1,0
EN,Italy,United States,0,13,0
6E,Italy,India,16,26,16
LH,Netherlands,Italy,4,2,4
FR,Netherlands,Italy,16,17,16
W6,Italy,Estonia,3,6,3
BA,Italy,The Bahamas,1,2,1
FR,Portugal,Spain,2,7,2
Y4,United States,Mexico,0,2,0
TB,The Gambia,Belgium,0,1,0
SQ,Italy,Maldives,0,1,0
RO,United Kingdom,Romania,0,1,0
LH,Germany,Denmark,3,0,3
KQ,United Kingdom,Kenya,2,0,2
FR,Italy,Bulgaria,21,53,21
U2,Denmark,Italy,7,6,7
FD,Thailand,Switzerland,0,1,0
LA,Chile,Chile,1,1,1
FR,Italy,Albania,0,3,0
W9,Egypt,Italy,0,1,0
V7,Italy,United Kingdom,0,1,0
XC,Turkey,Germany,0,1,0
FR,France,Cyprus,0,1,0
AK,Malaysia,Brazil,0,1,0
LH,Germany,Poland,1,0,1
FR,Netherlands,Portugal,0,1,0
HV,Italy,Romania,0,1,0
DL,Switzerland,United States,2,0,2
W6,Israel,Cyprus,2,1,2
KL,Italy,El Salvador,0,4,0
TK,Iran,Turkey,1,0,1
AZ,Italy,Jamaica,0,2,0
KL,Italy,Iceland,0,2,0
EY,Portugal,Philippines,1,0,1
AZ,Italy,Western Sahara,0,1,0
BA,United States,Italy,23,5,23
ET,Italy,Madagascar,13,26,13
DL,United States,United States,53,0,52
3O,Morocco,Morocco,1,0,1
BA,Luxembourg,United Kingdom,0,2,0
FR,Morocco,Germany,0,1,0
OS,Italy,Cameroon,0,1,0
U2,Netherlands,Spain,1,0,1
LX,Italy,Mexico,0,3,0
OU,Bosnia and Herzegovina,Croatia,0,1,0
HC,Senegal,United States,0,2,0
G9,Italy,Bangladesh,2,0,2
CY,Cyprus,Italy,2,1,2
VY,Italy,Peru,1,0,1
W6,Republic of Macedonia,Germany,0,1,0
TR,Malaysia,Greece,0,2,0
SQ,Switzerland,Australia,1,0,1
AF,Switzerland,Tanzania,1,0,1
LH,Netherlands,Argentina,1,0,1
JU,Italy,Philippines,0,1,0
FR,Czech Republic,Hungary,2,1,2
FD,Thailand,,0,2,0
AY,Italy,Estonia,1,1,1
SN,Belgium,France,1,0,1
W6,Republic of Kosovo,Italy,1,0,1
BA,Norway,United Kingdom,1,0,1
AC,Romania,Canada,0,1,0
FR,Denmark,Italy,20,37,20
KU,Kuwait,Germany,3,0,3
UX,Italy,,0,7,0
FR,Cyprus,Italy,3,5,3
RO,Egypt,Italy,0,3,0
KS,Italy,Italy,2,0,2
LG,France,Luxembourg,0,1,0
FR,Germany,,0,2,0
OS,Italy,Mauritius,1,1,1
EY,Spain,Malaysia,1,0,1
U2,Italy,Japan,0,1,0
QG,Indonesia,Indonesia,0,5,0
LS,Italy,United Kingdom,13,28,13
N0,United States,Italy,9,12,9
RQ,Afghanistan,Slovenia,0,1,0
CA,Hong Kong,Italy,0,2,0
OS,Italy,Croatia,1,1,1
BA,Germany,United States,1,1,1
9N,Belize,Belize,0,1,0
TP,Italy,Portugal,53,246,52
W6,Romania,France,2,1,2
FR,Italy,Latvia,1,11,1
TP,Spain,Italy,0,6,0
HC,Senegal,Italy,0,4,0
IB,Italy,Peru,8,1,8
CA,Italy,Thailand,0,6,0
FR,France,France,1,2,1
SS,Martinique,Sint Maarten,0,3,0
CX,Philippines,Vietnam,0,1,0
OS,Moldova,Italy,0,1,0
VY,Senegal,Italy,1,0,1
TU,Italy,Ivory Coast,0,1,0
EK,United Arab Emirates,South Korea,1,0,1
PM,Spain,Morocco,0,1,0
RJ,Italy,Thailand,6,5,6
TP,United States,Portugal,0,1,0
W6,United Kingdom,Austria,0,1,0
W6,Italy,Republic of Kosovo,5,4,5
IB,Spain,Portugal,0,1,0
"",Italy,United States,3,0,3
LX,Italy,South Africa,5,3,5
FR,Italy,Tanzania,0,3,0
AT,Ivory Coast,Italy,0,3,0
LH,United States,Puerto Rico,0,5,0
ZG,Japan,Thailand,0,2,0
LG,Denmark,Luxembourg,0,2,0
TR,Singapore,Malaysia,1,1,1
OD,Thailand,Nepal,0,1,0
W6,Italy,Netherlands,6,18,6
AZ,Italy,Bulgaria,6,10,6
IB,Italy,Panama,7,11,7
UX,Italy,Mexico,4,40,4
AZ,Argentina,,0,3,0
EY,Germany,Indonesia,0,8,0
EK,Vietnam,Italy,1,1,1
BN,Italy,Tunisia,0,1,0
LH,Germany,Albania,3,0,3
DY,Estonia,Italy,0,1,0
FR,United Kingdom,,0,1,0
E5,Egypt,Italy,28,8,28
OS,Italy,Austria,59,116,58
QZ,Singapore,Indonesia,0,27,0
TM,Mozambique,Mozambique,0,6,0
ET,Italy,Rwanda,0,2,0
AC,France,Canada,1,0,1
LY,United Arab Emirates,Italy,0,1,0
TP,United Kingdom,Portugal,1,0,1
KL,Denmark,United States,0,1,0
AZ,Italy,Chile,0,1,0
OS,Italy,Moldova,1,0,1
JU,Italy,Serbia,22,28,22
EK,Italy,United Arab Emirates,25,40,25
FY,Malaysia,,0,5,0
NT,Spain,Morocco,0,6,0
OS,Italy,Montenegro,2,0,2
EI,Netherlands,Republic of Ireland,1,0,1
VE,Colombia,Colombia,0,2,0
AZ,Luxembourg,Italy,0,1,0
MS,Italy,Japan,0,4,0
OD,Indonesia,Australia,0,1,0
CX,Vietnam,Italy,0,1,0
BT,Latvia,Estonia,1,0,1
Z0,United States,Italy,7,6,7
SV,Italy,Malaysia,1,7,1
FD,Thailand,Singapore,0,2,0
W9,Italy,United Kingdom,4,11,4
EK,Italy,Vietnam,6,10,6
TP,Portugal,Mexico,2,2,2
QR,Vietnam,United Kingdom,3,0,3
RO,Netherlands,Romania,0,1,0
TG,Switzerland,Thailand,0,1,0
LH,Italy,Kenya,1,0,1
CX,United States,China,0,2,0
AF,Italy,Guinea,1,0,1
AZ,Italy,Australia,0,1,0
BX,South Korea,South Korea,0,1,0
KX,Cuba,Italy,0,1,0
VY,Italy,Italy,53,65,52
QF,Australia,Australia,9,0,9
QR,Bulgaria,Japan,1,0,1
W6,France,Romania,0,2,0
G3,Brazil,United States,0,1,0
U2,Italy,Malta,61,16,60
QZ,Indonesia,Indonesia,0,18,0
LX,Italy,China,0,2,0
EK,Italy,South Africa,10,2,10
W6,Germany,Italy,2,5,2
PC,Italy,Saudi Arabia,2,0,2
AC,Italy,Chile,1,0,1
OS,Albania,United States,0,1,0
B6,United States,Mexico,0,1,0
TG,Germany,Thailand,4,0,4
AZ,Italy,Seychelles,0,1,0
AV,Spain,Costa Rica,1,0,1
EI,Italy,United Kingdom,0,1,0
W6,Germany,Republic of Kosovo,1,0,1
LY,Italy,Philippines,0,1,0
NK,Dominican Republic,United States,0,2,0
OG,United Kingdom,Iceland,1,1,1
LH,Italy,Singapore,2,2,2
LX,Switzerland,United States,0,5,0
EN,Italy,Romania,0,1,0
RO,Italy,Afghanistan,0,1,0
PC,Bosnia and Herzegovina,,0,2,0
KL,Italy,Panama,1,5,1
LX,Italy,Australia,0,3,0
A3,Belgium,Greece,1,0,1
LH,Italy,Malta,8,0,8
KL,United States,Italy,2,1,2
W6,United Kingdom,Romania,0,2,0
LM,United Kingdom,United Kingdom,0,1,0
LX,Luxembourg,Italy,0,1,0
UA,Jamaica,Italy,1,0,1
V7,Italy,Tunisia,0,2,0
QR,Spain,Japan,0,2,0
FR,Italy,Argentina,0,8,0
G3,Argentina,Italy,0,1,0
AF,Italy,Spain,1,4,1
TK,Italy,Ghana,0,4,0
KM,Malta,Germany,0,3,0
W6,Austria,United Arab Emirates,1,0,1
FR,Italy,Thailand,0,4,0
QR,Italy,Qatar,1,1,1
TK,Germany,United Arab Emirates,1,0,1
BY,United Kingdom,Greece,1,0,1
TR,Japan,Greece,0,2,0
AZ,Italy,Cameroon,0,1,0
WV,South Africa,Namibia,1,0,1
TP,Italy,Venezuela,0,3,0
JT,Indonesia,Indonesia,0,15,0
AF,France,France,4,5,4
V7,Portugal,Italy,0,4,0
AT,Italy,Senegal,1,4,1
UL,Sri Lanka,Maldives,1,0,1
LH,Italy,Greece,3,4,3
IB,Spain,Peru,1,0,1
AF,Italy,Kenya,0,2,0
AY,Latvia,Italy,1,0,1
SM,Egypt,Egypt,0,1,0
A3,Greece,Egypt,0,2,0
FR,Portugal,Austria,0,1,0
W2,Italy,Israel,0,1,0
CX,Indonesia,Hong Kong,0,1,0
NK,Dominican Republic,Italy,0,5,0
KL,Italy,Japan,3,0,3
SK,Italy,Sweden,1,3,1
VY,Italy,Republic of Ireland,0,2,0
NK,Mexico,United States,1,0,1
MS,Italy,Saudi Arabia,0,3,0
FZ,Pakistan,United Arab Emirates,0,2,0
AF,Italy,Belize,0,1,0
9U,Moldova,Czech Republic,0,1,0
TR,Thailand,Singapore,2,0,2
TK,Italy,Uzbekistan,0,9,0
KM,Switzerland,Italy,0,1,0
TK,Italy,South Africa,1,5,1
5F,Moldova,Italy,2,1,2
LH,Germany,Tunisia,0,2,0
AZ,Italy,Vietnam,3,19,3
W6,Netherlands,Romania,0,1,0
WY,Italy,Sri Lanka,0,3,0
BA,Italy,Cuba,0,1,0
VJ,South Korea,Indonesia,0,1,0
OS,Italy,Germany,0,5,0
FR,Sweden,Italy,14,12,14
GM,Switzerland,Spain,0,5,0
G8,India,India,0,17,0
SV,Italy,Saudi Arabia,0,1,0
8D,Sri Lanka,Maldives,0,3,0
JQ,Australia,Italy,0,3,0
TR,Australia,Singapore,1,1,1
QR,Sweden,Indonesia,1,0,1
VY,Malta,Portugal,0,1,0
IB,Italy,Puerto Rico,1,0,1
IB,Argentina,Australia,0,1,0
UA,Italy,Mexico,1,0,1
TR,Japan,Sweden,0,1,0
IB,Costa Rica,Italy,1,0,1
FR,Lithuania,Italy,0,5,0
W6,Czech Republic,Italy,11,3,11
W6,Italy,Germany,5,43,5
KL,United States,Switzerland,0,1,0
CY,Italy,Cyprus,0,5,0
EI,Belgium,Republic of Ireland,1,1,1
5J,Philippines,South Korea,2,1,2
SN,Italy,Japan,0,2,0
PC,Austria,Iraq,0,1,0
UX,Italy,Portugal,0,1,0
FR,Spain,Morocco,2,6,2
DL,Cuba,United States,2,0,2
EW,Switzerland,Spain,0,1,0
ET,Italy,Seychelles,8,13,8
UA,Mexico,Italy,4,1,4
LH,Italy,Kazakhstan,0,1,0
TP,Denmark,Portugal,0,1,0
RO,Italy,Romania,0,2,0
VY,Malta,Spain,0,1,0
LH,China,Italy,0,1,0
PC,Italy,Afghanistan,0,2,0
PC,Iraq,Turkey,6,0,6
LX,Switzerland,Italy,2,12,2
LA,Colombia,Brazil,1,0,1
QR,Switzerland,Indonesia,1,2,1
TK,United Kingdom,Egypt,1,0,1
UX,Italy,El Salvador,0,6,0
QF,Australia,,1,0,1
FR,Poland,Austria,1,1,1
H4,Romania,Italy,0,1,0
AT,Italy,Guinea,0,1,0
MH,Thailand,Malaysia,2,0,2
TU,Libya,Morocco,0,5,0
U2,United Kingdom,Netherlands,8,0,8
AF,France,Italy,28,45,28
W6,Italy,United Kingdom,122,154,121
JQ,Singapore,Indonesia,2,0,2
EY,Italy,United Arab Emirates,73,12,72
LX,Italy,Spain,8,5,8
TR,Germany,Singapore,1,0,1
AH,Italy,Algeria,0,3,0
AZ,Israel,Italy,1,3,1
KL,Netherlands,Norway,0,2,0
LX,France,Switzerland,1,1,1
TU,Italy,Canada,0,1,0
MS,Italy,Kenya,0,11,0
QR,Italy,Iran,0,1,0
5F,Italy,Moldova,0,9,0
KL,Sweden,Italy,3,3,3
KL,Netherlands,Portugal,1,0,1
3F,Italy,Armenia,1,1,1
U2,Italy,Poland,0,1,0
TK,Kazakhstan,Italy,0,1,0
LH,Luxembourg,United Arab Emirates,0,1,0
AZ,Italy,Bolivia,0,1,0
SV,United Arab Emirates,Thailand,0,1,0
AF,Slovenia,France,1,0,1
AF,Italy,India,2,1,2
DY,Norway,Netherlands,0,3,0
CA,China,Serbia,0,1,0
OG,Denmark,Iceland,0,1,0
LX,Greece,Germany,3,0,3
EN,Italy,Canada,0,1,0
LX,Spain,Italy,3,1,3
MS,Italy,Oman,0,1,0
W6,Poland,Norway,1,2,1
SV,Italy,Philippines,9,15,9
FR,Italy,Cape Verde,0,4,0
BA,Italy,Chile,4,7,4
FZ,Turkey,United Arab Emirates,1,0,1
AF,Italy,El Salvador,0,2,0
FD,Thailand,Vietnam,0,2,0
LH,Italy,Cambodia,0,2,0
SB,Singapore,French Polynesia,0,1,0
AZ,Montenegro,Italy,0,1,0
HY,Turkey,Uzbekistan,0,1,0
LA,Uruguay,Peru,0,1,0
AZ,Argentina,Italy,4,34,4
V7,Italy,Spain,35,43,35
E5,Italy,Egypt,35,53,35
EW,Italy,Sweden,10,5,10
KL,Italy,Mexico,4,10,4
AF,Italy,Cuba,18,17,18
SQ,Italy,Malaysia,0,1,0
OS,Germany,Italy,2,0,2
FR,France,Czech Republic,0,3,0
FR,United Kingdom,Netherlands,0,7,0
TB,Italy,Morocco,0,9,0
AI,Italy,Nepal,0,4,0
LX,Mexico,Italy,1,0,1
TK,Malaysia,Italy,1,1,1
AM,Italy,El Salvador,0,1,0
TN,France,United States,0,4,0
FZ,Albania,United Arab Emirates,4,0,4
KL,Italy,Kenya,1,3,1
IB,Portugal,Dominican Republic,1,0,1
CA,Italy,Japan,0,5,0
VY,France,Denmark,1,0,1
BA,Germany,United Kingdom,1,0,1
KL,Luxembourg,Mexico,0,2,0
AT,Italy,Mauritania,0,2,0
CI,Italy,Australia,0,2,0
TU,Tunisia,Dominican Republic,0,1,0
LH,Italy,Cyprus,2,4,2
FZ,Italy,Maldives,5,13,5
AF,France,Netherlands,3,0,3
PK,Italy,Pakistan,1,0,1
AF,France,Guadeloupe,3,0,3
MS,France,Ethiopia,0,1,0
W6,Italy,Norway,0,3,0
PG,Thailand,Malaysia,0,1,0
EK,Malaysia,Italy,5,1,5
W6,Italy,Republic of Ireland,0,1,0
GF,Italy,Bahrain,0,1,0
A3,Italy,Cyprus,2,6,2
SN,Italy,Sweden,1,3,1
WS,United Kingdom,Canada,1,0,1
VN,Vietnam,Italy,0,2,0
W6,Italy,Denmark,0,1,0
TK,Italy,China,1,0,1
KL,Aruba,Italy,1,0,1
OS,Romania,Italy,1,0,1
TK,France,Australia,0,1,0
SQ,Germany,United States,1,0,1
HU,China,Italy,0,4,0
IB,Italy,Guatemala,4,0,4
IB,Italy,El Salvador,6,3,6
FZ,Kuwait,United Arab Emirates,2,0,2
LA,Peru,United States,0,1,0
FR,Luxembourg,Italy,2,3,2
BA,Italy,Japan,1,1,1
3S,Sint Maarten,Puerto Rico,0,1,0
SK,Spain,China,0,1,0
6H,Israel,Morocco,0,1,0
VY,Italy,Canada,0,1,0
VY,Spain,Spain,52,47,51
W6,Greece,Italy,15,7,15
HY,Uzbekistan,Italy,0,1,0
CI,Italy,New Zealand,0,2,0
QR,Italy,Somalia,0,1,0
QR,Italy,Australia,4,4,4
W9,United Kingdom,Turkey,1,0,1
IB,Spain,Germany,1,0,1
OS,Turkey,Italy,0,2,0
EY,Thailand,Saudi Arabia,0,3,0
ME,Greece,Egypt,0,1,0
WY,Germany,Thailand,0,1,0
U2,Italy,Cyprus,15,8,15
W6,Serbia,Malta,1,0,1
NT,Senegal,Spain,0,1,0
TP,Canada,Italy,4,9,4
TK,Germany,Pakistan,2,0,2
LX,Germany,Italy,2,0,2
SV,India,Italy,0,2,0
LH,Germany,Germany,1,1,1
LH,Italy,The Bahamas,0,2,0
EY,Oman,United Arab Emirates,0,1,0
W6,France,Italy,24,11,24
JU,Greece,Italy,0,6,0
KL,Netherlands,,2,0,2
LH,Nigeria,United Kingdom,1,0,1
EW,Italy,Iceland,0,1,0
AZ,Tunisia,,0,2,0
SV,Turkey,Indonesia,0,1,0
OR,Netherlands,Aruba,1,0,1
5W,Maldives,United Arab Emirates,1,1,1
FD,Thailand,Thailand,0,44,0
W6,Belgium,Romania,1,0,1
PC,Italy,Lebanon,3,2,3
EN,Italy,Japan,0,6,0
OS,Italy,Bosnia and Herzegovina,2,0,2
TK,Italy,Mexico,1,3,1
W6,Montenegro,Italy,2,2,2
A3,Greece,Turkey,0,1,0
XZ,Italy,Poland,0,1,0
U2,Spain,Italy,118,8,117
LH,Italy,Republic of Ireland,5,5,5
W6,Austria,Italy,5,1,5
EN,Germany,Italy,3,0,3
FR,Hungary,Spain,1,0,1
FR,Finland,United Kingdom,0,1,0
OS,Bosnia and Herzegovina,Italy,0,1,0
E5,Egypt,Saudi Arabia,3,1,3
PC,Turkey,Austria,1,0,1
LX,Italy,Czech Republic,0,1,0
QR,Sweden,Japan,0,1,0
EK,Indonesia,Italy,9,1,9
LX,Italy,United Arab Emirates,5,1,5
IB,Colombia,Italy,1,5,1
QF,Italy,United States,0,8,0
AK,Malaysia,Malaysia,0,14,0
W6,Spain,,0,1,0
SP,Portugal,Portugal,1,1,1
KM,Italy,Greece,0,4,0
PC,Iraq,Italy,0,2,0
DY,Finland,Finland,0,1,0
BQ,Italy,Spain,1,0,1
AA,United States,Italy,2,0,2
BT,Germany,Latvia,1,0,1
G9,Italy,Pakistan,10,22,10
LH,Italy,Lithuania,3,1,3
U2,Italy,Israel,9,9,9
AF,Italy,Lebanon,1,0,1
TK,Italy,Ivory Coast,1,0,1
ET,Kenya,Italy,3,1,3
FR,Cyprus,Malta,1,0,1
SK,Denmark,Norway,2,0,2
6Y,Italy,Germany,0,1,0
PC,Germany,Albania,1,0,1
LH,Portugal,Albania,1,0,1
AF,Italy,Puerto Rico,0,1,0
SN,Italy,Guatemala,0,1,0
A3,Egypt,Albania,7,2,7
OS,Italy,,0,6,0
LH,Italy,Israel,1,0,1
VY,France,United Kingdom,3,0,3
KL,Norway,Germany,0,1,0
UX,Brazil,Italy,1,0,1
IB,Italy,Uruguay,0,2,0
UA,United States,Colombia,1,0,1
TP,Brazil,Belgium,0,1,0
PW,Tanzania,,0,1,0
OS,Italy,Denmark,1,1,1
LH,Germany,Austria,1,0,1
G9,Italy,Malaysia,9,7,9
U2,Italy,Switzerland,59,10,58
LJ,South Korea,Japan,3,2,3
TK,Italy,Hong Kong,1,3,1
UA,United States,French Polynesia,1,1,1
AF,Italy,Singapore,0,3,0
IB,Switzerland,United States,1,0,1
KL,France,Italy,3,0,3
EK,Germany,Maldives,0,3,0
GF,Kuwait,Bahrain,0,1,0
OS,Italy,Bulgaria,1,2,1
IB,Italy,Japan,0,2,0
K6,Cambodia,Vietnam,0,1,0
AT,Nigeria,Italy,0,1,0
KL,Netherlands,Italy,19,11,19
TK,Italy,Tanzania,1,11,1
AT,Morocco,Saudi Arabia,1,5,1
AF,Italy,Ecuador,1,7,1
IB,Italy,Chile,1,1,1
AZ,Italy,Luxembourg,1,1,1
FI,Switzerland,Iceland,1,1,1
IB,France,Colombia,0,2,0
FR,Italy,Cambodia,0,1,0
AI,India,France,0,2,0
OV,Oman,Oman,1,0,1
FZ,United Arab Emirates,Kazakhstan,0,1,0
3O,Italy,Morocco,139,54,138
AV,Colombia,,0,3,0
IU,Indonesia,Indonesia,0,4,0
CA,Italy,Taiwan,0,5,0
TP,France,Morocco,0,1,0
FR,Bulgaria,France,0,1,0
XQ,Germany,Turkey,0,1,0
AK,Maldives,Vietnam,0,1,0
KL,United Kingdom,Netherlands,1,1,1
W6,Italy,Serbia,6,10,6
FR,Germany,United Kingdom,1,4,1
FD,Cambodia,Thailand,0,4,0
EY,Italy,Seychelles,8,8,8
8B,Indonesia,Indonesia,0,3,0
FR,Greece,,0,1,0
ET,Madagascar,France,1,0,1
EK,Bangladesh,United Kingdom,1,0,1
SV,Egypt,Morocco,1,0,1
TK,Italy,Malaysia,8,14,8
LX,Switzerland,United Kingdom,3,0,3
LO,Italy,Canada,0,9,0
5J,Thailand,United Arab Emirates,1,0,1
SN,Italy,Dominican Republic,0,1,0
CI,Thailand,Taiwan,0,1,0
XZ,Italy,Croatia,0,1,0
BA,Italy,Kenya,0,1,0
U2,Luxembourg,Italy,9,4,9
BT,Italy,Finland,2,4,2
LO,Latvia,Italy,0,2,0
EK,Indonesia,Belgium,0,1,0
KL,Ecuador,Italy,0,2,0
VY,Italy,Cape Verde,0,3,0
SQ,Malaysia,United Arab Emirates,1,0,1
TM,South Africa,Mozambique,0,1,0
LH,Denmark,Romania,0,1,0
VY,Spain,Portugal,0,1,0
MS,Egypt,Italy,0,31,0
BA,Spain,United Kingdom,2,2,2
FJ,Australia,Fiji,1,4,1
IB,Portugal,Spain,2,1,2
W6,Bulgaria,United Arab Emirates,2,0,2
SN,France,Belgium,0,1,0
UO,Hong Kong,Vietnam,0,1,0
JU,Spain,Cyprus,1,0,1
UA,United States,United States,22,3,22
QZ,Indonesia,Malaysia,0,4,0
OS,Italy,Sweden,1,0,1
ET,Kenya,Seychelles,1,0,1
PG,Thailand,United Arab Emirates,0,9,0
TP,Belgium,Brazil,0,1,0
LH,Italy,Denmark,6,4,6
FZ,Italy,Thailand,0,1,0
TK,Thailand,Italy,0,3,0
EW,Italy,Egypt,0,2,0
HV,Portugal,France,0,1,0
AK,India,,0,7,0
XZ,Albania,Italy,9,0,9
BA,Austria,United Kingdom,1,0,1
MS,Italy,,0,3,0
UX,Spain,Argentina,1,0,1
JU,Italy,Bosnia and Herzegovina,1,0,1
FR,Czech Republic,Latvia,0,1,0
FD,India,Thailand,0,1,0
DY,France,Denmark,2,0,2
OS,Austria,Germany,1,1,1
OS,Italy,Republic of Macedonia,1,0,1
EK,United Arab Emirates,New Zealand,2,0,2
AY,Sweden,Italy,1,0,1
AF,Benin,France,0,1,0
HY,Uzbekistan,Turkey,0,1,0
OU,Croatia,Croatia,0,1,0
EW,Sweden,Italy,4,0,4
AC,Canada,United States,0,8,0
LA,Ecuador,Italy,0,2,0
SQ,France,Indonesia,1,0,1
KL,Indonesia,Singapore,1,0,1
DL,United States,Switzerland,1,0,1
TK,Israel,Lithuania,1,0,1
BN,Italy,Italy,0,3,0
AZ,Italy,South Korea,0,4,0
TK,Spain,Turkey,1,0,1
7C,Philippines,South Korea,0,1,0
AT,Morocco,France,0,1,0
TB,Morocco,France,0,2,0
KE,South Korea,United States,1,0,1
AF,Italy,Morocco,2,4,2
AZ,Switzerland,Armenia,0,2,0
I2,Italy,Spain,27,1,27
V7,Greece,Greece,6,5,6
FR,Austria,Poland,1,0,1
FR,Germany,India,0,1,0
CX,Italy,Indonesia,5,0,5
BT,Italy,Philippines,0,2,0
TR,Philippines,India,0,1,0
AF,France,Spain,1,2,1
EW,Germany,France,0,1,0
AZ,Brazil,Italy,4,16,4
JU,Serbia,Turkey,1,2,1
JQ,Australia,Fiji,3,1,3
GF,Italy,Philippines,0,7,0
TS,Canada,Dominican Republic,0,1,0
W6,Israel,France,0,1,0
FR,Poland,Spain,1,0,1
KL,Norway,Italy,1,1,1
PC,Austria,Turkey,0,1,0
LH,Germany,Malta,0,3,0
PC,Morocco,Saudi Arabia,0,1,0
W6,Italy,Vietnam,0,1,0
AZ,Germany,Italy,8,44,8
FR,Jordan,Italy,6,12,6
QR,Italy,Cambodia,3,1,3
AZ,Italy,El Salvador,0,6,0
AF,Italy,Mauritius,5,6,5
FD,Cambodia,Cambodia,0,1,0
"",Colombia,Colombia,5,2,5
CX,Indonesia,Japan,1,0,1
FR,Belgium,,0,1,0
BA,United Kingdom,Italy,22,7,22
AZ,Italy,Malta,4,23,4
U2,Italy,Iceland,37,19,37
DL,Italy,,13,0,13
NO,Jamaica,Italy,0,1,0
AV,Ecuador,Spain,2,0,2
XZ,Italy,Jordan,0,1,0
KM,Malta,Egypt,0,1,0
TP,Denmark,,0,4,0
AV,Colombia,United States,4,0,4
FA,South Africa,South Africa,0,6,0
OS,Egypt,Italy,1,3,1
AF,Niger,Spain,2,1,2
BA,Italy,Canada,4,2,4
AZ,Italy,Iceland,0,1,0
ET,Italy,Cameroon,1,5,1
VB,Colombia,Mexico,1,0,1
W6,Italy,Cuba,0,2,0
TG,Bangladesh,Japan,0,1,0
AF,Italy,Tunisia,0,2,0
SK,United Kingdom,Norway,0,2,0
6E,India,Thailand,0,1,0
LH,Italy,Turks and Caicos Islands,0,2,0
EW,Czech Republic,Italy,1,5,1
AZ,Italy,Croatia,0,4,0
WY,Italy,Oman,1,3,1
U2,Italy,Cape Verde,0,1,0
AZ,Italy,Faroe Islands,0,1,0
LA,Argentina,Spain,0,1,0
EW,Italy,Czech Republic,18,13,18
QF,French Polynesia,United States,0,2,0
PC,Germany,Turkey,4,2,4
FZ,Pakistan,Italy,0,4,0
IB,Germany,Spain,1,2,1
SN,Italy,Norway,2,1,2
FR,Austria,Greece,0,1,0
LH,Tunisia,Germany,1,0,1
FR,Israel,Austria,1,0,1
U2,Portugal,Greece,1,0,1
W6,Republic of Macedonia,Italy,1,0,1
AY,Italy,India,0,1,0
FR,Spain,Republic of Ireland,1,2,1
G3,Italy,,0,2,0
QR,Italy,Sri Lanka,10,11,10
HC,Italy,Senegal,0,3,0
F8,United States,Canada,0,2,0
IB,Senegal,Italy,4,2,4
BJ,Tunisia,Germany,0,2,0
BT,Germany,Estonia,1,0,1
"",Argentina,Italy,3,0,3
FR,Sweden,Spain,3,0,3
W9,United Kingdom,France,1,0,1
BY,Italy,United Kingdom,3,0,3
BA,United States,Turks and Caicos Islands,0,7,0
SS,France,Guadeloupe,0,3,0
DY,United Kingdom,Norway,3,3,3
TK,Senegal,Italy,1,5,1
A3,United Kingdom,Italy,0,2,0
U2,Croatia,Italy,4,1,4
W6,Italy,Senegal,0,2,0
KL,Croatia,,0,1,0
FR,Poland,Malta,0,1,0
9V,Venezuela,Venezuela,0,1,0
TX,French Polynesia,Italy,0,1,0
AT,Italy,Burkina Faso,0,4,0
SN,Italy,United States,0,10,0
DY,United Kingdom,Sweden,0,2,0
AK,Malaysia,,0,4,0
EW,Italy,Greece,0,3,0
KL,Italy,United Kingdom,8,12,8
EK,Italy,Nepal,0,1,0
KL,Italy,South Korea,1,0,1
BA,Belgium,Italy,1,0,1
AP,Italy,Germany,0,3,0
LH,Italy,Palau,0,1,0
AF,Italy,United Arab Emirates,1,0,1
EI,Italy,United States,22,13,22
VY,Italy,Colombia,6,1,6
QR,Germany,,0,2,0
RQ,Afghanistan,Italy,0,3,0
FR,Norway,Italy,1,9,1
XQ,Italy,Turkey,6,7,6
LY,Israel,Hungary,0,3,0
DE,Italy,Canada,3,0,3
SM,Italy,Tanzania,0,1,0
W6,Romania,Netherlands,2,0,2
LO,Poland,,0,5,0
DE,Italy,Dominican Republic,2,0,2
KL,Italy,South Africa,8,1,8
W6,Albania,Greece,1,0,1
TK,Ivory Coast,Italy,0,1,0
AA,Italy,Canada,1,0,1
W6,Austria,Spain,2,0,2
H2,Chile,Chile,0,1,0
DY,Italy,Estonia,0,1,0
KL,Colombia,,0,1,0
OS,Germany,Austria,2,0,2
EW,Czech Republic,Spain,0,1,0
KL,Germany,Morocco,2,0,2
LO,Italy,Azerbaijan,0,1,0
A3,Cyprus,Turkey,1,0,1
CE,France,Turkey,0,1,0
AF,Croatia,Madagascar,0,1,0
UX,Paraguay,Italy,0,1,0
KL,United Arab Emirates,Poland,0,4,0
LG,Germany,Italy,0,2,0
"",Tanzania,Tanzania,0,1,0
U2,Egypt,Italy,16,1,16
LX,France,Germany,2,0,2
LX,Italy,Japan,0,5,0
KL,Italy,Argentina,0,2,0
LS,United Kingdom,Italy,5,6,5
F8,Canada,Canada,0,6,0
AK,Malaysia,Indonesia,0,6,0
FR,Italy,Slovakia,14,11,14
EY,Spain,Japan,1,0,1
EW,Spain,Germany,2,3,2
TR,Philippines,Italy,0,1,0
AV,Colombia,Spain,1,3,1
U2,Spain,Switzerland,1,0,1
"",Switzerland,Republic of Macedonia,1,0,1
SN,Belgium,Denmark,1,3,1
BR,Taiwan,Germany,0,1,0
LA,Italy,Uruguay,0,1,0
DY,Italy,Finland,1,1,1
EK,Italy,India,13,8,13
TR,Greece,Singapore,1,0,1
TK,Republic of Macedonia,Turkey,1,0,1
CU,Cuba,Cuba,0,1,0
LO,Italy,Montenegro,0,1,0
VY,Argentina,Spain,0,1,0
AF,Mexico,Italy,6,3,6
FD,Thailand,Cambodia,0,5,0
QR,South Africa,Italy,0,1,0
MF,China,Italy,0,7,0
EI,Republic of Ireland,United States,3,0,3
TK,Italy,Sri Lanka,0,3,0
B6,Colombia,United States,0,1,0
MH,Italy,Indonesia,0,5,0
FR,Spain,Croatia,0,1,0
KL,Romania,Netherlands,1,0,1
AH,Italy,Ivory Coast,0,1,0
AV,Peru,Spain,0,1,0
KQ,South Africa,Seychelles,0,1,0
W6,Lithuania,United Kingdom,0,1,0
AZ,Italy,Greece,22,94,22
LG,Luxembourg,Portugal,1,1,1
U2,France,United Kingdom,7,0,7
CA,China,Italy,0,13,0
B6,United States,Italy,0,3,0
YL,Libya,Tunisia,0,2,0
LY,Israel,France,0,2,0
MH,United Kingdom,Australia,1,0,1
AM,Mexico,Guatemala,0,1,0
KU,Italy,Malaysia,1,0,1
EK,United Kingdom,Philippines,1,0,1
FR,Austria,Morocco,0,1,0
FR,France,Maldives,0,1,0
DE,Italy,Germany,1,1,1
OZ,Australia,Germany,1,0,1
UX,Peru,Spain,0,2,0
FR,Spain,,0,2,0
FR,Czech Republic,Poland,2,0,2
KL,Italy,Morocco,1,0,1
OS,Switzerland,Thailand,1,1,1
TK,Malta,Indonesia,1,0,1
KL,Italy,Bonaire,1,0,1
F3,United Arab Emirates,Italy,0,1,0
AA,United States,Dominican Republic,1,0,1
VJ,Singapore,Japan,0,1,0
U2,Portugal,Spain,5,1,5
5W,United Arab Emirates,Serbia,2,0,2
NK,United States,Puerto Rico,1,0,1
RJ,Jordan,Jordan,1,0,1
UA,United States,Canada,1,0,1
FR,Israel,Italy,7,5,7
FZ,Italy,Tanzania,6,26,6
LH,Italy,Japan,19,51,19
IB,Morocco,Italy,1,2,1
BA,United States,The Bahamas,0,6,0
V7,France,France,4,1,4
DD,Thailand,Cambodia,0,1,0
BT,Italy,United Arab Emirates,0,2,0
SK,Italy,Thailand,2,0,2
"",Colombia,Peru,1,0,1
A3,Georgia,Italy,0,1,0
W6,Italy,Sweden,6,6,6
FR,Italy,Estonia,1,22,1
VY,Italy,The Gambia,1,4,1
FR,Norway,Germany,0,1,0
AP,Italy,Cape Verde,0,6,0
LH,Canada,Italy,1,2,1
OU,Croatia,Indonesia,1,1,1
DV,Kazakhstan,Italy,0,1,0
MM,Japan,Japan,0,6,0
VY,France,Morocco,1,0,1
AY,Lithuania,Finland,1,0,1
G9,Italy,,0,1,0
NO,Italy,Greece,2,22,2
AD,Brazil,Brazil,0,12,0
TR,Singapore,Indonesia,1,1,1
AY,Belgium,Finland,1,0,1
UX,Spain,Germany,0,1,0
U8,Israel,Italy,0,1,0
LH,Poland,Germany,1,1,1
LO,Italy,Estonia,1,2,1
U2,Germany,Netherlands,1,0,1
AF,Italy,Ivory Coast,1,0,1
QR,Italy,Taiwan,0,1,0
TK,Italy,Iran,1,10,1
SK,Germany,Italy,2,1,2
CI,Italy,Indonesia,0,16,0
G9,Italy,Sri Lanka,5,20,5
3O,Morocco,Italy,28,6,28
PC,Bulgaria,Turkey,2,0,2
CA,Italy,Australia,0,2,0
7C,South Korea,Vietnam,0,1,0
JT,Singapore,Indonesia,0,1,0
BA,United Kingdom,United Kingdom,2,0,2
EY,United Arab Emirates,Italy,18,2,18
KL,Switzerland,Italy,0,1,0
OS,Italy,Cyprus,2,2,2
LO,Italy,Egypt,1,3,1
KL,Colombia,Italy,1,2,1
A3,Greece,Greece,3,7,3
LH,Italy,Spain,6,2,6
JU,Italy,Montenegro,2,2,2
SV,Italy,South Korea,0,4,0
V7,Spain,Italy,6,5,6
VS,United Kingdom,South Africa,1,0,1
KL,Italy,Brazil,3,3,3
BA,Italy,France,0,1,0
VY,Italy,United States,5,12,5
VY,Italy,,0,15,0
SK,Italy,United States,26,39,26
7C,South Korea,Japan,0,2,0
AZ,Italy,Canada,0,5,0
WY,Italy,Philippines,0,12,0
AZ,Italy,Portugal,0,7,0
CX,Italy,Vietnam,1,0,1
EI,France,United States,3,0,3
SN,Italy,Netherlands,0,1,0
DE,Italy,United States,7,0,7
VJ,Vietnam,South Korea,0,3,0
QR,New Zealand,Australia,1,0,1
W6,Poland,Sweden,1,0,1
BT,Latvia,Italy,0,1,0
DY,Italy,Norway,14,62,14
PC,Italy,Turkey,120,129,119
U2,Switzerland,Italy,19,4,19
AZ,Italy,Ecuador,0,5,0
FD,Laos,Thailand,0,5,0
HV,Belgium,Spain,0,1,0
DE,Switzerland,Mexico,2,0,2
EK,Tunisia,United Arab Emirates,0,1,0
DY,Norway,Poland,0,2,0
UA,France,Canada,0,1,0
AA,United States,Bermuda,3,0,3
SQ,Vietnam,Singapore,1,0,1
WE,Thailand,Cambodia,0,1,0
U2,Italy,São Tomé and Príncipe,0,1,0
OS,Italy,Thailand,7,8,7
QR,Italy,Indonesia,37,98,37
U2,Portugal,France,4,0,4
AD,Brazil,Italy,0,19,0
AZ,Italy,Peru,0,12,0
LH,Hungary,Germany,1,1,1
DE,Germany,Spain,0,1,0
JQ,Australia,Singapore,1,0,1
BZ,Italy,Israel,0,3,0
AF,Italy,South Africa,3,5,3
EK,Pakistan,Germany,1,0,1
LX,Italy,Tanzania,0,1,0
EW,Portugal,Germany,0,4,0
FR,Austria,Croatia,0,1,0
CM,Costa Rica,Cuba,1,2,1
EK,Switzerland,Singapore,1,0,1
AF,France,India,1,0,1
VY,Spain,Sweden,1,0,1
LX,Italy,Bolivia,0,1,0
WY,Italy,Tanzania,0,13,0
W6,Albania,Italy,56,48,55
BA,Italy,India,2,1,2
UA,The Bahamas,United States,1,0,1
EY,Italy,Pakistan,1,1,1
RJ,Italy,Saudi Arabia,1,0,1
VT,French Polynesia,French Polynesia,0,1,0
TK,Slovenia,Indonesia,1,0,1
FR,United Kingdom,Guatemala,0,1,0
2B,Albania,Italy,0,12,0
IB,Italy,Portugal,9,6,9
VY,Italy,Denmark,3,3,3
MS,Morocco,Saudi Arabia,0,4,0
KQ,Italy,,0,4,0
LX,Denmark,Italy,4,0,4
8B,Indonesia,Australia,0,1,0
GZ,Cook Islands,Cook Islands,0,1,0
LH,United States,Mexico,0,1,0
AD,Brazil,Portugal,0,1,0
JQ,Singapore,Malaysia,1,0,1
7P,Panama,Panama,0,1,0
VY,Austria,Spain,1,0,1
AV,Spain,Colombia,11,0,11
U2,Italy,Egypt,122,91,121
6E,India,Italy,5,9,5
KL,United Kingdom,Dominican Republic,0,1,0
DY,Norway,Germany,1,2,1
VY,Portugal,The Gambia,0,1,0
TK,Egypt,Luxembourg,1,0,1
AY,United States,Italy,1,0,1
UX,Spain,El Salvador,0,2,0
HC,Senegal,Cape Verde,0,1,0
IB,Spain,,2,1,2
6Y,Germany,Italy,0,1,0
NO,Italy,Tanzania,0,14,0
TP,Brazil,Spain,3,2,3
EW,Germany,Germany,0,7,0
HV,Czech Republic,France,1,0,1
LX,Norway,,0,2,0
VJ,Japan,Vietnam,0,3,0
LX,Italy,Singapore,6,11,6
EI,Republic of Ireland,United Kingdom,0,1,0
AC,Portugal,Canada,0,5,0
U2,United Kingdom,Portugal,4,0,4
LY,Israel,Czech Republic,1,0,1
QR,Italy,Namibia,1,0,1
UX,Paraguay,Spain,1,0,1
QH,Vietnam,Japan,0,3,0
VJ,Thailand,Vietnam,0,4,0
JL,Italy,Japan,7,5,7
W6,Bulgaria,Italy,2,4,2
TW,South Korea,South Korea,5,0,5
TK,Germany,Thailand,0,1,0
BA,Nigeria,United Kingdom,0,1,0
VJ,Vietnam,Italy,0,1,0
CA,Italy,China,1,69,1
FZ,United Arab Emirates,Italy,0,4,0
AZ,Italy,Romania,0,3,0
FR,Germany,Spain,3,4,3
MS,Egypt,Jordan,0,1,0
AZ,Italy,Kuwait,0,1,0
OD,Malaysia,Malaysia,0,2,0
VY,Netherlands,Spain,1,0,1
LO,Italy,Czech Republic,1,0,1
TP,Portugal,United States,1,0,1
ZB,Albania,Germany,0,1,0
EW,Germany,,0,1,0
W6,Italy,Czech Republic,99,73,98
IB,Italy,Senegal,3,1,3
W6,Italy,Sri Lanka,0,4,0
KL,United States,United States,0,7,0
BR,Hong Kong,Taiwan,0,4,0
CA,Italy,Hong Kong,0,1,0
LA,Italy,Peru,4,2,4
AR,Argentina,Paraguay,0,2,0
JU,Italy,Albania,0,1,0
TK,Italy,Philippines,0,5,0
LH,Oman,Italy,1,0,1
W6,Austria,United Kingdom,1,0,1
AA,Bermuda,The Bahamas,18,0,18
OA,Greece,Greece,2,15,2
SN,Italy,Senegal,1,1,1
LO,Austria,Latvia,1,0,1
AP,Cape Verde,Italy,0,2,0
AK,Thailand,Malaysia,0,2,0
AF,United Kingdom,France,1,0,1
JQ,Australia,Thailand,0,1,0
TK,India,Italy,1,1,1
VJ,Vietnam,Thailand,0,5,0
TK,Tanzania,Italy,0,1,0
KM,Italy,United Kingdom,0,1,0
TG,Singapore,Thailand,0,1,0
AF,Argentina,France,0,2,0
AV,Ecuador,Ecuador,2,1,2
AF,Peru,Italy,4,4,4
ME,Cyprus,Lebanon,1,0,1
W6,Italy,Kenya,0,1,0
UX,Spain,Ecuador,0,3,0
CM,United States,Panama,0,2,0
PC,Italy,Iran,24,6,24
SQ,Italy,Singapore,4,5,4
TK,Italy,Mauritius,1,9,1
U2,Italy,Romania,0,2,0
AZ,Italy,Algeria,1,5,1
EI,Germany,Canada,0,1,0
KL,Italy,France,1,2,1
U2,Italy,Réunion,0,2,0
PK,Pakistan,Pakistan,0,1,0
KL,Spain,,0,1,0
Q6,Costa Rica,Mexico,0,1,0
BA,Netherlands,,0,1,0
DL,Italy,Mexico,1,0,1
KL,Greece,Italy,0,1,0
WF,Norway,Italy,0,1,0
AZ,Italy,China,0,29,0
DY,Sweden,Italy,1,7,1
FR,Lithuania,Slovakia,1,1,1
KL,France,United States,0,1,0
AC,Panama,Canada,0,1,0
U2,Italy,Montenegro,0,1,0
EK,Switzerland,Indonesia,0,1,0
MH,Italy,Brunei,0,1,0
KL,Norway,United States,0,1,0
U2,Italy,Sweden,0,1,0
RJ,France,Jordan,0,1,0
FR,Italy,Tunisia,0,3,0
VY,Italy,United Kingdom,100,69,99
AF,France,Morocco,0,5,0
AF,Finland,Italy,1,3,1
FR,Italy,Peru,0,11,0
HV,France,Tunisia,0,2,0
U2,Spain,France,3,0,3
FI,United States,Germany,0,1,0
LY,Israel,Germany,0,1,0
FR,Hungary,Italy,27,25,27
AT,United States,Morocco,0,1,0
FR,Romania,Italy,22,47,22
TK,Italy,Afghanistan,0,2,0
"",Costa Rica,Colombia,1,0,1
FR,United Kingdom,Spain,2,4,2
SN,Italy,Uganda,1,1,1
CX,Italy,Philippines,0,1,0
FR,France,Republic of Ireland,2,0,2
TK,Turkey,France,0,1,0
EK,Italy,Hong Kong,0,1,0
U2,France,Morocco,1,1,1
AC,Italy,Costa Rica,0,1,0
IB,Netherlands,Spain,1,0,1
GQ,Italy,Cyprus,0,1,0
FZ,Belarus,United Arab Emirates,1,0,1
AF,Senegal,Italy,0,1,0
AF,Germany,France,6,0,6
TG,Thailand,Italy,0,5,0
KL,United States,Canada,0,3,0
FZ,Israel,Maldives,2,0,2
LX,Italy,Philippines,0,3,0
PW,Kenya,Tanzania,0,1,0
FR,Italy,Serbia,0,1,0
OS,Italy,Cambodia,0,1,0
TK,Serbia,Turkey,1,0,1
BA,Italy,Barbados,0,2,0
KL,Portugal,Germany,0,1,0
KL,Italy,Jamaica,0,1,0
XZ,Greece,Italy,17,0,17
EW,Germany,Spain,2,2,2
NO,Italy,,0,8,0
AF,Italy,United Kingdom,1,1,1
LH,Italy,Algeria,1,0,1
UA,Portugal,Canada,0,2,0
KE,Japan,China,1,0,1
AT,Morocco,Turkey,0,1,0
PC,Kyrgyzstan,United States,0,1,0
PC,Turkey,Germany,3,3,3
W6,Italy,Lithuania,3,4,3
AA,Canada,Italy,3,0,3
NH,Switzerland,Japan,0,1,0
U2,Italy,Maldives,0,3,0
FR,Italy,Ecuador,0,1,0
IN,Indonesia,Indonesia,0,1,0
U2,Israel,Italy,2,0,2
SV,Italy,Oman,0,2,0
BA,Italy,Brazil,1,1,1
TK,Turkey,Canada,0,1,0
OD,Indonesia,Nepal,0,2,0
KQ,Kenya,Kenya,1,1,1
MS,Italy,United Arab Emirates,0,9,0
EK,Italy,Maldives,23,18,23
LX,Switzerland,Mexico,0,3,0
VA,Indonesia,Australia,2,0,2
FR,Norway,,0,1,0
LH,Italy,Laos,0,3,0
PD,Canada,Canada,5,2,5
W2,Italy,Greece,0,4,0
TK,Morocco,Saudi Arabia,0,2,0
6E,United Arab Emirates,Indonesia,0,1,0
AF,Italy,Costa Rica,6,3,6
BF,France,Réunion,0,2,0
R2,Cape Verde,Senegal,0,1,0
"",Italy,Chile,1,0,1
ME,Lebanon,Greece,1,1,1
W6,Italy,Faroe Islands,0,1,0
KE,United States,United States,0,1,0
PR,Philippines,Italy,0,1,0
