carrier,origin_country,destination_country,clicks_travix,clicks_competitor,clicks_airlines
AZ,Italy,Italy,446,1190,442
NO,Italy,Egypt,83,53,82
FR,Italy,Italy,3403,6021,3369
NO,Italy,Spain,20,35,20
FR,Italy,Morocco,174,301,172
FR,Italy,Spain,1931,3518,1912
AZ,Italy,United States,170,1092,168
LA,Italy,Brazil,15,40,15
IB,Italy,Spain,208,177,206
W6,Italy,Egypt,150,161,149
FR,Italy,Malta,337,613,334
LA,Colombia,Colombia,9,20,9
AZ,Italy,,0,117,0
U2,Italy,Spain,669,177,662
KL,Italy,United States,57,197,56
NO,Italy,United States,11,7,11
LA,Italy,Argentina,1,2,1
FR,Italy,Austria,120,184,119
FR,Italy,Greece,497,1047,492
QR,Italy,,0,9,0
FR,Italy,France,292,535,289
TU,Italy,Tunisia,0,88,0
AT,Italy,Morocco,42,159,42
LH,Italy,,0,52,0
KM,Malta,Italy,0,7,0
FR,Italy,United Kingdom,488,610,483
AZ,Italy,Tunisia,11,22,11
AT,Morocco,Italy,18,54,18
NO,Italy,Maldives,10,3,10
BA,United States,United States,0,1,0
SM,Egypt,Italy,20,42,20
V7,Italy,Italy,818,848,810
QR,Italy,Australia,1,10,1
KU,Italy,Philippines,1,5,1
KL,Italy,Dominican Republic,3,19,3
FR,Italy,Jordan,17,32,17
MS,Italy,Egypt,0,90,0
PW,Tanzania,Tanzania,0,6,0
DX,Italy,Italy,0,86,0
AZ,United States,Italy,2,7,2
LX,Italy,,0,17,0
W6,Italy,United Arab Emirates,68,134,67
NO,Italy,Mexico,13,8,13
EK,Italy,Indonesia,26,13,26
BA,Italy,,10,21,10
JU,Turkey,Italy,6,7,6
IB,Spain,Italy,40,29,40
AF,Italy,United States,76,105,75
MU,Italy,Japan,0,8,0
W6,Italy,Jordan,37,27,37
GF,Italy,Thailand,0,44,0
IB,Spain,Spain,18,23,18
IB,Italy,United States,16,33,16
SM,Italy,Egypt,36,163,36
KU,France,India,0,0,0
BA,Italy,United States,202,291,200
FR,United Kingdom,France,2,3,2
JU,Italy,Turkey,4,15,4
EW,Italy,Germany,110,83,109
KL,Italy,,12,35,12
SK,Italy,Norway,4,27,4
TU,Tunisia,Italy,0,28,0
NO,Spain,Italy,3,1,3
TK,Italy,Turkey,114,239,113
UG,Italy,Tunisia,0,4,0
QR,Philippines,Italy,4,1,4
AY,Italy,United States,12,20,12
FZ,Sri Lanka,Italy,2,5,2
FR,United Kingdom,Italy,118,74,117
AF,Italy,Brazil,8,39,8
9U,Italy,Moldova,0,14,0
AZ,United States,United States,0,0,0
UX,Spain,Spain,3,7,3
BA,Italy,Brazil,2,0,2
AZ,Italy,Algeria,1,12,1
NO,Italy,Dominican Republic,6,18,6
EY,Germany,,0,0,0
IB,Italy,Bolivia,0,1,0
FR,Italy,Republic of Ireland,137,208,136
TK,Italy,Uzbekistan,9,10,9
IB,Italy,Dominican Republic,11,8,11
NT,Spain,Spain,0,8,0
U2,Italy,Italy,1447,185,1433
FR,Malta,Spain,2,3,2
FR,Italy,Denmark,93,161,92
AZ,United States,Antigua and Barbuda,0,0,0
LA,Peru,Peru,4,14,4
WY,Italy,Malaysia,0,23,0
V7,Italy,France,135,116,134
ET,Tanzania,Italy,3,4,3
AZ,Italy,France,24,95,24
AF,Italy,Belize,2,4,2
AT,Italy,,0,3,0
UP,The Bahamas,The Bahamas,0,2,0
UP,United States,The Bahamas,0,4,0
FR,Italy,Portugal,259,503,256
LA,Italy,Chile,2,24,2
EK,Italy,South Africa,0,3,0
TG,Thailand,Thailand,5,5,5
W6,United Arab Emirates,Italy,4,9,4
LX,Italy,United States,38,68,38
LH,Greece,United States,0,0,0
CA,Italy,,0,4,0
LY,Israel,Italy,8,9,8
FR,Italy,Belgium,119,161,118
LG,Italy,Luxembourg,0,7,0
EK,Italy,Mauritius,4,61,4
QR,Italy,Pakistan,0,3,0
AZ,Costa Rica,Switzerland,0,0,0
IB,Italy,Portugal,8,21,8
W6,Italy,Netherlands,24,35,24
IB,Spain,,0,0,0
BR,Italy,,0,0,0
AC,Italy,United States,145,7,144
JL,Italy,Japan,2,3,2
NO,Egypt,Italy,15,3,15
AZ,Italy,Morocco,6,26,6
LH,Italy,United States,135,136,134
UL,India,Maldives,1,1,1
FR,Italy,Sweden,36,85,36
AF,United States,Italy,3,2,3
EK,Italy,Japan,3,10,3
AZ,Tunisia,Italy,0,2,0
TK,Italy,United States,15,3,15
FR,Germany,Italy,56,74,55
IB,Spain,Morocco,0,0,0
FR,Netherlands,Italy,17,14,17
AM,Brazil,Spain,0,4,0
MH,Malaysia,Malaysia,3,7,3
FR,Italy,Romania,48,155,48
MH,Italy,Malaysia,0,9,0
UK,India,India,2,4,2
FR,Italy,Hungary,108,176,107
AI,India,India,0,4,0
JU,Montenegro,Serbia,0,0,0
FR,Italy,Slovakia,7,20,7
TP,Italy,,0,13,0
AF,Italy,Tunisia,6,1,6
AD,Italy,Brazil,0,4,0
IB,Switzerland,Spain,1,1,1
AZ,Italy,Egypt,6,39,6
IB,Italy,Ecuador,2,5,2
TP,Portugal,Italy,5,21,5
MH,Australia,Italy,0,1,0
TU,France,,0,1,0
TP,United States,Italy,12,12,12
AV,Italy,Colombia,0,0,0
QR,Italy,Qatar,2,2,2
ER,Pakistan,United Arab Emirates,0,0,0
BA,Italy,Japan,0,3,0
H2,Chile,Argentina,0,0,0
AM,France,Mexico,0,1,0
IB,Italy,El Salvador,5,8,5
QF,Italy,Australia,5,6,5
EY,Switzerland,Indonesia,1,3,1
CI,Germany,Indonesia,0,6,0
LH,United States,United States,0,25,0
JU,Croatia,Italy,0,0,0
IB,Italy,Peru,28,28,28
UG,Tunisia,Tunisia,0,0,0
UX,Italy,Spain,3,25,3
3M,United States,The Bahamas,0,0,0
W6,Italy,Czech Republic,77,109,76
FR,Spain,Italy,314,361,311
EY,Australia,Italy,1,2,1
W6,Italy,Spain,4,180,4
EK,Italy,,0,5,0
BR,Indonesia,Italy,0,11,0
FR,Italy,Poland,58,140,57
SK,Italy,United States,9,29,9
BA,Mexico,Italy,7,1,7
LO,Italy,Turkey,0,0,0
2W,Dominican Republic,Spain,0,0,0
TP,Italy,United States,13,33,13
SV,Egypt,India,0,6,0
QR,Italy,Sri Lanka,12,4,12
LH,Ecuador,United States,0,0,0
FR,Slovakia,Italy,3,3,3
EK,Italy,Thailand,17,10,17
TU,Italy,Ivory Coast,0,3,0
AZ,Germany,Italy,4,13,4
WJ,Argentina,Brazil,0,0,0
CI,Italy,,0,2,0
QR,United Arab Emirates,Thailand,0,2,0
LH,Germany,Italy,38,52,38
TK,Italy,India,5,6,5
NO,United States,Italy,0,0,0
EK,France,,0,0,0
B6,United States,United States,0,26,0
ID,Australia,Indonesia,0,1,0
MS,Italy,India,0,0,0
KE,Germany,South Korea,0,0,0
UK,India,United Arab Emirates,0,1,0
EK,Indonesia,Italy,0,4,0
FR,Belgium,Italy,35,45,35
LH,Germany,United States,8,0,8
OU,Croatia,Croatia,2,5,2
FR,Italy,Latvia,5,2,5
TW,South Korea,Japan,0,1,0
B6,Netherlands,United States,0,0,0
AC,Mexico,Italy,0,1,0
FR,Italy,Croatia,78,180,77
BA,Costa Rica,Switzerland,0,0,0
NK,United States,United States,14,19,14
TK,Italy,Peru,0,2,0
IB,Italy,Argentina,15,5,15
FR,Italy,Norway,21,44,21
GF,Italy,Pakistan,0,0,0
5U,Mexico,Guatemala,0,0,0
JU,Slovenia,Serbia,0,0,0
FR,France,Italy,65,67,64
U2,Italy,Greece,492,122,487
FJ,United States,,0,0,0
SP,Portugal,Portugal,1,3,1
AS,United States,United States,0,10,0
HV,Spain,Netherlands,0,2,0
LX,Mexico,Italy,0,0,0
EK,Turkey,Mauritius,0,0,0
UX,Spain,Morocco,0,0,0
OS,Italy,United States,2,4,2
NO,Dominican Republic,Italy,1,1,1
AZ,Ecuador,United States,0,0,0
GF,Italy,India,0,3,0
EK,Italy,Australia,2,12,2
NO,Italy,Senegal,7,2,7
RC,Faroe Islands,Italy,0,0,0
WY,Italy,Thailand,3,105,3
LX,Italy,Brazil,5,4,5
CA,Thailand,,0,0,0
LY,Italy,Israel,16,14,16
OS,Italy,,0,5,0
VA,Australia,Australia,7,1,7
LH,Italy,Brazil,12,21,12
AC,Canada,Canada,6,5,6
FR,Italy,Luxembourg,13,7,13
QR,Italy,India,5,1,5
JL,Indonesia,Japan,0,0,0
AZ,Egypt,Italy,1,11,1
RJ,Italy,Sri Lanka,0,1,0
S4,Portugal,Portugal,0,0,0
NP,Egypt,Egypt,0,9,0
BA,Italy,Finland,0,0,0
HU,China,Italy,0,4,0
PC,Italy,Turkey,66,73,65
GF,Italy,Philippines,0,5,0
LH,United States,Italy,3,2,3
KU,Italy,Thailand,1,2,1
AZ,New Zealand,Italy,0,0,0
SQ,India,Japan,0,0,0
AF,Italy,,2,31,2
JQ,Japan,Philippines,0,2,0
GF,Pakistan,Saudi Arabia,0,0,0
U2,France,Italy,150,38,149
AH,Algeria,Switzerland,0,0,0
PR,Thailand,Philippines,0,0,0
RA,Nepal,India,0,1,0
AZ,Italy,Spain,14,110,14
AR,Italy,Argentina,0,65,0
HY,Italy,Uzbekistan,0,23,0
AZ,Mexico,Germany,0,0,0
EI,Italy,Republic of Ireland,25,38,25
AZ,Italy,Costa Rica,0,3,0
EK,Italy,United States,42,14,42
SQ,Australia,Italy,0,3,0
AM,Canada,Mexico,0,0,0
LG,Luxembourg,Hungary,0,1,0
VY,France,Italy,38,23,38
IB,Portugal,Italy,7,3,7
BA,Germany,United States,1,2,1
7C,South Korea,Laos,0,0,0
JQ,New Zealand,Italy,0,0,0
XQ,Germany,Turkey,1,2,1
MS,Egypt,Egypt,0,32,0
TK,Italy,Nigeria,0,2,0
SN,Netherlands,Italy,0,0,0
QR,United Arab Emirates,Qatar,0,0,0
LO,Poland,Poland,0,1,0
EI,Italy,United States,32,10,32
UG,Tunisia,Malta,0,0,0
KL,Italy,Belize,0,3,0
KL,France,Italy,0,0,0
ET,India,Brazil,0,1,0
NO,Maldives,Italy,1,1,1
SQ,Italy,Philippines,3,1,3
AZ,Italy,Germany,13,21,13
AZ,Italy,Japan,25,120,25
NO,Italy,Madagascar,3,1,3
LH,Italy,Spain,9,6,9
1L,Germany,Italy,0,1,0
H2,Peru,Peru,0,8,0
BA,Italy,Sri Lanka,0,0,0
WY,Italy,,0,4,0
LH,Switzerland,Mexico,0,1,0
UX,Italy,United States,0,1,0
AF,Switzerland,Martinique,0,1,0
LH,United States,Aruba,0,2,0
W6,Italy,Greece,186,298,184
KL,United States,Italy,0,1,0
PR,Australia,Philippines,0,0,0
Q6,Costa Rica,United States,0,1,0
AZ,United Kingdom,Italy,4,6,4
EY,Italy,Maldives,2,3,2
AV,United States,Italy,0,1,0
F3,Saudi Arabia,Egypt,0,6,0
SN,Italy,,0,2,0
SK,Denmark,United States,1,0,1
3F,Armenia,,0,1,0
FR,Germany,Romania,0,1,0
AF,Italy,Kenya,0,1,0
CA,Germany,Japan,0,1,0
AZ,Italy,Madagascar,0,1,0
TK,Italy,Maldives,4,8,4
HY,Uzbekistan,Uzbekistan,0,2,0
X3,Germany,Turkey,0,2,0
KL,Portugal,Italy,1,0,1
TK,France,Mexico,0,1,0
LX,Italy,Singapore,5,9,5
TU,Italy,Burkina Faso,0,6,0
FR,Germany,Greece,0,1,0
FR,Austria,Sweden,1,0,1
FJ,New Zealand,Fiji,1,1,1
LH,Italy,Croatia,1,3,1
IB,Spain,Dominican Republic,0,1,0
RO,Italy,Romania,0,4,0
AY,United Kingdom,United States,0,1,0
MM,Japan,Japan,0,2,0
W6,Romania,Saudi Arabia,1,0,1
AF,Italy,Latvia,1,0,1
JU,Greece,Italy,0,10,0
ET,Cameroon,Italy,1,0,1
CZ,Italy,Philippines,0,6,0
W6,Poland,Norway,4,2,4
GF,Italy,Nepal,0,1,0
LH,Spain,Germany,2,1,2
CA,Singapore,Italy,0,5,0
FR,Belgium,Spain,1,3,1
FR,Italy,Maldives,0,1,0
HV,France,Spain,0,1,0
W6,Poland,France,2,0,2
LH,Latvia,Italy,1,0,1
LH,Morocco,United States,1,0,1
LH,Spain,Netherlands,1,0,1
JA,Chile,Argentina,0,6,0
EK,Tanzania,Italy,2,5,2
"",Dominican Republic,Colombia,2,0,2
EK,Austria,Philippines,1,0,1
FR,Morocco,Republic of Ireland,0,4,0
FD,Thailand,Indonesia,0,6,0
TK,United Arab Emirates,Italy,0,3,0
FR,Italy,South Africa,0,1,0
LH,Poland,,0,1,0
SK,Denmark,Belgium,0,1,0
AF,Italy,Madagascar,0,1,0
HV,Netherlands,,0,1,0
EI,United Kingdom,Italy,0,1,0
LH,Germany,Maldives,0,1,0
AZ,Italy,Albania,12,57,12
W4,Italy,Egypt,0,2,0
IB,Italy,Iceland,2,1,2
XR,Greece,Germany,2,1,2
BA,Germany,Singapore,0,1,0
A3,Greece,Serbia,0,1,0
TP,Italy,Bolivia,0,1,0
EI,Italy,United Kingdom,0,1,0
VR,Portugal,Cape Verde,1,1,1
6E,Italy,India,15,32,15
LX,Italy,Spain,3,8,3
W6,Italy,Singapore,0,8,0
TB,Morocco,Italy,6,2,6
KL,Tanzania,Italy,1,4,1
LH,Italy,Dominican Republic,2,2,2
HV,Netherlands,Spain,5,0,5
AC,Canada,Israel,1,0,1
A3,Italy,,0,2,0
LH,Canada,Italy,1,1,1
D7,Saudi Arabia,Malaysia,0,1,0
TK,Poland,Turkey,1,0,1
7C,South Korea,,0,2,0
W6,Italy,Croatia,0,1,0
LO,Italy,Japan,0,4,0
EW,United Kingdom,Germany,1,6,1
FO,Argentina,Spain,0,7,0
W6,Italy,Indonesia,0,15,0
SN,Italy,Burkina Faso,0,1,0
AA,Spain,Argentina,1,0,1
LO,Germany,Moldova,0,1,0
TK,Italy,Somalia,0,2,0
LH,Germany,United Arab Emirates,1,0,1
CI,Taiwan,Germany,0,1,0
6E,Italy,Maldives,0,1,0
BT,Israel,Spain,1,0,1
JL,Japan,Japan,6,6,6
W6,Italy,Romania,6,42,6
QR,Italy,Tanzania,2,0,2
AC,Spain,Canada,1,0,1
N0,United States,Italy,4,5,4
IB,Italy,Vietnam,0,1,0
CZ,Italy,United States,0,1,0
6E,Italy,Thailand,0,5,0
TK,Netherlands,India,0,1,0
LX,Italy,Botswana,0,1,0
FR,Greece,Germany,1,0,1
EY,Italy,Singapore,10,3,10
CI,Taiwan,Italy,2,2,2
W6,Uzbekistan,Italy,0,2,0
AF,Italy,Sweden,0,1,0
T3,United Kingdom,United Kingdom,0,2,0
FR,Spain,Austria,0,1,0
TK,Italy,Guatemala,0,1,0
AC,Italy,,0,4,0
9U,Italy,,0,1,0
LA,Spain,Peru,1,0,1
TK,Italy,Romania,0,1,0
V7,Greece,Italy,48,25,48
TP,Italy,Portugal,44,144,44
AZ,Switzerland,Italy,4,6,4
VY,Italy,Morocco,3,10,3
LH,Switzerland,Lithuania,0,1,0
FR,Italy,Israel,4,24,4
LH,Luxembourg,Italy,1,8,1
AK,Vietnam,Malaysia,0,3,0
QR,Italy,United Arab Emirates,0,3,0
EK,Germany,United Arab Emirates,0,1,0
ET,Italy,Uganda,5,3,5
SK,Denmark,Sweden,1,1,1
OS,Italy,Bulgaria,0,1,0
NT,Portugal,Portugal,0,1,0
AZ,Italy,Guadeloupe,0,1,0
MU,China,Italy,0,1,0
AF,France,Italy,38,100,38
TR,Singapore,Indonesia,1,3,1
AA,Dominican Republic,Cuba,3,0,3
BA,South Africa,United Kingdom,1,0,1
LX,Italy,Philippines,0,1,0
TU,France,Tunisia,0,4,0
AZ,Italy,Austria,0,3,0
KU,Italy,Malaysia,0,2,0
AA,Mexico,Italy,1,0,1
KL,United Kingdom,Spain,1,0,1
AZ,Italy,Luxembourg,0,1,0
IZ,Greece,Israel,1,0,1
TK,Italy,Azerbaijan,4,7,4
SK,United States,Italy,0,11,0
AZ,Netherlands,Italy,6,13,6
TP,Italy,The Gambia,0,2,0
U2,Italy,United Arab Emirates,0,2,0
QR,Vietnam,Italy,2,0,2
AF,Italy,French Polynesia,0,1,0
OD,Pakistan,Malaysia,0,2,0
EW,Romania,Italy,1,0,1
KL,Italy,India,1,0,1
LX,Italy,Switzerland,9,30,9
AT,Italy,United States,0,2,0
OA,Greece,Greece,1,4,1
AV,Spain,Chile,0,1,0
W6,Italy,Kenya,0,2,0
EK,Malaysia,Italy,0,1,0
TK,Italy,Philippines,4,5,4
LH,France,Costa Rica,0,2,0
LJ,Japan,South Korea,1,1,1
CX,United Kingdom,Japan,1,0,1
XY,Egypt,Saudi Arabia,0,3,0
TK,Turkey,Turkey,41,36,41
VY,Italy,Croatia,14,11,14
AZ,Italy,Switzerland,4,36,4
W4,Italy,Turkey,0,5,0
KU,Italy,Pakistan,0,2,0
GF,Philippines,Italy,0,2,0
LH,Germany,Denmark,1,0,1
AF,Italy,South Africa,1,0,1
EY,Italy,Pakistan,0,5,0
EY,Italy,Australia,1,0,1
TX,France,Martinique,1,0,1
AT,Italy,Benin,0,1,0
W4,Italy,Costa Rica,0,1,0
QR,Italy,Kenya,0,1,0
I2,Spain,Spain,8,0,8
BA,Italy,United Kingdom,69,44,68
PC,Italy,Pakistan,1,4,1
UO,Hong Kong,South Korea,0,2,0
SK,Norway,Denmark,2,0,2
TK,France,Turkey,2,2,2
KM,Italy,Spain,0,2,0
KL,Poland,Netherlands,1,0,1
LX,Italy,Peru,0,1,0
JU,Serbia,Italy,16,4,16
GQ,Greece,Italy,6,19,6
LH,Turkey,Italy,5,0,5
TK,France,Iran,1,0,1
NO,Italy,Tunisia,5,3,5
QR,Italy,Seychelles,2,5,2
A3,Turkey,Italy,0,1,0
OS,Czech Republic,Austria,0,1,0
TK,Italy,Togo,0,1,0
MS,Egypt,,0,1,0
FR,Italy,Bosnia and Herzegovina,0,1,0
PC,Turkey,Italy,16,15,16
W4,Spain,Italy,85,38,84
YP,South Korea,Japan,1,0,1
AY,Italy,South Korea,4,2,4
G9,Italy,Pakistan,5,8,5
UX,Italy,Colombia,5,14,5
UX,Italy,Argentina,3,8,3
TK,Italy,Ivory Coast,1,3,1
2W,Spain,Mexico,0,1,0
QZ,Indonesia,Italy,0,1,0
BY,Morocco,United Kingdom,1,0,1
AZ,Israel,Italy,2,3,2
RO,Romania,Moldova,0,8,0
A3,Greece,Spain,0,2,0
FZ,United Arab Emirates,Italy,0,2,0
3O,Belgium,Morocco,1,0,1
VY,Greece,Italy,2,0,2
ET,Italy,Cameroon,0,1,0
XZ,Italy,Italy,522,63,517
HA,United States,,0,7,0
MS,Italy,Bangladesh,0,6,0
LH,Austria,United Kingdom,0,1,0
UX,Spain,Switzerland,1,1,1
FZ,United Arab Emirates,Nepal,1,0,1
FR,Italy,Philippines,0,2,0
V7,Portugal,Spain,1,1,1
SV,Italy,Cambodia,0,1,0
AZ,Italy,Sri Lanka,0,4,0
AZ,Italy,Lebanon,0,1,0
"",Slovenia,Montenegro,0,2,0
LA,United States,Brazil,0,1,0
SQ,Belgium,New Zealand,0,1,0
W6,Italy,Portugal,29,44,29
L9,Italy,Italy,0,23,0
RJ,Jordan,Italy,0,2,0
DL,Italy,The Bahamas,1,0,1
W4,Italy,Cuba,0,2,0
EK,Italy,Malaysia,3,7,3
TK,Indonesia,Italy,2,0,2
AZ,Italy,Colombia,0,6,0
AV,Guatemala,Spain,1,2,1
BR,Italy,South Korea,0,3,0
TP,Spain,Italy,0,1,0
AK,Maldives,Australia,0,1,0
AK,Thailand,Malaysia,0,1,0
AZ,Netherlands,,0,4,0
AZ,Italy,Greece,18,54,18
SK,Finland,Italy,2,3,2
BA,United Kingdom,China,0,1,0
OS,Italy,Netherlands,0,2,0
KU,Philippines,Italy,1,0,1
W4,Austria,United Kingdom,1,0,1
EK,Hong Kong,Italy,1,0,1
BA,Italy,Bermuda,1,0,1
UX,Peru,Spain,0,2,0
SS,France,Martinique,1,2,1
LH,Saudi Arabia,Italy,1,0,1
W4,Germany,Albania,8,1,8
AZ,Italy,Argentina,13,58,13
SQ,Vietnam,Singapore,2,0,2
LH,Italy,El Salvador,0,1,0
LA,Colombia,Argentina,1,0,1
TK,Italy,Cambodia,0,1,0
IB,Spain,Argentina,2,0,2
BA,Italy,Kenya,0,1,0
U2,Jersey,Italy,0,1,0
ZB,Albania,Italy,0,11,0
AZ,Italy,Croatia,1,5,1
OS,Italy,China,0,14,0
FR,Spain,Morocco,3,6,3
OS,Italy,Republic of Macedonia,1,3,1
AT,Italy,Western Sahara,0,1,0
CZ,Italy,Cambodia,0,2,0
TK,Austria,Rwanda,0,1,0
TP,Italy,Argentina,0,1,0
3U,China,Italy,0,1,0
5W,United Arab Emirates,Oman,1,0,1
AZ,Italy,Jordan,1,3,1
FR,Germany,Albania,0,2,0
LH,Czech Republic,Italy,3,0,3
A3,Greece,Sweden,1,0,1
LH,Italy,Vietnam,0,1,0
3O,Morocco,Turkey,1,3,1
RO,Italy,Turkey,0,3,0
UX,Colombia,Switzerland,0,1,0
PC,Italy,Saudi Arabia,0,2,0
QR,New Zealand,Italy,0,4,0
LH,Spain,Bulgaria,1,0,1
FZ,Italy,United Arab Emirates,3,40,3
QR,Italy,Indonesia,22,51,22
LH,Spain,Japan,0,2,0
AF,Italy,Canada,3,2,3
AV,Ecuador,Spain,3,0,3
EY,Italy,Sri Lanka,3,4,3
LH,Italy,Switzerland,1,3,1
SV,Italy,Australia,0,2,0
DL,Mexico,Italy,2,0,2
U8,Israel,Greece,0,1,0
ME,Turkey,Lebanon,0,1,0
N0,Italy,United States,78,13,77
ID,Indonesia,Indonesia,0,14,0
WY,Italy,Tanzania,2,7,2
U2,Italy,United States,2,8,2
X1,United Arab Emirates,Sri Lanka,0,1,0
LH,Italy,Philippines,0,9,0
OU,France,Croatia,0,3,0
LA,Peru,,0,6,0
AY,Germany,,0,1,0
XC,Germany,Greece,0,1,0
VY,Switzerland,Spain,2,0,2
JU,Romania,Spain,0,1,0
XZ,Italy,United States,0,1,0
FR,Italy,Egypt,0,17,0
FO,Brazil,Argentina,0,5,0
EK,Thailand,Italy,1,2,1
6E,India,Italy,0,4,0
FZ,Slovenia,United Arab Emirates,0,1,0
OK,Egypt,Czech Republic,0,1,0
VY,Italy,Iran,0,1,0
TK,Italy,Pakistan,1,5,1
9I,India,India,0,1,0
FR,Republic of Ireland,Denmark,1,0,1
AI,United Arab Emirates,India,0,3,0
AF,France,French Polynesia,0,1,0
LO,Italy,Norway,0,1,0
AV,Spain,Colombia,1,0,1
ET,Italy,Angola,0,1,0
OK,Czech Republic,Egypt,0,1,0
PC,Italy,Lebanon,1,1,1
LX,Italy,Hungary,0,2,0
VY,Spain,Belgium,2,0,2
B6,United States,Aruba,0,1,0
LA,Colombia,Peru,1,0,1
IB,United States,United Kingdom,1,0,1
B0,Italy,United States,0,3,0
LH,Italy,Austria,1,5,1
QS,Czech Republic,Egypt,0,1,0
TK,Italy,Kenya,0,2,0
OS,Italy,Croatia,4,5,4
SV,Netherlands,India,0,1,0
GQ,Italy,,0,1,0
SV,Germany,Pakistan,0,1,0
AK,Indonesia,Malaysia,0,7,0
AF,Italy,France,127,93,126
DY,Norway,Germany,0,1,0
AK,Malaysia,Indonesia,0,8,0
TK,Georgia,Italy,2,0,2
S4,Portugal,United States,0,1,0
LH,Slovenia,United States,1,0,1
AV,Brazil,Colombia,0,1,0
MS,United Arab Emirates,Egypt,0,1,0
XC,Germany,Turkey,0,2,0
W4,Romania,Albania,0,1,0
W4,Albania,Italy,28,43,28
WF,Norway,Italy,0,3,0
LX,Italy,United Arab Emirates,2,4,2
CI,Italy,Indonesia,1,5,1
AY,Italy,Iceland,0,3,0
PG,Cambodia,Thailand,1,0,1
QZ,Indonesia,Indonesia,0,4,0
KL,Denmark,Italy,0,1,0
RJ,Egypt,Jordan,0,1,0
W6,Bulgaria,Republic of Ireland,0,1,0
PG,Thailand,Thailand,24,30,24
SN,Italy,Cameroon,4,0,4
LA,Italy,Colombia,1,7,1
ID,Indonesia,Thailand,0,1,0
LX,Greece,Switzerland,1,0,1
AY,India,Italy,2,1,2
AF,Denmark,Switzerland,1,0,1
W4,Italy,Greece,178,163,176
AA,Italy,Mexico,7,0,7
AM,Italy,Colombia,0,3,0
WY,Italy,Sri Lanka,1,0,1
W6,Italy,Poland,19,35,19
IB,Spain,Pakistan,0,5,0
AC,Costa Rica,Switzerland,0,4,0
CA,Japan,Italy,0,1,0
AZ,Italy,Saudi Arabia,0,3,0
LA,Peru,Ecuador,0,1,0
AA,United States,Aruba,6,0,6
MH,Malaysia,Italy,0,1,0
RJ,Iraq,Italy,0,2,0
AZ,Italy,Moldova,0,1,0
V7,Algeria,France,0,1,0
AC,Germany,Canada,0,1,0
QZ,Indonesia,Thailand,0,1,0
2B,Albania,Italy,0,21,0
LA,Brazil,Italy,10,52,10
SK,Italy,Spain,0,2,0
Z0,United States,Italy,6,5,6
AF,Italy,Tanzania,0,11,0
BA,United States,United Kingdom,1,0,1
NO,Italy,Canada,2,0,2
LH,Tunisia,Italy,3,0,3
D7,New Zealand,Australia,0,1,0
ET,Somalia,Ethiopia,1,0,1
KM,Malta,Libya,0,1,0
FZ,Slovenia,Tanzania,2,0,2
BA,Gibraltar,United Kingdom,0,1,0
U2,Italy,Portugal,179,24,177
BA,United Kingdom,Italy,17,4,17
KL,Italy,Spain,9,3,9
U2,Greece,United States,1,0,1
AF,Brazil,Italy,2,1,2
AA,United States,,4,0,4
9R,Colombia,Colombia,0,1,0
LH,Argentina,Italy,0,5,0
SN,Italy,Ivory Coast,3,0,3
IU,Indonesia,Italy,0,2,0
AV,Argentina,Italy,0,3,0
QR,Australia,Italy,1,3,1
6E,Thailand,United Arab Emirates,0,1,0
G8,India,India,0,2,0
OK,Greece,Italy,0,2,0
PC,Turkey,Switzerland,0,2,0
LO,Italy,Poland,7,33,7
LA,Chile,Italy,2,19,2
I2,Republic of Ireland,Spain,3,0,3
CM,Dominican Republic,Cuba,1,0,1
AI,Italy,Australia,0,4,0
AF,Italy,China,0,7,0
TP,Portugal,United States,1,1,1
GF,Pakistan,Italy,0,2,0
W6,Italy,Pakistan,0,13,0
LA,Chile,Peru,1,1,1
U2,France,Spain,2,1,2
TU,Morocco,Tunisia,0,1,0
KL,Luxembourg,Norway,1,0,1
FR,Greece,Poland,0,1,0
MF,Japan,China,0,1,0
W6,Germany,Hungary,1,0,1
S4,Spain,Portugal,0,1,0
EK,Taiwan,Germany,0,1,0
FR,United Kingdom,Belgium,0,1,0
VN,Cambodia,Vietnam,0,1,0
AV,Ecuador,Ecuador,8,0,8
Y4,Mexico,Mexico,0,15,0
LH,Italy,South Korea,18,13,18
FR,Italy,Peru,0,7,0
TR,Singapore,Malaysia,0,3,0
FR,Estonia,Italy,0,1,0
8B,Indonesia,Indonesia,0,4,0
DL,Italy,Jamaica,2,0,2
TK,Italy,Angola,0,2,0
BA,United Kingdom,Germany,3,2,3
ZG,Japan,Canada,0,1,0
FR,Italy,El Salvador,0,1,0
LH,Italy,Turkey,13,2,13
G9,India,Italy,2,2,2
KM,Italy,Tunisia,0,2,0
BA,Italy,Maldives,2,0,2
FR,Hungary,Spain,0,2,0
W4,Austria,Italy,1,3,1
8U,Tunisia,Turkey,0,1,0
LO,Italy,Croatia,0,1,0
JQ,Japan,New Zealand,1,0,1
AF,United Kingdom,Argentina,1,0,1
FR,Denmark,Italy,17,19,17
TK,Thailand,Italy,1,8,1
AZ,Italy,Benin,0,2,0
BA,Italy,India,1,3,1
UA,Switzerland,,1,0,1
W6,Italy,United States,0,3,0
UK,Sri Lanka,Italy,0,1,0
DY,Germany,Denmark,0,2,0
DY,Norway,Spain,0,1,0
CZ,Thailand,New Zealand,0,1,0
AF,Italy,Réunion,2,1,2
CI,Italy,Vietnam,0,1,0
FR,Italy,Tunisia,0,2,0
BA,Fiji,Italy,0,1,0
W2,Italy,Romania,0,1,0
EY,Saudi Arabia,Indonesia,0,2,0
LH,Mexico,Italy,0,1,0
KU,Italy,Bangladesh,0,1,0
U2,Italy,Colombia,0,1,0
SK,United Kingdom,Norway,1,0,1
RO,Bulgaria,Romania,0,1,0
KL,France,Morocco,0,1,0
UK,France,Malaysia,0,1,0
BA,Italy,Aruba,0,1,0
U2,Netherlands,Italy,36,4,36
FR,Italy,Czech Republic,85,152,84
SN,Italy,The Gambia,1,0,1
AV,Brazil,Italy,2,5,2
1L,Italy,Germany,0,1,0
AT,Senegal,Italy,0,1,0
LS,United Kingdom,Spain,0,1,0
LS,Spain,United Kingdom,0,1,0
EK,Greece,United Arab Emirates,0,1,0
LX,Italy,Bosnia and Herzegovina,0,4,0
LH,France,China,0,1,0
QF,Australia,Italy,1,1,1
TK,Italy,Kyrgyzstan,1,1,1
FR,Greece,,0,2,0
TK,Italy,Seychelles,3,1,3
FR,Czech Republic,Croatia,1,0,1
NZ,Japan,New Zealand,0,1,0
TK,Italy,Bangladesh,1,1,1
VY,The Gambia,Italy,0,1,0
TK,Italy,Mali,4,2,4
E9,Cuba,Spain,0,6,0
TP,Morocco,Italy,2,2,2
LX,Italy,China,1,3,1
BA,Italy,Mauritius,0,3,0
KE,United States,United States,0,2,0
FR,Portugal,Spain,1,2,1
AF,Cameroon,Italy,0,3,0
HU,Israel,China,0,1,0
KL,Switzerland,Colombia,0,1,0
VJ,Indonesia,Vietnam,0,1,0
LX,Italy,Cameroon,0,1,0
W6,Netherlands,Albania,1,0,1
A3,Lebanon,Italy,1,0,1
AI,United Arab Emirates,Thailand,0,1,0
KQ,Italy,Madagascar,0,2,0
ET,Italy,Burundi,0,4,0
LX,Italy,Luxembourg,1,1,1
OS,Italy,Romania,0,4,0
AZ,Greece,Italy,7,14,7
OS,Italy,Montenegro,3,8,3
EW,Greece,Italy,1,0,1
LH,Germany,Guatemala,0,1,0
LX,South Africa,Italy,0,1,0
EW,Germany,France,0,1,0
UX,Venezuela,Italy,0,2,0
5J,Hong Kong,Philippines,1,0,1
VY,Italy,Senegal,1,0,1
AF,France,Czech Republic,1,0,1
KL,Peru,Italy,0,2,0
SV,Italy,Mauritius,1,0,1
SV,Italy,Kenya,0,2,0
AV,Mexico,Colombia,2,0,2
FR,Portugal,Morocco,1,1,1
FZ,Slovenia,,0,3,0
AF,France,United States,0,15,0
LX,Italy,France,0,7,0
TK,Italy,Rwanda,0,4,0
LH,Italy,Tunisia,4,0,4
TR,Philippines,Australia,0,1,0
AZ,Algeria,Italy,0,1,0
TW,South Korea,South Korea,0,1,0
LX,Switzerland,Cuba,0,1,0
TK,United States,Italy,2,3,2
W6,Italy,Austria,0,10,0
FZ,Italy,India,1,1,1
XJ,Australia,Italy,0,3,0
SK,Belgium,Denmark,1,1,1
OU,Bosnia and Herzegovina,Italy,0,1,0
MH,Malaysia,Vietnam,1,0,1
LH,Italy,Iran,1,0,1
AM,Ecuador,Spain,0,1,0
V7,Spain,France,0,1,0
W4,Italy,Estonia,2,2,2
W6,Italy,Lithuania,4,2,4
KL,Italy,Denmark,0,2,0
PC,Kyrgyzstan,Italy,0,1,0
UX,Argentina,Italy,0,4,0
LH,Republic of Ireland,Italy,1,0,1
JT,Indonesia,Italy,0,1,0
TP,Portugal,United Kingdom,0,1,0
AI,Italy,Thailand,0,20,0
U2,Italy,Denmark,18,5,18
LX,Switzerland,United States,4,2,4
SK,Sweden,Denmark,0,2,0
AZ,Italy,Guinea,0,1,0
WS,Italy,Canada,0,6,0
LX,Republic of Ireland,United States,0,1,0
TK,Turkey,Indonesia,5,0,5
GF,Pakistan,Romania,0,3,0
TK,Italy,Lebanon,2,7,2
LO,Romania,Italy,0,4,0
2W,Spain,Dominican Republic,0,3,0
LA,Argentina,France,0,1,0
CY,Italy,Cyprus,2,16,2
CA,Italy,China,5,160,5
EK,Australia,Italy,0,4,0
W4,Italy,,0,23,0
AM,United Kingdom,Costa Rica,0,1,0
FZ,Italy,Tanzania,1,11,1
QR,Italy,Hong Kong,1,0,1
BA,Italy,Australia,0,2,0
UX,Switzerland,Cuba,1,0,1
LO,Italy,Egypt,0,2,0
U2,Iceland,United Kingdom,2,0,2
VY,Spain,Portugal,2,1,2
SK,Italy,China,0,4,0
EW,Italy,Brazil,0,1,0
AC,Italy,Cuba,0,1,0
W4,Italy,Romania,165,212,163
5J,Vietnam,Philippines,1,5,1
JQ,Malaysia,Singapore,3,1,3
EW,Italy,Italy,0,1,0
D7,Australia,Italy,0,1,0
LX,Norway,Switzerland,1,0,1
W4,Italy,Spain,507,430,502
KE,Japan,Italy,0,2,0
U2,Italy,Israel,8,1,8
LH,Italy,Azerbaijan,1,0,1
W6,Netherlands,Bulgaria,0,1,0
UX,Dominican Republic,Italy,0,1,0
IW,Indonesia,Singapore,0,1,0
EY,Italy,South Korea,2,0,2
W6,Portugal,Italy,5,15,5
W4,Italy,Croatia,4,17,4
VY,Italy,Argentina,5,7,5
AF,Italy,Chile,4,6,4
W6,Italy,Germany,0,3,0
EN,Italy,Germany,2,0,2
W6,Italy,Oman,0,1,0
AY,Italy,Estonia,1,0,1
XZ,Italy,Morocco,0,1,0
AF,France,France,4,13,4
FR,Italy,Albania,0,14,0
EW,Germany,Italy,54,38,53
W6,Armenia,Italy,6,6,6
AF,Italy,South Korea,2,1,2
U2,France,,0,2,0
FR,Austria,Portugal,0,1,0
A3,France,,0,2,0
LH,Spain,Italy,2,1,2
OS,Italy,Philippines,0,1,0
CX,Italy,Philippines,0,1,0
CY,Cyprus,France,1,0,1
EW,Germany,Portugal,2,0,2
Z9,Malaysia,Indonesia,0,4,0
LO,Poland,Japan,0,2,0
UX,Spain,Ecuador,0,1,0
AM,United States,Mexico,0,1,0
AV,Spain,Guatemala,0,2,0
BT,Italy,Latvia,11,3,11
XR,Greece,Italy,0,3,0
BA,Italy,Germany,2,1,2
CX,Australia,,0,1,0
LX,Canada,Italy,2,0,2
XZ,Italy,India,0,1,0
NO,Italy,,0,2,0
KL,Curaçao,Netherlands,1,0,1
TK,Montenegro,Turkey,1,0,1
KU,India,Portugal,0,1,0
OS,Republic of Kosovo,Italy,0,1,0
PC,Turkey,Turkey,0,9,0
AZ,Japan,Italy,8,2,8
I2,Italy,Spain,22,0,22
U2,France,United States,1,0,1
AZ,Argentina,Italy,4,12,4
EY,Italy,United Arab Emirates,22,1,22
MS,Saudi Arabia,Egypt,0,2,0
V7,Greece,Greece,8,4,8
FR,France,Morocco,3,2,3
AZ,Italy,Portugal,0,3,0
LH,Switzerland,Italy,0,5,0
OS,Austria,Bulgaria,1,0,1
EW,Italy,France,0,1,0
OS,Montenegro,Italy,1,0,1
U2,Italy,Iceland,25,32,25
U2,Italy,Egypt,140,36,139
W4,Italy,Sweden,1,5,1
LH,Denmark,Italy,8,3,8
TP,Venezuela,Italy,0,1,0
KL,Italy,Ghana,3,0,3
U2,Cyprus,Italy,1,0,1
AR,Argentina,Italy,0,1,0
KL,Italy,Chile,0,1,0
W6,Italy,Morocco,0,25,0
AF,Italy,Ivory Coast,1,1,1
KU,Italy,India,0,3,0
VN,Vietnam,Vietnam,0,8,0
EN,Italy,Japan,0,8,0
CX,Greece,Japan,0,1,0
DE,United States,Italy,1,1,1
JU,Italy,Egypt,0,9,0
LH,Germany,Slovenia,1,0,1
BQ,Italy,Germany,1,0,1
HV,Portugal,Italy,0,1,0
B6,United Kingdom,United States,0,1,0
"",Colombia,Mexico,1,0,1
EK,Germany,Maldives,1,0,1
TK,Luxembourg,Turkey,1,0,1
W6,Belgium,Bulgaria,1,0,1
AZ,Italy,Thailand,0,20,0
ET,Italy,Nigeria,0,1,0
W4,Spain,Egypt,0,1,0
LX,Switzerland,,0,2,0
UA,France,United States,3,0,3
TK,Pakistan,Poland,0,18,0
AA,Mexico,United States,2,0,2
9C,China,Italy,0,3,0
EY,Germany,Indonesia,0,1,0
TB,Italy,Belgium,4,3,4
AT,Italy,Mali,0,2,0
TK,Italy,Malaysia,8,2,8
AV,Colombia,Italy,6,7,6
SV,Switzerland,,0,3,0
VY,Italy,The Gambia,2,1,2
HC,Italy,Senegal,0,7,0
NO,Italy,Kenya,0,1,0
EI,Republic of Ireland,Italy,1,4,1
G3,Dominican Republic,Brazil,0,1,0
W4,Italy,France,86,120,85
TP,Italy,Senegal,2,15,2
GF,Italy,Maldives,0,9,0
LO,Italy,Kazakhstan,0,4,0
AA,Ecuador,United States,3,0,3
W4,Italy,Tunisia,0,1,0
CM,Panama,United States,0,1,0
VY,United Kingdom,Italy,16,6,16
FR,Bulgaria,Italy,5,8,5
WS,Canada,Canada,1,1,1
AA,Italy,,21,0,21
SV,Thailand,Italy,0,1,0
BA,Italy,Argentina,0,2,0
SQ,Indonesia,Malaysia,1,0,1
LX,Switzerland,Germany,0,1,0
KL,Norway,Italy,1,0,1
TP,Portugal,Germany,1,2,1
BG,Bangladesh,Saudi Arabia,0,1,0
OS,Thailand,Italy,0,1,0
OS,Romania,Germany,0,1,0
EN,Italy,Sri Lanka,0,1,0
BA,Germany,Argentina,1,0,1
EY,Switzerland,,0,1,0
XZ,Italy,Uganda,0,1,0
G3,Brazil,Italy,0,5,0
KI,Malaysia,Malaysia,0,1,0
AF,Mauritius,Réunion,0,2,0
EN,Italy,Dominican Republic,0,1,0
LO,Italy,Armenia,0,1,0
TK,India,Italy,1,0,1
XZ,Italy,Czech Republic,0,1,0
U2,Italy,Czech Republic,38,11,38
U2,Italy,Morocco,43,20,43
AZ,Italy,Brazil,8,44,8
W4,Italy,Azerbaijan,13,1,13
D7,China,Indonesia,0,6,0
KL,Italy,China,0,5,0
JL,Italy,,0,1,0
FZ,Italy,,0,2,0
EY,France,Seychelles,1,0,1
FZ,Pakistan,Poland,9,2,9
AY,Sweden,Finland,1,0,1
OS,Italy,Sweden,2,4,2
LO,Italy,Israel,0,2,0
TK,Hungary,Indonesia,0,2,0
6H,Israel,Egypt,0,2,0
AY,Sweden,Brazil,0,1,0
AI,Italy,,0,1,0
"",Argentina,Italy,2,0,2
WY,Italy,Indonesia,0,1,0
EK,United Kingdom,Thailand,2,1,2
W6,Hungary,Jordan,0,1,0
TK,Italy,Cyprus,0,4,0
KL,Israel,Spain,1,0,1
F3,Kuwait,Saudi Arabia,0,1,0
E9,Cuba,Italy,0,2,0
AS,Italy,United States,0,1,0
U2,Portugal,United Kingdom,4,0,4
BT,Italy,Estonia,0,2,0
SS,Madagascar,Réunion,0,3,0
LH,Panama,Italy,3,0,3
2W,Cuba,Spain,0,4,0
AZ,Italy,Eritrea,0,2,0
SG,India,India,1,0,1
TK,Japan,Bosnia and Herzegovina,0,1,0
U2,Germany,,0,2,0
TP,Portugal,France,0,1,0
TP,Italy,Mozambique,0,1,0
VY,France,Portugal,0,1,0
TK,Italy,Saudi Arabia,0,2,0
EW,Portugal,Italy,2,0,2
LH,Italy,France,10,9,10
6E,Czech Republic,India,0,1,0
LH,Belgium,Mexico,0,3,0
A1,Italy,Moldova,0,1,0
KC,Kazakhstan,Kazakhstan,0,3,0
TK,Italy,Ecuador,0,1,0
W6,Italy,Cuba,0,2,0
TK,Turkey,Germany,0,1,0
FR,Czech Republic,Denmark,1,0,1
EY,United Arab Emirates,Singapore,0,1,0
TK,Italy,Qatar,4,1,4
DL,United States,,6,0,6
U2,Portugal,France,3,0,3
TK,Italy,Vietnam,2,2,2
WY,Sri Lanka,Italy,0,2,0
LA,Ecuador,Ecuador,0,4,0
6H,Israel,Spain,0,1,0
E5,Italy,Indonesia,0,1,0
FZ,Maldives,Italy,0,3,0
AC,United States,,0,1,0
LH,Italy,Australia,0,1,0
DY,Sweden,Denmark,0,1,0
SN,Italy,Spain,0,1,0
LH,Italy,Denmark,19,3,19
OS,Italy,Iceland,3,1,3
QR,Denmark,Pakistan,0,2,0
DL,Italy,,4,0,4
TK,Italy,Indonesia,24,12,24
EK,Philippines,Italy,0,4,0
LH,Italy,Colombia,3,6,3
FZ,Jordan,Tanzania,1,0,1
W4,Italy,Latvia,0,3,0
HU,Italy,,0,1,0
AF,Norway,Italy,1,0,1
PC,Kazakhstan,Italy,0,1,0
AF,Spain,Italy,0,1,0
TX,United States,Italy,0,3,0
FR,France,Portugal,0,3,0
BA,Dominican Republic,Cuba,0,1,0
EK,Italy,Sri Lanka,9,8,9
QF,Australia,Australia,1,0,1
OS,Italy,Australia,0,1,0
W4,Spain,Romania,1,0,1
VY,Italy,Canada,0,1,0
V7,Italy,Spain,53,40,52
TX,France,French Polynesia,0,1,0
KU,Italy,Nepal,1,0,1
DL,Spain,Brazil,3,0,3
KL,Italy,Portugal,2,3,2
G9,Italy,United Arab Emirates,1,1,1
NK,United States,Italy,0,2,0
NH,Japan,Japan,0,2,0
U2,Italy,Estonia,0,1,0
FR,Spain,Republic of Ireland,1,0,1
AA,United States,Cuba,1,0,1
TP,United States,Portugal,1,0,1
TK,Senegal,Italy,0,1,0
AC,United States,Italy,0,2,0
BF,United States,Italy,0,6,0
LH,Italy,China,3,9,3
H6,Germany,Bulgaria,0,3,0
U2,Denmark,Italy,3,0,3
TR,Vietnam,Singapore,1,0,1
FR,Spain,,0,2,0
XZ,Italy,Portugal,0,1,0
AV,Bolivia,United States,1,0,1
MK,Mauritius,Italy,0,1,0
TK,Venezuela,Italy,2,3,2
F8,Canada,United States,0,6,0
EW,France,Italy,1,5,1
BF,United States,France,3,2,3
LO,India,Italy,0,2,0
SQ,Malaysia,Fiji,1,0,1
BT,Italy,Azerbaijan,0,1,0
LH,Italy,Hong Kong,1,0,1
SN,Italy,Sierra Leone,1,0,1
W6,Italy,Malaysia,0,19,0
DT,South Africa,Italy,0,2,0
VY,Spain,Netherlands,2,0,2
SQ,Thailand,Italy,2,0,2
FR,Belgium,,0,2,0
ZG,Singapore,Japan,1,0,1
LS,Italy,United Kingdom,20,17,20
W4,Italy,Morocco,99,70,98
U2,Israel,Italy,4,0,4
OS,Egypt,Italy,0,2,0
IB,Argentina,Italy,2,0,2
EK,United States,Italy,1,1,1
IB,Spain,Costa Rica,0,2,0
AF,Germany,Mexico,6,1,6
MS,Italy,Ethiopia,0,3,0
ET,Benin,Italy,0,2,0
NH,Italy,Japan,0,10,0
WF,Italy,Norway,0,3,0
W6,Serbia,Germany,2,0,2
VY,Egypt,Italy,1,0,1
TK,Azerbaijan,Italy,0,1,0
WB,Rwanda,Italy,0,2,0
DE,Spain,Germany,0,3,0
BA,Mauritius,Italy,0,4,0
U2,Italy,Sweden,0,2,0
AZ,Italy,Jamaica,0,1,0
AZ,Italy,Republic of Ireland,0,3,0
AM,Costa Rica,Italy,0,1,0
CX,Italy,Indonesia,0,1,0
KL,Italy,Madagascar,0,1,0
TK,Italy,China,0,1,0
WS,Canada,The Bahamas,0,1,0
OS,Netherlands,Austria,0,1,0
DY,Italy,Iceland,0,2,0
LH,Singapore,Italy,2,0,2
AA,Jamaica,Mexico,1,0,1
TK,Italy,Australia,0,6,0
DL,United States,Mexico,1,0,1
OS,Poland,Romania,0,1,0
DE,Germany,Canada,1,0,1
AZ,Italy,Canada,0,7,0
V7,Italy,Denmark,1,1,1
FR,Poland,Austria,0,3,0
LH,Italy,Netherlands,4,12,4
AF,Switzerland,Canada,3,0,3
LA,Peru,Italy,0,7,0
SN,Senegal,Italy,1,0,1
UA,Switzerland,United States,1,0,1
PC,Cyprus,Turkey,1,0,1
6E,Turkey,India,0,1,0
LH,Italy,Jamaica,0,2,0
AT,Germany,Morocco,0,1,0
QZ,Indonesia,,0,1,0
FR,Austria,Spain,0,2,0
LX,Italy,Indonesia,0,4,0
DE,Italy,Germany,3,1,3
W6,Italy,Iceland,0,13,0
UX,Italy,Brazil,2,2,2
CA,Italy,Thailand,0,6,0
AP,Cape Verde,Italy,0,1,0
W6,Italy,Tunisia,0,1,0
E9,Spain,Cuba,1,4,1
SQ,Singapore,Indonesia,1,0,1
IB,Argentina,Spain,2,1,2
FR,United Kingdom,Romania,1,0,1
DY,Sweden,Norway,0,2,0
LO,Latvia,Croatia,0,1,0
FJ,Australia,Fiji,0,1,0
A1,Cuba,Mexico,0,1,0
CA,Italy,Cambodia,0,1,0
3O,Morocco,Italy,68,9,67
SN,Italy,Netherlands,0,4,0
UX,Italy,Venezuela,3,1,3
HV,France,Morocco,2,0,2
EK,Pakistan,Italy,4,0,4
GF,Singapore,Italy,0,1,0
LH,Cyprus,,0,1,0
QR,Lebanon,Thailand,1,0,1
TB,Mexico,Belgium,1,0,1
U2,France,Greece,3,0,3
U2,United Kingdom,France,11,4,11
AT,Spain,Nigeria,0,2,0
TP,Italy,Mexico,1,10,1
SQ,Spain,Italy,1,1,1
AI,Italy,India,0,13,0
SN,Italy,France,0,2,0
IB,France,Italy,0,1,0
EY,South Korea,Italy,1,2,1
LX,France,Italy,6,8,6
QH,Vietnam,Vietnam,3,3,3
LH,Italy,Indonesia,0,2,0
MS,Italy,Japan,0,3,0
VB,Cuba,Mexico,2,0,2
JL,Japan,United States,0,1,0
FR,Greece,France,0,1,0
IB,Italy,United Kingdom,0,1,0
AZ,France,Italy,18,20,18
FR,Czech Republic,Hungary,2,0,2
U2,Italy,Malta,45,12,45
SK,Netherlands,Italy,0,13,0
FJ,Fiji,Thailand,0,1,0
BT,Estonia,Italy,0,2,0
TK,Italy,Mongolia,0,2,0
OD,Malaysia,,0,1,0
LO,Israel,United States,0,1,0
FR,Spain,France,4,1,4
A9,Georgia,Italy,0,3,0
VY,Spain,Norway,0,2,0
W6,Albania,Greece,0,3,0
W6,Romania,Italy,0,8,0
DY,Italy,Denmark,0,65,0
TK,Slovenia,,0,1,0
AF,Italy,Costa Rica,10,4,10
CI,Cambodia,Italy,0,1,0
W6,Italy,Seychelles,0,1,0
E4*,France,Greece,0,4,0
CM,Colombia,Panama,2,0,2
LX,Greece,Italy,1,0,1
JU,Egypt,Italy,0,1,0
LH,Croatia,Italy,1,0,1
TK,Moldova,India,0,1,0
C7,Sri Lanka,Sri Lanka,0,1,0
FR,Hungary,Italy,25,22,25
LH,Italy,Namibia,9,3,9
TK,Italy,The Gambia,0,1,0
SV,Italy,Bangladesh,1,2,1
AR,Argentina,Argentina,0,6,0
SQ,Italy,Singapore,3,2,3
ME,Lebanon,Turkey,1,0,1
KC,Kazakhstan,United States,0,2,0
Y9,Canada,Canada,0,5,0
6E,United Arab Emirates,Maldives,0,2,0
EW,Germany,United Kingdom,0,1,0
6E,Thailand,Kuwait,0,1,0
AM,Italy,Mexico,0,25,0
FR,Republic of Ireland,Spain,0,3,0
"",United States,Spain,4,0,4
WS,United States,Italy,0,4,0
IB,Spain,Czech Republic,1,0,1
SK,Italy,Portugal,0,1,0
ET,Italy,Namibia,0,1,0
KM,Italy,Italy,0,1,0
W6,Germany,Albania,0,1,0
A3,Greece,Italy,15,51,15
OS,Bosnia and Herzegovina,Italy,0,5,0
LH,Italy,United Kingdom,5,4,5
TP,Spain,Brazil,0,2,0
AY,Japan,Italy,1,0,1
FR,Austria,Poland,0,1,0
NE,Italy,Egypt,0,1,0
LH,Germany,Republic of Ireland,1,0,1
LX,Italy,United Kingdom,1,0,1
U2,Italy,Tunisia,0,3,0
W4,Italy,Germany,8,18,8
LX,Italy,Dominican Republic,0,10,0
H4,Moldova,Italy,0,3,0
QZ,Malaysia,Indonesia,0,2,0
VY,Portugal,Italy,2,2,2
LH,Egypt,Italy,1,0,1
BR,Italy,Philippines,0,2,0
UX,Spain,Mexico,1,0,1
DY,Norway,Sweden,0,1,0
FR,Italy,Lithuania,9,10,9
AI,India,Thailand,0,1,0
TP,Italy,Brazil,62,174,61
LO,Italy,,1,7,1
TR,South Korea,Taiwan,0,5,0
FR,Italy,Serbia,0,6,0
LH,Germany,Bulgaria,3,0,3
FR,Italy,Algeria,0,2,0
FR,Italy,Georgia,0,1,0
MH,United Kingdom,Indonesia,0,1,0
FR,United Kingdom,Portugal,1,0,1
LX,Romania,Italy,1,1,1
JZ,Peru,Peru,0,1,0
FR,Germany,Morocco,0,1,0
E5,Egypt,Italy,26,6,26
DG,Philippines,Philippines,3,4,3
UO,Taiwan,Hong Kong,0,3,0
XY,Saudi Arabia,United Arab Emirates,1,0,1
W9,United Kingdom,Italy,6,0,6
TK,Italy,Jordan,4,1,4
PG,Thailand,,0,3,0
LO,Egypt,Italy,1,1,1
LX,Italy,Australia,0,3,0
SN,Belgium,,0,1,0
SG,India,Thailand,0,1,0
UX,Spain,Netherlands,0,1,0
CM,Panama,Switzerland,0,1,0
EK,United Arab Emirates,Kenya,0,1,0
DE,Italy,Dominican Republic,0,2,0
KL,Italy,Peru,2,22,2
SN,Belgium,Switzerland,2,0,2
W4,Estonia,Italy,4,0,4
AD,Portugal,Brazil,0,6,0
UG,Tunisia,Italy,0,2,0
CA,New Zealand,Italy,0,2,0
UK,United Arab Emirates,Mauritius,0,1,0
FR,Poland,Hungary,2,0,2
AF,Italy,Sint Maarten,4,1,4
LH,Italy,Mauritius,0,1,0
SN,Burkina Faso,Italy,0,1,0
LA,Brazil,Spain,0,2,0
GF,United Kingdom,Pakistan,0,1,0
A3,Netherlands,Greece,0,1,0
AF,France,Nigeria,1,0,1
EY,Italy,Thailand,6,22,6
MS,Egypt,Italy,0,31,0
W6,Romania,United Arab Emirates,1,1,1
AF,Mexico,Italy,2,5,2
SV,Italy,,3,0,3
LH,Italy,Republic of Ireland,5,10,5
EK,United Arab Emirates,Italy,2,2,2
LH,Denmark,Germany,0,1,0
QR,Italy,Nepal,0,3,0
CA,Italy,South Korea,0,8,0
W4,Italy,United Arab Emirates,0,3,0
LY,Israel,Spain,0,3,0
FR,Spain,Spain,64,51,63
G9,Italy,Sri Lanka,17,6,17
LH,Italy,Finland,0,3,0
AY,Germany,Thailand,0,1,0
W6,Georgia,Italy,0,1,0
BA,Italy,South Africa,0,1,0
AD,Brazil,France,0,1,0
U2,Morocco,Italy,15,5,15
AZ,Italy,Belgium,5,29,5
UX,Spain,Cuba,1,1,1
IU,Indonesia,Indonesia,0,9,0
9U,Moldova,Italy,0,3,0
U2,France,Denmark,2,0,2
MU,China,Japan,0,1,0
CA,Italy,Philippines,0,1,0
KM,France,Italy,0,1,0
JU,Italy,Montenegro,0,1,0
EY,Italy,Malaysia,2,2,2
LX,Italy,Slovenia,0,1,0
PC,Oman,Italy,1,0,1
A3,Italy,Lebanon,3,8,3
DE,Italy,Canada,9,10,9
KL,Italy,Argentina,2,5,2
AF,Italy,Panama,3,2,3
V7,Greece,France,3,0,3
FR,Italy,Cuba,0,3,0
BA,Italy,Jamaica,1,0,1
AM,Guatemala,Mexico,0,2,0
TK,United Arab Emirates,Turkey,1,0,1
OS,Italy,Latvia,0,1,0
MS,Italy,Uganda,0,7,0
7C,South Korea,Japan,1,1,1
KL,Mexico,Italy,0,3,0
SQ,Turkey,Australia,1,0,1
SK,Denmark,Norway,0,6,0
AZ,Italy,Poland,0,1,0
CA,Italy,Australia,0,2,0
KL,Spain,Mexico,1,2,1
AF,Costa Rica,Italy,1,0,1
ET,Italy,Zambia,0,1,0
UK,Thailand,Italy,0,1,0
H2,Peru,Argentina,0,1,0
W6,Italy,Belgium,0,1,0
FR,Romania,Bulgaria,0,1,0
G3,Brazil,Brazil,0,25,0
AC,Denmark,Canada,3,4,3
AF,Italy,United Kingdom,0,2,0
LH,Italy,Sweden,5,6,5
AV,Spain,Costa Rica,4,0,4
FR,Republic of Ireland,United Kingdom,0,1,0
W9,Albania,United Kingdom,1,0,1
ME,Lebanon,Denmark,0,1,0
OS,Italy,Cyprus,3,1,3
QP,India,Seychelles,0,1,0
3F,Armenia,Italy,0,1,0
TR,Hong Kong,Italy,0,1,0
AT,Italy,Burkina Faso,0,1,0
AK,Malaysia,Fiji,0,1,0
W4,Italy,Hungary,0,1,0
LA,Peru,Spain,0,1,0
DY,Greece,Sweden,0,1,0
LX,Egypt,Italy,4,0,4
SK,Norway,Norway,2,10,2
AZ,Egypt,,0,1,0
GF,Italy,Oman,0,1,0
NO,Italy,Jamaica,3,0,3
W6,Italy,China,0,1,0
EW,Italy,Turkey,1,2,1
G9,Italy,Malaysia,2,0,2
W6,Italy,Sweden,0,3,0
BY,United Kingdom,Italy,2,0,2
SN,Italy,Sweden,0,2,0
E9,Dominican Republic,Italy,0,2,0
AZ,Italy,Malaysia,0,4,0
6E,Turkey,Australia,0,2,0
HV,Austria,France,0,1,0
KL,United Kingdom,Italy,1,0,1
OS,Italy,Japan,5,13,5
TB,Belgium,Cyprus,1,1,1
A3,Italy,Turkey,0,6,0
SV,Italy,India,2,13,2
AP,Italy,Greece,0,1,0
AT,Spain,Morocco,0,2,0
LA,United States,Ecuador,0,1,0
5W,United Arab Emirates,Egypt,0,1,0
KL,Italy,Canada,7,8,7
QR,Italy,Malaysia,4,13,4
EW,Germany,Germany,5,13,5
UX,Italy,Peru,10,28,10
IB,Italy,Jamaica,0,1,0
TP,Portugal,São Tomé and Príncipe,0,2,0
MH,Malaysia,Singapore,1,0,1
VS,Germany,United States,0,2,0
FR,Germany,United Kingdom,0,1,0
CA,Italy,Vietnam,0,2,0
SK,Italy,Netherlands,0,2,0
LA,Italy,Bolivia,0,1,0
AA,United States,Turks and Caicos Islands,4,0,4
W6,Italy,Australia,0,7,0
AF,Greece,Spain,0,1,0
KL,Italy,Thailand,6,0,6
FZ,Italy,Thailand,1,0,1
EK,Israel,Maldives,0,1,0
QF,Italy,,0,1,0
ET,Republic of the Congo,Italy,1,0,1
LO,Italy,Canada,0,1,0
SN,Italy,Egypt,0,1,0
LX,India,Italy,1,0,1
A3,Italy,Cyprus,4,7,4
KQ,Italy,Kenya,6,11,6
FR,Cyprus,Malta,1,0,1
RJ,Italy,Jordan,0,4,0
BA,United Kingdom,Spain,1,1,1
LH,Germany,Greece,0,1,0
ME,Lebanon,Italy,1,0,1
QR,Italy,Philippines,8,0,8
CZ,Italy,Thailand,2,0,2
VS,France,Mexico,0,1,0
PC,United Arab Emirates,Turkey,0,1,0
U2,Switzerland,Denmark,1,0,1
TK,Israel,Germany,0,2,0
TU,Tunisia,Ivory Coast,0,1,0
BA,United Kingdom,Mexico,0,1,0
IB,Spain,Guatemala,2,0,2
NO,Italy,Kazakhstan,1,0,1
DY,Denmark,Italy,0,22,0
AC,Italy,Canada,41,63,41
DL,Italy,United States,48,0,48
DE,Italy,,2,0,2
EK,Portugal,Indonesia,1,1,1
FB,Italy,Bulgaria,0,23,0
DE,Italy,Mexico,9,4,9
EN,Italy,,0,2,0
UX,Italy,Portugal,1,2,1
W6,Italy,Azerbaijan,0,2,0
EK,Germany,Vietnam,1,0,1
PC,Germany,Turkey,0,1,0
DE,Germany,France,2,2,2
AF,Italy,Guatemala,0,1,0
AZ,Belgium,Italy,10,16,10
AH,Italy,Algeria,0,18,0
AF,France,Greece,1,0,1
LX,Germany,Italy,2,1,2
LH,Germany,Spain,2,1,2
E9,Costa Rica,Italy,0,2,0
AY,Hong Kong,Italy,1,0,1
LS,Greece,Italy,0,1,0
UK,United Arab Emirates,Singapore,0,1,0
NO,Mexico,Italy,3,8,3
W4,United Kingdom,Italy,35,21,35
W6,France,Italy,21,12,21
FR,Italy,Finland,14,19,14
QR,Italy,Vietnam,8,9,8
NH,Japan,,0,2,0
FR,Poland,Republic of Ireland,5,2,5
W4,Republic of Kosovo,Austria,2,2,2
CX,Italy,Australia,0,2,0
BA,Antigua and Barbuda,Italy,0,1,0
OS,France,Thailand,1,0,1
PC,Georgia,Denmark,1,0,1
2B,Italy,Albania,0,117,0
W6,Jordan,Italy,3,2,3
DE,Germany,Cuba,1,0,1
SN,Italy,Portugal,1,2,1
SV,Germany,Thailand,0,2,0
AA,Spain,United States,3,0,3
U2,Slovenia,Greece,0,1,0
OG,France,United States,1,0,1
CM,Mexico,Panama,0,1,0
6E,United Arab Emirates,Sri Lanka,1,1,1
JQ,New Zealand,New Zealand,1,0,1
UX,Italy,Mexico,3,17,3
LH,France,India,2,0,2
TK,Italy,Thailand,19,25,19
QR,Tanzania,Italy,2,2,2
BA,United Kingdom,Argentina,1,0,1
Y4,Guatemala,Mexico,0,1,0
LH,Italy,Nigeria,1,0,1
HV,Italy,France,53,93,52
AV,Bolivia,,0,2,0
PD,United States,Canada,7,0,7
UX,Brazil,Italy,2,0,2
TP,Italy,Spain,2,6,2
PC,Turkey,Iran,2,0,2
SK,Italy,Poland,0,1,0
SS,Guadeloupe,Italy,0,1,0
FR,Czech Republic,Romania,0,5,0
XZ,Italy,Croatia,0,1,0
XZ,Italy,France,0,2,0
LO,Czech Republic,Slovakia,0,1,0
W4,Republic of Kosovo,Italy,4,1,4
AA,Sint Maarten,United States,1,0,1
UA,United States,France,0,1,0
AZ,Italy,Bonaire,0,1,0
FJ,Fiji,Singapore,0,1,0
AZ,Italy,French Polynesia,0,1,0
EW,Italy,Czech Republic,23,11,23
W4,Italy,Armenia,6,19,6
U2,Italy,Cyprus,34,2,34
EY,Italy,Philippines,4,11,4
AM,Mexico,Italy,0,1,0
LH,Italy,Costa Rica,0,5,0
WJ,Argentina,Spain,0,5,0
KL,Italy,Sweden,1,3,1
SK,Norway,Sweden,1,0,1
5W,Uzbekistan,Italy,0,1,0
TR,Vietnam,Italy,0,1,0
B6,United States,,0,1,0
LH,Italy,Mexico,1,5,1
TK,Bangladesh,Italy,0,1,0
V7,Italy,Germany,2,2,2
LX,Italy,Iceland,4,11,4
W6,Belgium,Romania,0,2,0
EK,Italy,Singapore,2,1,2
LH,Italy,Canada,15,31,15
GF,Italy,Singapore,0,6,0
VY,Spain,Chile,1,0,1
9U,Italy,Turkey,0,1,0
LG,Spain,Luxembourg,1,0,1
AZ,Italy,Mexico,0,40,0
MS,Italy,United Arab Emirates,0,5,0
W6,Austria,Egypt,1,1,1
F3,Saudi Arabia,Saudi Arabia,0,9,0
FR,Finland,Greece,0,1,0
AV,United States,Aruba,1,0,1
VZ,Thailand,Japan,0,1,0
IB,Spain,Mexico,6,1,6
OU,Italy,Croatia,2,1,2
QR,Italy,Singapore,11,3,11
FR,United Kingdom,Republic of Ireland,4,2,4
TK,Italy,New Zealand,0,2,0
VY,Switzerland,,0,1,0
CM,Panama,Nicaragua,1,0,1
BT,Italy,Lithuania,0,1,0
MS,Italy,Kenya,0,11,0
FR,France,Spain,5,4,5
SN,Cameroon,Italy,2,0,2
VY,France,Denmark,1,0,1
LH,Italy,Bosnia and Herzegovina,5,1,5
"",United States,Italy,4,0,4
AA,United States,Mexico,7,0,7
GJ,China,China,0,1,0
W4,Italy,Republic of Ireland,0,2,0
VY,Italy,Peru,1,2,1
TK,Nigeria,Italy,0,4,0
4Y,Italy,Germany,0,1,0
LO,Poland,Italy,6,4,6
AZ,Italy,Bulgaria,1,3,1
SK,Norway,Italy,0,10,0
DY,Germany,Norway,0,3,0
AZ,Spain,Italy,6,8,6
VY,Spain,France,5,4,5
LH,Italy,Hungary,3,4,3
AZ,Italy,Australia,1,3,1
TP,Portugal,Switzerland,0,1,0
W6,Italy,Kuwait,1,1,1
PC,Turkey,Cyprus,1,0,1
LH,Netherlands,Romania,1,0,1
NZ,New Zealand,Cook Islands,0,1,0
KL,Italy,Greece,0,1,0
VB,United States,Mexico,0,1,0
IB,Switzerland,Mexico,0,1,0
AA,Spain,Cayman Islands,1,0,1
DE,Germany,Italy,0,1,0
DE,Germany,United States,0,1,0
OS,Italy,Poland,1,4,1
AF,Italy,Barbados,0,2,0
LH,China,Italy,1,8,1
H2,Chile,Chile,0,4,0
6E,Italy,Singapore,1,2,1
BF,France,French Polynesia,2,0,2
CZ,Italy,Dominican Republic,0,1,0
SQ,New Zealand,Italy,1,0,1
TK,Georgia,Turkey,0,3,0
AF,Italy,Australia,0,1,0
AF,Italy,Nigeria,2,2,2
AF,Italy,Colombia,6,19,6
ET,Italy,Kenya,3,10,3
TP,Portugal,Brazil,3,1,3
IB,Italy,Brazil,1,2,1
FR,Italy,Uzbekistan,0,1,0
W9,United Kingdom,France,4,0,4
MU,Italy,South Korea,0,1,0
ZG,Japan,South Korea,1,0,1
AH,France,Algeria,0,2,0
FI,United States,United Kingdom,0,1,0
W6,Romania,Netherlands,2,0,2
BT,Georgia,Italy,1,0,1
LO,Italy,South Korea,0,8,0
V7,Germany,Italy,1,1,1
5W,United Arab Emirates,Maldives,4,3,4
IZ,Israel,France,0,1,0
FZ,Italy,Nepal,1,2,1
ZA,Cambodia,Thailand,0,2,0
OA,Greece,Italy,0,2,0
A3,Greece,Turkey,0,1,0
EK,Italy,New Zealand,3,8,3
TK,Italy,South Korea,3,1,3
VY,France,United Kingdom,2,0,2
ZG,South Korea,Japan,1,2,1
SK,Italy,Estonia,0,7,0
AF,Italy,Ecuador,0,1,0
CM,Ecuador,United States,1,0,1
AF,France,Guadeloupe,0,1,0
Z0,United Kingdom,United States,7,3,7
LX,Italy,Portugal,1,2,1
BA,Switzerland,,0,1,0
DE,Italy,Mauritius,0,1,0
CY,United Arab Emirates,Cyprus,0,2,0
W9,Italy,,0,1,0
V7,Italy,Sweden,0,1,0
LA,Peru,Mexico,1,0,1
IB,Mexico,Italy,2,2,2
AK,Sri Lanka,Indonesia,0,1,0
ET,Italy,Ghana,1,0,1
VA,Australia,Italy,1,0,1
AZ,Italy,Taiwan,0,1,0
ET,Italy,Togo,0,1,0
SN,Belgium,France,1,0,1
U2,Italy,Netherlands,257,68,254
SN,Italy,Belgium,44,64,44
W4,Italy,Cyprus,14,10,14
FR,Austria,Latvia,0,2,0
UX,Italy,Dominican Republic,2,34,2
AP,Italy,Cape Verde,0,3,0
HY,Uzbekistan,Italy,0,5,0
TK,Italy,Democratic Republic of the Congo,0,3,0
MU,New Zealand,Italy,0,2,0
OS,Austria,Italy,5,6,5
BA,France,United States,0,2,0
AY,Finland,Germany,1,0,1
AF,Italy,Vietnam,0,1,0
DT,Namibia,Italy,0,1,0
CI,South Korea,Italy,0,2,0
TR,Australia,Italy,0,1,0
I2,Spain,Italy,5,2,5
W6,Italy,Maldives,0,13,0
"",Italy,Chile,1,0,1
SN,Italy,Germany,0,1,0
FR,Netherlands,,0,1,0
SL,Thailand,Thailand,0,3,0
KL,Italy,Estonia,0,4,0
W4,Italy,Netherlands,0,2,0
EK,Italy,Bangladesh,1,1,1
OW,Kenya,Kenya,1,2,1
DL,Italy,Peru,1,0,1
LO,Italy,Montenegro,0,2,0
AY,Germany,Finland,0,1,0
SN,Belgium,Italy,30,18,30
W6,Italy,Thailand,0,14,0
NO,Mauritius,Italy,1,0,1
LX,United States,Italy,1,0,1
AK,Malaysia,Malaysia,0,6,0
A3,Italy,Armenia,0,1,0
FR,Republic of Ireland,Portugal,1,0,1
BZ,Israel,Italy,1,7,1
LH,Italy,Norway,5,16,5
LO,Italy,Estonia,2,0,2
TK,Iran,Italy,1,4,1
X3,Portugal,Germany,0,3,0
LG,Italy,Cape Verde,0,2,0
KL,Faroe Islands,Italy,0,1,0
XZ,Italy,Spain,0,1,0
U2,Spain,,0,1,0
FB,Bulgaria,Italy,0,3,0
TK,Italy,Egypt,13,16,13
U2,Italy,Australia,0,1,0
LA,Colombia,Chile,1,0,1
SK,United Kingdom,Denmark,0,1,0
LH,Italy,Luxembourg,2,0,2
DT,Angola,Portugal,0,1,0
AM,Colombia,Italy,0,1,0
WS,Canada,,0,1,0
FR,Italy,Colombia,0,5,0
IB,Spain,Portugal,1,0,1
EY,Indonesia,Italy,1,2,1
FR,Finland,Italy,4,5,4
EN,Italy,Argentina,0,1,0
LH,Italy,Lebanon,2,0,2
EY,Qatar,India,1,0,1
SK,Denmark,Switzerland,1,0,1
F8,United States,Canada,0,2,0
LA,Argentina,Bolivia,0,1,0
VY,Czech Republic,France,0,1,0
QF,United Kingdom,Australia,0,2,0
MS,Italy,Madagascar,0,1,0
LA,Spain,Brazil,0,2,0
5J,United Arab Emirates,Japan,2,1,2
OB,Bolivia,Bolivia,0,5,0
AC,France,Canada,4,0,4
LA,Chile,Australia,0,1,0
"",Azerbaijan,Georgia,0,1,0
W6,Italy,Guadeloupe,0,1,0
W4,Italy,Albania,415,310,411
AD,Brazil,Italy,0,16,0
TK,Italy,Mauritius,2,17,2
KQ,Italy,Tanzania,0,2,0
EK,United Kingdom,Mauritius,0,1,0
UX,Spain,Colombia,0,1,0
ET,Italy,Eritrea,3,2,3
SK,Italy,,1,5,1
TG,Australia,Italy,0,2,0
EY,India,United Arab Emirates,0,2,0
LH,Italy,Cape Verde,0,1,0
IB,Spain,Cuba,1,0,1
W6,Greece,Egypt,0,2,0
FR,Italy,Canada,0,2,0
3U,Italy,Vietnam,0,1,0
D7,Indonesia,Italy,0,1,0
UA,Canada,Mexico,8,0,8
KL,United States,United States,0,6,0
TX,France,Guadeloupe,0,1,0
AZ,United States,Albania,0,1,0
CX,Australia,Italy,0,1,0
HV,Spain,Belgium,1,0,1
OS,Italy,Armenia,2,0,2
PC,Greece,Sweden,1,0,1
TK,Italy,Mozambique,0,1,0
FR,Bosnia and Herzegovina,Italy,0,1,0
WY,Italy,Australia,0,8,0
DY,Denmark,Germany,0,1,0
FZ,United Arab Emirates,Pakistan,0,1,0
QR,Italy,New Zealand,0,15,0
QR,Kuwait,Italy,1,0,1
W4,Italy,Poland,0,3,0
7C,Japan,South Korea,3,0,3
W4,Germany,Romania,1,6,1
QR,Italy,Japan,1,1,1
FR,Malta,France,2,1,2
AY,Spain,United States,0,1,0
TK,Colombia,Italy,0,1,0
OS,Austria,Germany,1,0,1
VJ,Vietnam,Vietnam,0,14,0
FD,Singapore,Thailand,0,3,0
W4,Italy,Austria,14,34,14
G9,United Arab Emirates,Nepal,2,0,2
AF,Italy,Peru,7,10,7
VS,France,United States,0,4,0
W6,Denmark,Republic of Macedonia,0,4,0
EK,Italy,Philippines,2,3,2
FJ,United States,New Zealand,0,1,0
LH,Germany,Cyprus,0,2,0
AZ,Italy,Turkey,0,2,0
AM,Dominican Republic,Italy,0,2,0
T6,Philippines,Philippines,0,9,0
KE,Italy,New Zealand,1,1,1
TB,Italy,Morocco,5,12,5
SM,Egypt,Egypt,2,7,2
IB,Senegal,Italy,0,4,0
TK,Italy,Burkina Faso,1,2,1
WY,Italy,Vietnam,0,2,0
AV,Spain,Argentina,5,4,5
TB,Morocco,France,0,4,0
AA,Canada,United States,2,0,2
EW,Greece,Germany,1,0,1
PR,Philippines,Italy,0,2,0
UA,Mexico,Italy,1,1,1
OG,Belgium,Iceland,0,1,0
W4,Belgium,Romania,0,1,0
AF,United Kingdom,France,1,2,1
S4,Italy,Portugal,1,3,1
NT,Cape Verde,,0,2,0
AH,Algeria,Algeria,0,1,0
OS,Italy,Norway,1,0,1
FR,United Kingdom,Malta,2,0,2
LX,Italy,Japan,5,15,5
N0,France,United States,5,0,5
V7,France,Spain,3,0,3
PC,Italy,United Arab Emirates,2,3,2
QR,Indonesia,Italy,2,1,2
BA,Italy,The Bahamas,2,1,2
FR,Netherlands,Morocco,0,4,0
VY,Spain,Argentina,0,1,0
BA,Australia,Italy,0,1,0
VY,Spain,Italy,133,73,132
W4,Romania,Italy,97,57,96
TP,Brazil,Italy,14,32,14
W9,Italy,United Kingdom,1,9,1
G9,Malaysia,Italy,1,0,1
AT,Italy,The Gambia,1,3,1
QR,India,Italy,5,2,5
KL,Croatia,Italy,0,1,0
LH,Italy,Seychelles,2,0,2
TB,Mexico,Italy,0,1,0
KL,France,Netherlands,1,0,1
G9,Sri Lanka,Italy,1,7,1
AY,Latvia,Italy,1,0,1
FR,United Kingdom,Egypt,0,1,0
SQ,Italy,Vietnam,0,1,0
FZ,Pakistan,Azerbaijan,0,1,0
FR,Spain,Netherlands,1,5,1
VY,Argentina,Italy,2,5,2
FR,Romania,Italy,11,19,11
W6,Poland,Italy,29,16,29
B6,United States,Dominican Republic,0,3,0
LH,Thailand,Italy,5,2,5
EW,Italy,Sweden,1,12,1
EK,France,Mauritius,0,1,0
KL,Italy,Italy,0,1,0
KX,Cayman Islands,Italy,0,1,0
W4,Greece,,0,1,0
VY,Portugal,Spain,3,0,3
AF,France,Brazil,0,1,0
VY,Spain,United Arab Emirates,0,1,0
XJ,Thailand,Japan,0,2,0
F2,Kenya,Kenya,1,0,1
LX,Spain,Italy,2,0,2
FR,Austria,Italy,31,36,31
QZ,Indonesia,Malaysia,0,2,0
AM,Italy,Costa Rica,0,6,0
SV,Italy,Thailand,2,26,2
W4,Italy,Finland,5,3,5
KL,Italy,Iceland,0,6,0
TC,Tanzania,Tanzania,0,3,0
F3,United Arab Emirates,Italy,0,3,0
5W,United Arab Emirates,Uzbekistan,5,2,5
OS,Italy,Spain,0,1,0
FR,Portugal,Italy,48,69,48
NO,Italy,Greece,32,44,32
LJ,South Korea,South Korea,0,1,0
AZ,Italy,Malta,2,15,2
U2,Malta,Italy,9,0,9
W4,France,Italy,16,9,16
W6,Italy,Switzerland,0,1,0
PC,Germany,Iran,0,1,0
UA,United Kingdom,United States,0,2,0
W4,Georgia,Italy,1,0,1
FR,Germany,Belgium,0,1,0
W6,Italy,Vietnam,0,1,0
W6,Saudi Arabia,Italy,5,2,5
V7,France,Italy,21,26,21
KL,Switzerland,United States,0,1,0
KL,Italy,Georgia,1,0,1
QR,France,Pakistan,0,1,0
RJ,Jordan,Iraq,0,1,0
OS,Czech Republic,Romania,0,1,0
LH,Netherlands,China,0,1,0
W4,Czech Republic,Italy,6,6,6
IB,Spain,Ecuador,2,4,2
W6,Israel,Italy,8,15,8
SV,Pakistan,Italy,1,1,1
DY,Sweden,Italy,0,4,0
VY,Netherlands,Spain,1,0,1
SN,Belgium,Denmark,1,1,1
BT,Italy,Georgia,0,1,0
FM,China,China,0,2,0
FR,Finland,Austria,0,2,0
KL,Italy,Poland,0,3,0
VN,Italy,Vietnam,0,2,0
J2,Georgia,Azerbaijan,0,1,0
TK,Iraq,Italy,0,1,0
TP,Brazil,,0,1,0
TK,Lithuania,Sri Lanka,0,1,0
V7,Spain,Italy,10,23,10
LH,Italy,Bolivia,0,3,0
SV,Italy,Philippines,2,9,2
VY,Portugal,Netherlands,1,0,1
OZ,Italy,South Korea,0,1,0
BY,United Kingdom,Spain,1,6,1
CX,Italy,Japan,1,1,1
BA,Italy,China,0,1,0
DO,Venezuela,Dominican Republic,0,2,0
BA,Germany,,0,1,0
SA,Namibia,Egypt,0,1,0
U2,Switzerland,Spain,4,0,4
W4,Armenia,Italy,1,1,1
U2,Croatia,Italy,10,0,10
EY,India,Italy,1,11,1
VY,Italy,Portugal,2,5,2
FR,Luxembourg,Italy,4,1,4
FR,Belgium,Sweden,2,2,2
W6,Italy,Sri Lanka,0,12,0
AV,Peru,Spain,3,2,3
NP,Italy,Egypt,0,2,0
FR,Greece,Austria,1,0,1
ME,Italy,Lebanon,4,0,4
5J,United Arab Emirates,Philippines,2,0,2
NT,Spain,Italy,0,1,0
NO,Italy,Iceland,1,1,1
OS,Italy,Seychelles,0,1,0
AR,Argentina,,0,2,0
FR,Austria,France,1,0,1
TB,Belgium,Italy,0,1,0
DM,Dominican Republic,Colombia,1,0,1
NO,Cuba,Italy,4,0,4
Q6,Costa Rica,Mexico,0,2,0
GQ,Italy,Greece,26,113,26
SV,India,Italy,0,3,0
WE,Nepal,Thailand,2,0,2
A3,Romania,Indonesia,0,1,0
LH,Costa Rica,Switzerland,0,1,0
VY,Norway,Spain,0,1,0
W6,Italy,Albania,6,77,6
MK,Italy,Mauritius,0,21,0
I2,Iceland,Spain,1,0,1
TR,Thailand,Indonesia,2,0,2
XQ,Lebanon,,0,1,0
U2,Iceland,Italy,1,0,1
SN,Italy,Denmark,0,2,0
6E,India,India,5,4,5
W6,Netherlands,Italy,8,2,8
W4,France,Romania,2,0,2
U2,France,United Kingdom,4,1,4
LH,Italy,Serbia,2,3,2
NO,Kenya,Italy,1,0,1
W4,Italy,Georgia,1,0,1
W4,Italy,Italy,1233,1386,1221
LA,Argentina,Italy,0,8,0
W6,Italy,Uzbekistan,0,13,0
AF,Italy,Mauritius,0,10,0
KL,Italy,Brazil,5,9,5
EW,Italy,Spain,4,14,4
EK,Thailand,Hong Kong,8,0,8
OG,Iceland,Republic of Ireland,3,4,3
AM,Mexico,United States,0,3,0
W4,Greece,Albania,0,2,0
TP,Angola,Italy,0,1,0
5W,Greece,United Arab Emirates,1,0,1
5J,Philippines,Indonesia,0,1,0
KL,Belize,Italy,0,1,0
QR,Seychelles,Italy,1,0,1
DL,United States,Aruba,1,0,1
SV,Italy,Pakistan,0,5,0
LO,Italy,Azerbaijan,1,9,1
XZ,Greece,Italy,18,0,18
OS,Germany,Italy,3,3,3
LX,Italy,Republic of Ireland,0,1,0
FR,Portugal,Portugal,5,2,5
XQ,Turkey,Italy,1,4,1
CA,Thailand,Italy,0,7,0
KL,Italy,Panama,0,4,0
LH,Italy,Nepal,0,1,0
RQ,Afghanistan,Turkey,0,1,0
Y4,Costa Rica,Italy,0,2,0
WY,Malaysia,Italy,0,1,0
LA,Italy,Ecuador,0,1,0
G9,Italy,Nepal,0,1,0
LO,Italy,United States,0,1,0
EY,Thailand,Italy,2,8,2
LH,Italy,India,13,8,13
LH,Italy,Belgium,4,3,4
AC,Canada,United States,2,4,2
OS,Croatia,Italy,0,4,0
IB,Italy,Uruguay,1,2,1
AP,Italy,Italy,0,4,0
VZ,Thailand,Vietnam,0,1,0
HV,Greece,Netherlands,1,0,1
U2,United Kingdom,United Kingdom,8,0,8
AZ,Italy,Vietnam,0,6,0
NO,Italy,Cape Verde,4,0,4
5J,Indonesia,Philippines,1,3,1
AF,Italy,Portugal,0,4,0
LH,Czech Republic,Switzerland,1,0,1
FR,Latvia,Italy,0,1,0
TK,Jordan,Italy,1,0,1
H4,Italy,Moldova,0,29,0
AZ,Italy,Netherlands,19,73,19
TK,Italy,Sri Lanka,0,1,0
T7,Italy,France,0,1,0
EY,Italy,Japan,7,1,7
EW,France,Switzerland,2,0,2
ET,Argentina,Italy,1,1,1
EE,Italy,Germany,0,2,0
EW,Italy,Bosnia and Herzegovina,0,1,0
W6,Spain,Hungary,1,0,1
AZ,Italy,Singapore,0,1,0
EW,Austria,Italy,1,0,1
IB,Peru,Spain,0,1,0
AA,United States,United States,49,0,49
W4,Italy,Iceland,31,87,31
LH,Italy,Japan,29,67,29
W4,Italy,United States,0,6,0
W6,Bulgaria,Italy,11,5,11
KL,Italy,United Kingdom,5,2,5
VY,Italy,Iceland,0,4,0
W6,Germany,Poland,1,0,1
LO,Austria,Japan,0,4,0
TB,Albania,Belgium,1,0,1
WJ,Argentina,Argentina,0,4,0
DL,France,,1,0,1
MU,Italy,Indonesia,0,3,0
AY,Finland,Finland,3,0,3
IB,Morocco,Chile,1,0,1
VY,Italy,Italy,43,27,43
BT,Italy,Finland,2,2,2
"",Colombia,Colombia,5,0,5
FI,Norway,Iceland,0,1,0
3L,India,Italy,0,2,0
AZ,Italy,Montenegro,0,1,0
AF,Luxembourg,United States,1,0,1
OS,Albania,Italy,0,1,0
UA,United States,United Kingdom,1,0,1
FR,Portugal,Germany,0,2,0
SV,Italy,Saudi Arabia,0,1,0
BR,Italy,Vietnam,0,1,0
FR,Italy,Thailand,0,1,0
AY,Denmark,Japan,1,0,1
BA,United Kingdom,United States,0,1,0
SV,Italy,Tanzania,2,0,2
FR,Netherlands,United Kingdom,1,0,1
QR,Malaysia,Qatar,1,0,1
FR,United Kingdom,Montenegro,0,1,0
FR,Italy,Cyprus,21,35,21
TK,Senegal,Egypt,0,1,0
EN,Italy,Brazil,0,3,0
I5,India,India,8,1,8
EY,Malaysia,Italy,0,1,0
LO,Poland,Romania,0,1,0
PC,Italy,Qatar,2,0,2
A3,Greece,Lebanon,1,0,1
G8,Thailand,Italy,0,2,0
WK,Switzerland,Italy,0,2,0
EK,Vietnam,Italy,1,0,1
KE,Philippines,Canada,0,1,0
TK,Republic of Macedonia,Turkey,0,1,0
FR,Portugal,Belgium,1,0,1
OG,Iceland,Italy,0,1,0
U2,Germany,Italy,29,0,29
U2,France,Portugal,16,3,16
GA,Indonesia,Italy,0,10,0
AV,Colombia,Colombia,11,11,11
YP,Germany,South Korea,1,0,1
TK,Peru,Italy,0,1,0
AF,Israel,France,0,1,0
PC,Georgia,Italy,2,0,2
OS,Greece,Italy,1,0,1
OS,Italy,Hungary,1,1,1
AV,Colombia,Spain,4,0,4
DY,Italy,Norway,0,54,0
TK,Italy,Georgia,5,9,5
W4,Germany,Italy,6,2,6
"",Italy,Italy,0,4,0
8M,Thailand,Myanmar,0,1,0
EK,Italy,Vietnam,3,3,3
LH,Germany,Germany,2,1,2
NO,Italy,Italy,3,0,3
AF,Italy,Uruguay,0,2,0
LX,Serbia,Switzerland,1,0,1
IZ,Spain,Israel,9,0,9
AM,Mexico,Mexico,0,6,0
LH,Italy,Oman,2,3,2
SN,France,Turks and Caicos Islands,0,1,0
W6,Morocco,Italy,0,7,0
W6,Italy,Georgia,2,4,2
HX,Hong Kong,Indonesia,4,0,4
W4,Italy,Republic of Kosovo,5,3,5
W4,Italy,Luxembourg,1,1,1
UX,Spain,Portugal,0,1,0
ET,Italy,South Africa,1,1,1
T7,France,Italy,0,1,0
FR,Sweden,United Kingdom,0,2,0
PC,Spain,Lebanon,0,1,0
QS,Czech Republic,Italy,0,1,0
FO,Argentina,Argentina,3,3,3
G9,Italy,Kenya,1,0,1
TK,Turkey,Algeria,0,2,0
LA,Peru,Chile,1,0,1
OG,Italy,Canada,2,1,2
KM,Italy,Portugal,0,1,0
D7,Malaysia,Italy,0,1,0
A3,Italy,Georgia,0,2,0
LX,Switzerland,Spain,0,3,0
5F,Moldova,Italy,0,4,0
DY,Italy,United States,0,1,0
MH,Thailand,Malaysia,1,0,1
U2,Spain,Italy,148,16,147
WY,Saudi Arabia,Indonesia,0,1,0
ET,Italy,Seychelles,10,14,10
LX,Albania,United States,0,2,0
DE,Italy,Cuba,10,12,10
KM,Italy,Germany,0,1,0
"",Spain,Argentina,1,0,1
5J,Australia,Philippines,0,4,0
VY,Malta,Spain,1,0,1
"",Colombia,Italy,0,1,0
MK,Mauritius,Malaysia,0,2,0
FR,Germany,Poland,1,0,1
EK,India,Portugal,0,1,0
FR,Italy,Netherlands,21,63,21
CX,Australia,Hong Kong,0,1,0
W6,Italy,Colombia,0,1,0
RJ,Italy,Thailand,1,2,1
EK,China,Italy,1,4,1
AT,Italy,Cape Verde,0,1,0
DL,Italy,Chile,1,0,1
TS,Canada,Italy,0,1,0
CI,Italy,Australia,2,0,2
VY,Italy,Denmark,3,0,3
AZ,Italy,United Kingdom,10,13,10
EN,Italy,Latvia,0,2,0
OS,Egypt,Austria,3,1,3
TK,Slovenia,Japan,0,4,0
SQ,Italy,New Zealand,1,0,1
AI,Italy,South Korea,0,1,0
W4,Montenegro,Italy,1,2,1
6E,Italy,Nepal,0,3,0
BA,Italy,Canada,1,0,1
PK,Pakistan,Pakistan,0,1,0
EK,Hong Kong,Germany,1,0,1
V7,France,Belgium,2,0,2
W6,Jordan,Hungary,1,1,1
AM,Italy,Jamaica,0,1,0
CI,South Korea,Taiwan,0,2,0
"",The Bahamas,The Bahamas,0,1,0
FZ,Italy,Sri Lanka,0,7,0
LH,France,Japan,0,1,0
VY,Croatia,Italy,3,3,3
FI,Sweden,Iceland,1,0,1
AA,Italy,United States,47,0,47
FR,Italy,United Arab Emirates,0,6,0
PG,Cambodia,Italy,0,1,0
LH,Italy,Czech Republic,0,10,0
NZ,New Zealand,New Zealand,1,3,1
LA,Spain,Chile,0,5,0
UA,Costa Rica,Belgium,0,1,0
XY,Kuwait,Italy,0,3,0
SN,Italy,Togo,3,0,3
XQ,Italy,Turkey,1,4,1
AC,Italy,The Bahamas,1,0,1
FR,Italy,Turkey,0,20,0
KL,Italy,Colombia,0,12,0
TK,Switzerland,Turkey,1,3,1
SN,Italy,Canada,0,3,0
KE,Italy,Cambodia,0,1,0
AZ,Italy,South Korea,0,5,0
W4,Romania,United Kingdom,4,0,4
AZ,Italy,Bosnia and Herzegovina,0,4,0
FR,Spain,Portugal,5,1,5
A3,Cyprus,,0,1,0
AA,Canada,Mexico,2,0,2
VY,Spain,Greece,1,0,1
AZ,Italy,Cyprus,0,1,0
LG,Luxembourg,Norway,0,1,0
LH,Italy,Poland,4,6,4
ET,Italy,Benin,0,1,0
TR,Malaysia,Singapore,0,4,0
EY,United Arab Emirates,Sri Lanka,1,1,1
EW,Italy,,0,2,0
TK,Venezuela,,0,1,0
W6,Italy,,0,25,0
AF,Italy,Martinique,2,0,2
SJ,Indonesia,Indonesia,0,4,0
E9,Dominican Republic,Spain,0,2,0
KL,Peru,United Kingdom,0,1,0
VY,Chile,Italy,0,2,0
TK,Benin,Italy,0,3,0
SN,Italy,United Kingdom,0,1,0
KL,Netherlands,Spain,1,0,1
UX,Spain,Paraguay,0,1,0
PC,Italy,Oman,1,3,1
DL,Italy,Colombia,1,0,1
XY,Saudi Arabia,Egypt,0,3,0
Y4,Mexico,El Salvador,0,1,0
W4,Italy,Portugal,1,10,1
KL,United States,Cuba,0,1,0
HA,United States,United States,0,10,0
NO,Greece,Italy,3,1,3
LX,Italy,Colombia,0,2,0
NK,Dominican Republic,United States,0,1,0
IB,United Kingdom,Mexico,0,1,0
AF,Italy,Singapore,0,2,0
XZ,Italy,Vietnam,0,2,0
LH,Italy,Malta,4,1,4
LX,Slovenia,Portugal,0,2,0
PC,Iran,France,1,0,1
FR,Lithuania,Italy,0,4,0
FR,Spain,Greece,0,2,0
BA,Poland,United States,1,0,1
MS,United Arab Emirates,Italy,0,1,0
VN,Thailand,Vietnam,0,1,0
W6,Italy,Hungary,56,62,55
U2,Italy,,0,27,0
FZ,Italy,Maldives,5,5,5
KL,Germany,Dominican Republic,1,0,1
EW,Spain,Italy,1,2,1
AD,Brazil,Brazil,0,13,0
TP,Germany,Portugal,1,1,1
LX,United Kingdom,United States,0,1,0
WE,Thailand,Myanmar,0,1,0
U2,United Kingdom,Morocco,1,0,1
6E,United Arab Emirates,Singapore,0,1,0
3O,Italy,Morocco,176,52,174
KM,Italy,Malta,0,357,0
CZ,Italy,,0,2,0
OS,Italy,Bosnia and Herzegovina,2,2,2
HV,Netherlands,Italy,13,7,13
W6,Italy,Saudi Arabia,22,20,22
KL,Italy,Nigeria,2,3,2
AZ,Italy,Maldives,1,7,1
BR,Taiwan,Germany,0,2,0
TK,Belgium,Turkey,6,4,6
FR,Italy,Brazil,0,1,0
E5,Italy,,0,2,0
TU,France,Ivory Coast,0,1,0
AT,Morocco,Morocco,2,0,2
OS,Italy,France,1,0,1
QR,Thailand,Denmark,0,1,0
PC,Netherlands,Turkey,1,0,1
EW,Germany,Tunisia,1,1,1
AV,Bolivia,Colombia,6,0,6
VY,Italy,United States,3,21,3
VY,Italy,,0,5,0
CM,Mexico,Cuba,0,1,0
PD,United States,Italy,0,1,0
EN,Germany,Italy,1,0,1
EI,United States,United Kingdom,3,1,3
W6,Italy,Norway,0,2,0
PK,Pakistan,Italy,0,2,0
AT,Ivory Coast,Italy,0,1,0
OB,Argentina,Spain,0,1,0
TP,Brazil,Portugal,1,0,1
W6,Hungary,Italy,25,18,25
XZ,Italy,Greece,63,7,62
TK,Italy,United Arab Emirates,16,19,16
KC,Uzbekistan,Italy,0,3,0
FD,Thailand,Thailand,0,37,0
SK,Sweden,United States,0,4,0
AC,United States,United States,0,1,0
AK,Indonesia,Italy,0,3,0
GA,Indonesia,Indonesia,0,2,0
3Z,Italy,Poland,0,1,0
JQ,Australia,Indonesia,3,2,3
W6,United Kingdom,Italy,12,10,12
UX,Belgium,Cuba,0,1,0
LH,Switzerland,,0,3,0
LX,Italy,Austria,0,1,0
KS,Romania,Romania,1,0,1
TP,France,Brazil,0,1,0
"",Spain,United States,1,0,1
FR,Poland,Italy,25,28,25
W6,Italy,France,64,111,63
CI,Italy,South Korea,1,4,1
GF,Italy,United Arab Emirates,0,5,0
HV,France,,0,1,0
AF,Italy,Japan,11,3,11
J2,Azerbaijan,Italy,0,1,0
EY,Italy,,6,2,6
LH,United Kingdom,Italy,4,1,4
EW,Sweden,Italy,1,1,1
PC,Italy,Iran,3,2,3
SV,Italy,Malaysia,1,6,1
AV,Canada,Costa Rica,1,0,1
TP,Portugal,Portugal,0,4,0
QR,Singapore,Italy,0,1,0
UA,Italy,Panama,0,1,0
FR,Italy,Moldova,0,4,0
MU,Italy,Australia,0,3,0
AV,Ecuador,Italy,0,2,0
J2,Italy,Azerbaijan,0,1,0
U2,Czech Republic,Italy,9,1,9
TP,Switzerland,Portugal,1,0,1
LA,Colombia,Italy,0,1,0
AA,United States,Antigua and Barbuda,1,0,1
CA,Italy,Mongolia,0,3,0
XK,France,Portugal,0,1,0
IB,Italy,Greece,0,1,0
3U,Thailand,Italy,0,4,0
U2,Luxembourg,Italy,8,12,8
TB,Belgium,Spain,1,0,1
TP,Italy,Venezuela,3,11,3
U2,United Kingdom,Switzerland,2,0,2
TK,Italy,Mexico,2,0,2
LH,Israel,Italy,0,1,0
W6,Germany,Italy,0,2,0
OZ,South Korea,South Korea,1,0,1
TG,Thailand,Italy,0,2,0
DY,Denmark,Sweden,0,1,0
LA,Germany,Brazil,0,1,0
NO,Italy,Jordan,0,1,0
RW,Philippines,Philippines,0,1,0
EK,Japan,United Arab Emirates,1,0,1
JU,China,Serbia,0,2,0
FR,Italy,Germany,190,234,188
AV,Ecuador,United States,8,17,8
U2,France,Germany,3,0,3
SS,France,Guadeloupe,0,1,0
FR,Poland,Spain,1,0,1
LX,Belgium,Italy,3,0,3
KL,Sweden,United Kingdom,2,0,2
TK,Hungary,Turkey,0,1,0
BT,Croatia,Italy,0,1,0
FR,Denmark,United Kingdom,1,0,1
BR,Japan,Italy,0,1,0
CI,Italy,Japan,8,20,8
FR,Czech Republic,Italy,17,13,17
V7,Italy,Turkey,0,6,0
AZ,Brazil,Italy,6,5,6
PC,Italy,,0,1,0
KL,Italy,Cuba,1,5,1
BA,Colombia,Italy,0,2,0
ET,Ghana,Italy,0,1,0
AR,Spain,Argentina,0,1,0
LH,Italy,Estonia,4,0,4
MS,Kuwait,Iraq,0,5,0
SK,Spain,Poland,0,2,0
KL,Italy,Germany,4,0,4
BA,Germany,Brazil,0,1,0
LA,Colombia,,0,1,0
TP,Cape Verde,Italy,0,1,0
LO,Italy,Latvia,0,1,0
CY,Switzerland,Lebanon,0,1,0
U2,Italy,Rwanda,0,1,0
SK,France,Sweden,1,0,1
AZ,Italy,India,4,17,4
BA,Italy,Mexico,8,17,8
MS,Italy,,0,6,0
NT,Italy,Spain,0,3,0
IB,Italy,Mexico,10,11,10
U2,Netherlands,United Kingdom,4,1,4
AK,Singapore,Malaysia,0,3,0
W4,Italy,Australia,0,1,0
4Y,Germany,Morocco,0,1,0
ET,South Africa,Italy,1,1,1
PC,Spain,India,0,1,0
TP,Italy,Chile,0,1,0
ZB,Italy,Albania,0,29,0
JQ,Australia,Australia,22,7,22
LH,Italy,United Arab Emirates,7,8,7
A3,Egypt,Italy,3,18,3
5W,United Arab Emirates,Italy,0,1,0
EW,Germany,Iceland,1,0,1
9U,Georgia,Italy,0,1,0
OS,Poland,Italy,1,0,1
SQ,Italy,Thailand,15,7,15
SV,Italy,Indonesia,1,2,1
NO,Italy,Indonesia,0,1,0
FR,Italy,Pakistan,0,8,0
AI,Italy,Singapore,0,8,0
KL,Italy,Czech Republic,1,0,1
TK,Italy,Iran,5,6,5
TP,Italy,Morocco,2,9,2
ID,Indonesia,Singapore,0,3,0
RO,Egypt,Italy,0,1,0
IB,Italy,Costa Rica,3,18,3
AF,France,Spain,1,2,1
W4,Italy,Israel,22,25,22
AZ,Italy,Seychelles,0,2,0
OG,United States,Italy,0,2,0
FD,India,Thailand,0,3,0
W6,United Kingdom,Romania,0,1,0
JM,Kenya,Kenya,0,5,0
IB,Spain,France,5,0,5
AF,Austria,Brazil,3,0,3
MS,Italy,Burundi,0,1,0
BA,Italy,Turks and Caicos Islands,1,1,1
EK,Maldives,,0,1,0
KL,Norway,Romania,0,2,0
FR,Italy,Vietnam,0,2,0
BN,Italy,Italy,0,3,0
CY,Cyprus,Lebanon,1,0,1
KL,Austria,Netherlands,1,0,1
G3,Uruguay,Italy,0,1,0
F9,United States,United States,8,16,8
TK,Italy,Japan,6,2,6
AC,United States,Canada,0,3,0
OS,United States,United States,0,1,0
OS,Hungary,Italy,0,1,0
IB,Cuba,Italy,2,2,2
SK,Iceland,Norway,0,1,0
FR,France,Bulgaria,0,1,0
LH,Germany,Albania,0,1,0
A3,Greece,Hungary,1,0,1
W6,Serbia,Italy,1,5,1
JQ,Japan,Japan,6,1,6
W6,Italy,India,0,51,0
KM,Italy,Greece,0,5,0
GF,India,Italy,0,2,0
KL,Netherlands,,1,0,1
CA,China,China,0,2,0
WO,Canada,United States,1,2,1
3O,Morocco,Spain,1,0,1
KE,Italy,Australia,2,3,2
AD,Brazil,,0,2,0
UA,Italy,Guatemala,0,1,0
BY,Spain,United Kingdom,1,0,1
U2,United Kingdom,Netherlands,1,0,1
U2,Italy,Romania,0,1,0
AZ,Italy,Denmark,0,1,0
KL,Czech Republic,Italy,0,1,0
W6,Italy,Turkey,0,6,0
KL,Italy,Finland,7,1,7
AF,Romania,France,4,0,4
EN,Italy,Indonesia,0,1,0
AF,Italy,Benin,0,2,0
U2,United Kingdom,Greece,2,0,2
AM,Spain,Mexico,0,4,0
BA,Italy,Republic of Ireland,0,2,0
U2,United Kingdom,Spain,2,0,2
J9,Kuwait,Italy,0,1,0
AT,Italy,Guinea-Bissau,0,1,0
LH,Georgia,Italy,1,0,1
OZ,South Korea,Italy,0,1,0
W6,Italy,United Kingdom,8,33,8
CA,Italy,Japan,0,118,0
AZ,Italy,Tanzania,0,5,0
U2,Italy,Bulgaria,0,2,0
FR,United Kingdom,Poland,0,1,0
W4,Cyprus,Italy,3,1,3
AZ,Italy,Israel,0,2,0
NT,Spain,United States,0,1,0
LH,Lithuania,Italy,2,0,2
LH,Germany,Norway,2,0,2
BA,Cuba,United States,0,1,0
B6,United States,Mexico,0,1,0
AC,Canada,Morocco,0,2,0
CA,Italy,Taiwan,0,2,0
TP,France,Portugal,0,5,0
AV,Brazil,Spain,3,2,3
TK,Italy,Venezuela,2,3,2
TP,Portugal,Spain,0,1,0
LH,Luxembourg,United Kingdom,0,1,0
NO,Israel,Italy,1,0,1
OZ,United Kingdom,Japan,1,0,1
TG,Thailand,Australia,0,1,0
UA,Italy,United States,33,26,33
LH,Italy,Romania,3,3,3
MS,Italy,Tanzania,0,11,0
AZ,Italy,Azerbaijan,0,1,0
U2,Spain,Portugal,1,0,1
PC,Egypt,Italy,0,1,0
AY,Finland,Sweden,1,0,1
SK,Italy,Sweden,13,14,13
Z2,Philippines,Philippines,0,10,0
OD,Malaysia,Indonesia,0,2,0
TK,Italy,Cameroon,3,4,3
TK,Hungary,Tanzania,0,1,0
6E,Nepal,India,0,2,0
KM,Italy,Australia,0,2,0
QR,Qatar,Philippines,3,1,3
AC,Italy,Mexico,1,3,1
LH,Italy,Singapore,1,3,1
EK,Italy,South Korea,1,0,1
HV,Italy,Tunisia,0,1,0
EW,Germany,Denmark,2,0,2
FR,Austria,Israel,0,1,0
B6,The Bahamas,Peru,0,1,0
LY,Georgia,Italy,0,1,0
HB,Japan,Hong Kong,0,1,0
6E,India,Thailand,0,1,0
JU,Italy,Croatia,0,2,0
AF,Peru,Italy,2,2,2
SK,Italy,Denmark,7,12,7
W6,Bulgaria,Spain,3,0,3
OG,United Kingdom,Iceland,0,1,0
TK,Guatemala,Italy,0,1,0
AV,El Salvador,Italy,0,2,0
OS,Italy,Belgium,0,1,0
FR,Germany,Hungary,1,0,1
FR,Sweden,Belgium,0,1,0
UA,Netherlands,United States,1,0,1
AF,Italy,Norway,5,2,5
TK,Italy,South Africa,2,2,2
OS,Romania,Italy,0,2,0
G8,India,Italy,0,1,0
LA,Italy,Paraguay,0,1,0
OG,Portugal,Iceland,0,1,0
FR,Sweden,Italy,10,18,10
FR,Italy,Estonia,3,9,3
W6,Italy,Serbia,4,4,4
VY,Italy,Netherlands,11,1,11
QR,Maldives,Italy,1,0,1
BA,France,United Kingdom,2,0,2
LH,Estonia,Italy,1,0,1
FZ,United Arab Emirates,Maldives,0,1,0
U2,Greece,Netherlands,1,0,1
TP,United States,Switzerland,0,1,0
CA,Italy,Hong Kong,0,7,0
HY,Italy,,0,17,0
KS,Italy,Italy,8,2,8
VY,Spain,Czech Republic,0,1,0
HC,Senegal,Italy,0,2,0
SK,France,Iceland,0,1,0
UJ,Egypt,Egypt,0,1,0
AK,Maldives,Malaysia,0,1,0
G9,Italy,India,14,18,14
6E,Malaysia,United Arab Emirates,0,2,0
KL,Italy,Mexico,4,9,4
W6,Italy,Cyprus,1,4,1
TK,Spain,Ecuador,0,8,0
AZ,Italy,Indonesia,0,5,0
FR,Netherlands,Republic of Ireland,1,0,1
AY,Thailand,Italy,2,1,2
F8,Canada,Canada,0,10,0
CM,Peru,Italy,0,1,0
AY,Italy,Norway,8,1,8
BA,United States,Cuba,0,1,0
WS,Canada,United States,2,0,2
IB,France,Spain,4,1,4
WY,Oman,Thailand,0,1,0
EI,France,Republic of Ireland,0,1,0
WS,Italy,United States,1,4,1
IB,United States,Italy,3,0,3
KQ,Italy,,0,7,0
3F,Italy,Armenia,0,1,0
IB,Spain,Vietnam,0,1,0
T3,France,United Kingdom,1,0,1
IB,Spain,El Salvador,2,0,2
LA,Peru,United States,0,1,0
W4,Azerbaijan,Italy,1,0,1
KL,Italy,Norway,2,2,2
CM,Peru,United States,0,2,0
CY,Lebanon,Italy,0,1,0
VY,United Kingdom,Spain,1,0,1
OS,Italy,Slovakia,1,0,1
W6,Israel,,0,1,0
OS,Germany,Montenegro,1,0,1
W6,Italy,Bulgaria,15,24,15
EE,Germany,Italy,0,2,0
TP,Denmark,Portugal,1,1,1
D7,Malaysia,Indonesia,0,4,0
DY,Italy,,0,11,0
UX,Italy,Cuba,13,65,13
GA,United Arab Emirates,Indonesia,0,3,0
BR,Italy,Taiwan,0,2,0
CY,Cyprus,Italy,1,2,1
BT,Finland,Latvia,2,0,2
EN,Italy,Taiwan,0,1,0
TP,United States,Spain,1,0,1
BT,Italy,United Arab Emirates,1,1,1
HT,Italy,Greece,0,2,0
AY,Italy,Finland,41,6,41
W6,Italy,Philippines,0,10,0
V7,Italy,Portugal,0,10,0
EK,Kenya,Italy,1,3,1
EW,Italy,Norway,0,5,0
LH,Italy,Greece,9,10,9
LH,Portugal,Italy,3,0,3
AC,Canada,Bermuda,0,2,0
QR,Italy,Bangladesh,0,4,0
FR,Latvia,Germany,2,0,2
EY,United Arab Emirates,Italy,1,0,1
B6,The Bahamas,United States,0,1,0
CA,Japan,Spain,0,2,0
TK,Italy,Ghana,0,1,0
FR,Greece,Bulgaria,1,0,1
W4,Italy,Czech Republic,23,40,23
3U,Italy,China,0,13,0
FO,Argentina,Italy,0,3,0
LX,Italy,Canada,0,10,0
VJ,Vietnam,,0,12,0
UX,Italy,,0,4,0
LH,Italy,Chile,0,1,0
LO,France,India,0,1,0
DL,United States,Cuba,1,0,1
KU,France,Kuwait,1,0,1
5U,Guatemala,Guatemala,0,2,0
FJ,Fiji,Tonga,0,2,0
V7,Italy,Indonesia,0,2,0
FR,Sweden,Estonia,1,0,1
QG,Indonesia,Indonesia,0,2,0
EW,Germany,Czech Republic,0,1,0
AV,Colombia,Aruba,1,0,1
WE,Thailand,Thailand,0,1,0
U2,Portugal,Spain,6,1,6
SQ,Italy,Australia,61,2,60
CM,United States,Aruba,2,0,2
AV,Ecuador,,0,2,0
FR,France,Cyprus,1,1,1
EW,Germany,Switzerland,0,1,0
3F,Turkey,Armenia,0,1,0
QZ,Indonesia,India,0,1,0
WG,Canada,Aruba,0,1,0
EW,Czech Republic,Italy,1,1,1
FD,Indonesia,Thailand,0,1,0
JU,Serbia,Malta,0,1,0
BA,United Kingdom,India,1,2,1
OD,Vietnam,Malaysia,0,1,0
AF,France,Libya,0,2,0
LA,Portugal,Brazil,0,2,0
AZ,Italy,Togo,0,1,0
LX,Italy,Thailand,15,27,15
EY,United Arab Emirates,Malaysia,0,1,0
LA,Italy,Peru,0,8,0
W6,Slovakia,Italy,0,1,0
W6,Greece,Italy,16,13,16
UA,United States,United States,6,5,6
FR,Malta,Romania,0,2,0
AZ,Italy,Dominican Republic,0,1,0
VY,Netherlands,Italy,3,0,3
OG,Iceland,Canada,1,0,1
QF,Italy,United States,0,2,0
FZ,Bosnia and Herzegovina,Maldives,1,0,1
SQ,France,Australia,2,0,2
NP,Egypt,Sweden,0,2,0
U2,United Kingdom,Italy,58,9,57
DY,Italy,Sweden,0,23,0
IB,Italy,Senegal,0,2,0
DE,Germany,Maldives,0,1,0
FR,Italy,United States,0,4,0
LH,United States,Dominican Republic,0,2,0
AT,Italy,Senegal,0,5,0
UX,Cuba,Italy,1,4,1
MS,Egypt,Greece,0,1,0
KC,India,Kazakhstan,0,3,0
AY,Norway,Finland,2,0,2
TK,Israel,China,0,1,0
LH,Germany,Costa Rica,2,0,2
KU,Morocco,Kuwait,1,0,1
KL,Italy,Aruba,2,3,2
UA,United States,Italy,0,4,0
AF,Spain,France,1,0,1
PU,Spain,Peru,0,1,0
U2,Denmark,Germany,2,0,2
LH,United States,United Kingdom,1,0,1
W6,Portugal,Greece,0,1,0
AV,United States,Colombia,1,1,1
OS,Italy,Serbia,1,0,1
EN,Italy,Thailand,0,3,0
3O,Spain,Morocco,1,0,1
TK,Greece,Iraq,0,1,0
W4,Spain,Albania,0,1,0
B6,United States,Italy,0,1,0
KL,Italy,Belgium,2,0,2
PC,Italy,Kazakhstan,3,2,3
TB,Italy,,0,9,0
FR,United Kingdom,Denmark,0,2,0
AV,Aruba,Italy,5,0,5
FR,France,Republic of Ireland,0,2,0
AZ,Italy,Chile,0,1,0
8D,Maldives,Sri Lanka,0,1,0
EN,Italy,United States,0,11,0
KL,Luxembourg,Germany,0,1,0
"",Italy,United States,10,0,10
S4,Portugal,Italy,0,3,0
GF,Sri Lanka,Maldives,0,1,0
L9,Italy,France,0,1,0
QR,Germany,Cambodia,0,1,0
W6,Montenegro,Italy,0,1,0
TK,Hungary,,0,1,0
U2,Netherlands,Croatia,1,0,1
VY,Italy,United Kingdom,57,21,56
SN,Belgium,Germany,0,1,0
AA,United States,The Bahamas,11,0,11
KQ,United Arab Emirates,Kenya,0,1,0
BF,France,United States,2,1,2
LH,Italy,Guatemala,0,4,0
H2,Peru,Spain,0,1,0
U2,Belgium,France,1,0,1
BA,Brazil,United States,0,1,0
TK,Italy,Oman,2,0,2
FR,Italy,Argentina,0,1,0
KL,Colombia,Italy,0,2,0
DE,Italy,Maldives,1,0,1
FR,Malta,Bulgaria,0,1,0
U2,Germany,France,2,0,2
LA,Uruguay,Spain,0,3,0
EW,Austria,Germany,0,1,0
AZ,Italy,Romania,0,1,0
F9,Mexico,United States,0,3,0
AF,Italy,Cameroon,1,0,1
GQ,Greece,Greece,23,21,23
EK,Italy,Maldives,12,18,12
IB,Italy,Venezuela,5,0,5
OS,Italy,Greece,4,24,4
VB,Mexico,Mexico,12,2,12
TR,Madagascar,Madagascar,0,3,0
AA,Cuba,United States,6,0,6
VY,Spain,India,0,1,0
EK,Turkey,Vietnam,0,1,0
AZ,Italy,The Bahamas,0,3,0
EK,Germany,,0,2,0
VY,Spain,Spain,63,37,62
FD,Thailand,,0,10,0
LH,Italy,Georgia,1,0,1
U2,Switzerland,Italy,14,1,14
TK,Greece,Turkey,2,0,2
EK,United Arab Emirates,India,3,1,3
OR,Aruba,Netherlands,3,0,3
LA,Spain,Argentina,1,0,1
RS,South Korea,South Korea,0,1,0
QR,Italy,Maldives,8,31,8
TK,Rwanda,Italy,0,1,0
WY,Italy,Maldives,0,2,0
UA,Italy,,11,3,11
BA,United States,Italy,16,1,16
W4,Iceland,Italy,16,5,16
XQ,Italy,United Arab Emirates,0,3,0
VY,Spain,,0,1,0
LX,Italy,Greece,3,5,3
ET,Italy,,0,1,0
FR,Spain,Belgium,0,8,0
FZ,Greece,United Arab Emirates,0,1,0
LY,Italy,,0,2,0
DL,Spain,United States,1,0,1
FR,Morocco,Spain,5,1,5
XR,Greece,Austria,1,0,1
EN,Italy,Greece,0,1,0
OG,United Kingdom,Canada,0,1,0
U2,Italy,France,622,147,616
AV,Colombia,Chile,0,1,0
OS,Italy,Germany,2,7,2
AH,Italy,Senegal,0,2,0
UA,United States,,3,2,3
AF,France,Portugal,0,4,0
TR,Singapore,Australia,1,0,1
KM,Italy,Cyprus,0,4,0
VY,Germany,Spain,3,9,3
FR,Cyprus,Italy,3,2,3
LX,Spain,Brazil,1,1,1
LH,Italy,Tanzania,0,1,0
AT,United Kingdom,Morocco,0,1,0
TK,Ghana,Italy,2,1,2
VY,Spain,Switzerland,2,2,2
G9,Saudi Arabia,Malaysia,1,0,1
DE,Italy,Jamaica,1,2,1
EY,Italy,Indonesia,18,49,18
QR,Kenya,Italy,0,2,0
IB,Dominican Republic,Italy,0,3,0
CZ,Italy,Japan,0,2,0
VY,Italy,Ecuador,2,0,2
AF,France,Denmark,1,0,1
F9,United States,Puerto Rico,0,6,0
KL,Italy,El Salvador,0,2,0
V7,Italy,Bulgaria,0,1,0
AV,Colombia,Dominican Republic,1,0,1
KL,Italy,Japan,4,1,4
MU,Italy,New Zealand,0,1,0
TK,Thailand,Turkey,1,0,1
JU,Italy,Republic of Macedonia,0,1,0
FR,Germany,Cyprus,1,0,1
AY,Italy,Thailand,4,0,4
CM,Venezuela,Dominican Republic,0,1,0
DY,Italy,Finland,0,4,0
G9,Italy,Bangladesh,1,1,1
PM,Spain,Spain,1,0,1
KL,Italy,Kenya,0,3,0
AV,Spain,Peru,0,1,0
A3,Turkey,Greece,1,0,1
KL,Netherlands,Italy,10,6,10
AZ,Italy,China,0,35,0
WY,Italy,Philippines,0,17,0
6E,India,Indonesia,0,2,0
SK,Italy,Thailand,0,2,0
QZ,Thailand,Indonesia,0,3,0
EN,Italy,Canada,1,0,1
AC,Canada,Germany,0,1,0
UK,United Arab Emirates,Thailand,0,1,0
AS,United States,,0,1,0
CI,Italy,China,0,1,0
LH,Netherlands,Mexico,0,1,0
PC,Lebanon,Switzerland,0,1,0
AF,Italy,French Guiana,0,1,0
E9,Spain,Mexico,0,1,0
NO,Italy,Cuba,35,10,35
IW,Indonesia,Indonesia,0,12,0
JU,Switzerland,Serbia,1,2,1
JU,Croatia,Albania,0,1,0
RC,Denmark,Faroe Islands,0,1,0
OV,Thailand,United Arab Emirates,0,1,0
N3,Mexico,El Salvador,0,1,0
U2,Italy,Germany,99,12,98
VY,Italy,Greece,29,40,29
NO,Tanzania,Italy,3,0,3
E5,Italy,Egypt,20,50,20
W6,Italy,Republic of Kosovo,0,2,0
5J,Philippines,Philippines,8,1,8
U2,Italy,Luxembourg,18,1,18
LH,Italy,Argentina,5,7,5
N0,Italy,,0,1,0
VU,Vietnam,Vietnam,0,2,0
QR,France,Sri Lanka,1,0,1
JQ,Indonesia,Australia,1,0,1
4Y,Germany,Mauritius,0,1,0
KE,South Korea,Italy,1,0,1
LG,Luxembourg,Italy,4,4,4
MU,Italy,China,0,28,0
AF,Italy,Germany,4,2,4
LO,Turkey,Luxembourg,0,2,0
AZ,Italy,Cuba,0,5,0
WS,United States,United States,0,1,0
RA,India,Nepal,0,1,0
GF,Thailand,Italy,0,3,0
QR,Italy,China,2,0,2
BJ,France,Tunisia,0,1,0
EK,India,Italy,1,0,1
EW,United Kingdom,France,1,0,1
TK,Italy,,0,25,0
W6,Czech Republic,Italy,12,4,12
AT,France,Morocco,1,4,1
PC,Iran,Turkey,1,0,1
FR,Croatia,Italy,7,15,7
AF,Italy,Thailand,1,0,1
LH,Germany,Philippines,0,1,0
W6,Bulgaria,India,0,2,0
XR,Belgium,Greece,0,1,0
LO,Poland,Luxembourg,0,1,0
6E,India,Vietnam,0,1,0
W4,Sweden,Italy,0,1,0
AF,Czech Republic,United States,0,3,0
LA,Brazil,Brazil,8,15,8
U2,Portugal,Italy,34,6,34
FR,Spain,Germany,1,1,1
HV,France,Tunisia,0,1,0
RO,Germany,Romania,0,1,0
TR,Germany,Indonesia,1,0,1
FR,Austria,Greece,10,8,10
LH,Italy,Uruguay,0,3,0
W6,Italy,Republic of Macedonia,13,12,13
5W,Greece,Azerbaijan,0,1,0
CI,Thailand,Italy,1,1,1
BR,Italy,Australia,0,1,0
UA,Mexico,Germany,0,1,0
SK,Germany,Denmark,1,1,1
LA,Ecuador,United States,0,1,0
WY,Tanzania,Italy,0,3,0
LS,Italy,Portugal,0,1,0
TP,Italy,Ghana,0,3,0
LH,Germany,France,2,0,2
FR,Netherlands,Spain,3,2,3
EW,Italy,United Kingdom,0,2,0
LX,Italy,Sri Lanka,0,1,0
IB,Chile,Italy,1,0,1
A3,Greece,Czech Republic,1,0,1
K6,Cambodia,Cambodia,0,1,0
U2,Netherlands,Spain,0,1,0
UX,Spain,Italy,12,16,12
W6,Egypt,Italy,43,28,43
VY,Italy,Poland,0,1,0
FR,Spain,Denmark,1,0,1
VY,Italy,Chile,0,2,0
LX,Sweden,Italy,0,1,0
FD,Thailand,Malaysia,0,1,0
IB,Panama,Italy,1,0,1
GQ,Greece,Germany,0,1,0
TK,Uzbekistan,Iran,0,1,0
AI,Sri Lanka,India,0,1,0
CZ,Italy,Australia,0,2,0
G4,United States,United States,0,2,0
LH,United Kingdom,United States,1,6,1
UX,Colombia,Italy,0,16,0
BR,Italy,Japan,0,7,0
VY,Spain,Germany,5,1,5
OS,Austria,Netherlands,1,0,1
PC,Italy,Georgia,2,4,2
UX,Switzerland,Colombia,0,3,0
KL,Italy,Singapore,4,1,4
A3,Spain,Greece,1,2,1
Y4,Guatemala,,0,1,0
BA,Mexico,United States,0,1,0
U2,Greece,Italy,76,3,75
AT,Italy,Ghana,0,5,0
OG,Denmark,Canada,0,6,0
AZ,Italy,Sweden,0,2,0
"",Argentina,Spain,2,0,2
BA,The Bahamas,United Kingdom,0,1,0
QR,United Arab Emirates,Italy,0,1,0
G3,Argentina,Spain,0,1,0
LX,Italy,Czech Republic,0,1,0
AI,Italy,Japan,0,2,0
FR,Italy,Mauritius,0,1,0
EK,Italy,India,1,0,1
VY,Italy,France,148,111,147
LH,Cyprus,Italy,1,0,1
AF,France,Colombia,0,1,0
FR,Italy,Indonesia,0,5,0
AZ,Argentina,,0,2,0
W4,Luxembourg,Italy,1,0,1
G9,Pakistan,Italy,1,2,1
HV,Italy,Morocco,0,1,0
LO,Poland,Austria,0,1,0
AZ,Italy,The Gambia,0,1,0
AI,India,Italy,0,3,0
A3,Greece,Greece,8,12,8
PC,Italy,Egypt,3,2,3
5J,South Korea,Philippines,1,0,1
W6,United Arab Emirates,Maldives,0,3,0
LH,Italy,Jordan,4,0,4
OG,United Kingdom,United States,0,1,0
IB,Belgium,Cuba,1,0,1
I2,Spain,France,1,0,1
W6,Austria,Saudi Arabia,2,1,2
ET,Italy,Tanzania,7,31,7
A3,Italy,Egypt,6,39,6
HX,China,Philippines,0,1,0
LH,India,Italy,2,0,2
FR,Spain,Malta,3,0,3
XZ,Italy,United Arab Emirates,0,1,0
CA,Taiwan,Italy,0,1,0
LX,Italy,Argentina,0,9,0
DE,Italy,United States,8,6,8
LA,Paraguay,Italy,0,2,0
AZ,Italy,Guatemala,0,2,0
U2,Italy,Guadeloupe,0,1,0
TU,Tunisia,France,0,5,0
PG,Singapore,,0,2,0
FR,United Kingdom,United Kingdom,5,2,5
TR,Indonesia,Singapore,0,3,0
UA,Germany,United States,1,0,1
LH,Singapore,Luxembourg,1,0,1
KL,Italy,Tanzania,0,1,0
V7,Italy,Greece,346,358,343
FR,Republic of Ireland,Italy,15,29,15
RQ,Afghanistan,Italy,0,4,0
TR,Malaysia,Greece,1,0,1
TK,Pakistan,Italy,0,2,0
HU,China,China,0,5,0
XK,Italy,France,0,2,0
XZ,Romania,Italy,5,0,5
AV,Peru,Panama,1,0,1
FR,Italy,Iceland,0,11,0
VY,Argentina,Spain,0,1,0
TK,Cameroon,Italy,0,3,0
FR,Belgium,Portugal,1,0,1
VY,Italy,Barbados,0,1,0
OS,Italy,Portugal,1,0,1
ET,Italy,Ethiopia,2,0,2
FR,France,Belgium,0,1,0
SV,United Arab Emirates,Malaysia,0,1,0
XJ,Japan,Thailand,0,1,0
5F,Italy,Armenia,0,7,0
QR,Italy,Thailand,24,50,24
U2,Italy,Switzerland,55,7,54
W4,Romania,Spain,1,1,1
DE,Germany,Spain,0,3,0
UX,Italy,Panama,0,2,0
WK,Switzerland,Greece,0,2,0
W6,Italy,Bangladesh,0,5,0
AV,Spain,Mexico,0,4,0
HM,Seychelles,Seychelles,0,1,0
KL,Italy,Sint Maarten,1,0,1
EY,Germany,Malaysia,1,2,1
KL,Netherlands,Switzerland,1,0,1
XZ,Italy,Romania,21,2,21
JT,Indonesia,Indonesia,0,40,0
V7,Italy,Morocco,0,3,0
TP,Italy,Canada,2,9,2
Y4,Mexico,Costa Rica,0,3,0
DD,Thailand,Thailand,4,11,4
AF,Italy,Algeria,1,0,1
A3,Albania,Greece,0,2,0
SQ,Indonesia,Italy,2,1,2
KL,Republic of Ireland,Italy,1,0,1
LH,United Kingdom,Serbia,1,0,1
OS,Austria,Egypt,0,1,0
QF,Australia,New Zealand,0,1,0
W6,Italy,Armenia,3,5,3
AF,Italy,Cuba,38,15,38
U2,Portugal,Portugal,5,0,5
LX,Italy,Hong Kong,1,0,1
AC,Costa Rica,Italy,0,2,0
1L,Turkey,Malaysia,0,2,0
LX,Italy,Angola,0,2,0
XQ,Austria,Turkey,0,1,0
TP,Brazil,France,1,0,1
TG,Thailand,Indonesia,0,1,0
Z2,Philippines,Thailand,0,1,0
U2,Spain,France,3,1,3
FR,Netherlands,Portugal,0,3,0
WY,Thailand,Italy,0,6,0
LX,Italy,Netherlands,1,2,1
LS,United Kingdom,Italy,16,6,16
3L,Nepal,United Arab Emirates,0,2,0
B0,United States,Italy,0,3,0
SQ,Singapore,Italy,2,0,2
TK,Turkey,,0,1,0
KL,Spain,Italy,2,0,2
LH,Sweden,Italy,1,0,1
VY,Morocco,Italy,0,3,0
GF,Italy,Sri Lanka,0,1,0
QF,New Zealand,Italy,0,1,0
BA,United Kingdom,United Kingdom,0,1,0
FD,Thailand,Vietnam,0,1,0
4Y,Germany,United States,1,0,1
OD,Australia,Indonesia,0,1,0
BT,Czech Republic,Lithuania,1,0,1
WF,Norway,Norway,0,13,0
U2,Italy,Republic of Ireland,0,4,0
U2,Germany,Sweden,1,0,1
MU,Italy,Philippines,0,6,0
FI,Italy,United States,2,3,2
WN,United States,United States,0,15,0
W6,Republic of Macedonia,Italy,2,2,2
KL,Italy,South Korea,1,1,1
TK,Slovenia,United Arab Emirates,0,1,0
HV,Belgium,Spain,0,5,0
TK,Turkey,Italy,19,29,19
JL,Belgium,Japan,0,1,0
KL,Italy,France,5,3,5
DL,United States,United States,46,0,46
LX,Italy,Germany,4,6,4
FR,Malta,Italy,29,19,29
TK,Italy,Singapore,3,7,3
SQ,Italy,Spain,3,4,3
DY,Norway,Denmark,0,2,0
EK,Italy,Mozambique,0,1,0
MS,Tunisia,,0,1,0
G3,Argentina,Italy,0,1,0
W4,Israel,Italy,2,5,2
AF,France,Tunisia,0,1,0
DL,United States,Italy,11,0,11
EY,Italy,India,2,17,2
FR,Germany,Portugal,0,4,0
CA,China,Italy,0,19,0
LX,Italy,Egypt,1,10,1
LH,Italy,Cyprus,2,2,2
LH,Denmark,Canada,0,3,0
AF,Italy,Faroe Islands,2,6,2
DG,Philippines,,0,1,0
MS,Germany,Egypt,0,1,0
KL,Italy,Costa Rica,1,5,1
LH,Albania,Germany,0,1,0
A3,Italy,Jordan,0,1,0
AC,Canada,Italy,2,0,2
IB,Italy,Panama,3,4,3
WO,Canada,Canada,1,7,1
F9,United States,,0,4,0
U2,France,Morocco,1,1,1
LH,Kenya,Italy,1,0,1
LX,Croatia,Switzerland,1,2,1
PR,Philippines,Philippines,1,8,1
HV,France,Italy,13,10,13
Z0,United States,United Kingdom,1,2,1
IB,Colombia,Spain,5,1,5
SK,Sweden,Italy,3,2,3
H4,Romania,Romania,0,1,0
LH,Germany,Portugal,1,0,1
UX,Colombia,Spain,2,0,2
AT,France,Ivory Coast,0,1,0
G5,China,China,0,1,0
LH,Kazakhstan,United States,0,1,0
E9,Honduras,Italy,0,1,0
OS,Italy,Albania,0,2,0
TS,Italy,Canada,81,39,80
VY,France,Spain,10,3,10
FY,Malaysia,Malaysia,0,12,0
2W,Cuba,Italy,0,4,0
CZ,Italy,China,3,12,3
VY,Spain,The Gambia,2,0,2
LH,Greece,Italy,2,1,2
QR,Italy,Oman,1,0,1
W4,Italy,Norway,0,1,0
OS,Czech Republic,Italy,1,0,1
AA,United States,Dominican Republic,1,0,1
U2,Italy,United Kingdom,240,54,238
LX,Switzerland,Italy,2,9,2
LH,Italy,South Africa,9,7,9
LH,Italy,Kenya,4,1,4
W6,France,Republic of Macedonia,1,0,1
KL,Germany,United States,1,4,1
PC,Saudi Arabia,Switzerland,1,0,1
WY,Italy,India,1,1,1
DY,Sweden,Netherlands,0,1,0
PC,Switzerland,United Arab Emirates,2,0,2
UK,Thailand,United Arab Emirates,0,1,0
V7,Italy,Mexico,0,1,0
KM,Italy,Hungary,0,1,0
OS,Italy,Thailand,14,27,14
JU,Serbia,United Kingdom,1,0,1
SK,Italy,Croatia,0,1,0
AF,Italy,Burkina Faso,0,1,0
AY,Finland,Italy,5,5,5
LH,Italy,Egypt,11,37,11
EC,France,Italy,0,3,0
SK,Italy,Canada,2,9,2
JU,Greece,Czech Republic,1,0,1
Y4,Costa Rica,Mexico,0,3,0
AZ,Italy,Réunion,0,1,0
NO,Cape Verde,Italy,4,0,4
TB,Dominican Republic,Belgium,0,1,0
EY,Israel,Indonesia,0,1,0
EK,United Arab Emirates,Singapore,0,1,0
W2,Italy,Italy,0,34,0
KE,Italy,Japan,5,6,5
W6,Maldives,Italy,0,3,0
AY,Italy,Japan,4,3,4
UA,Costa Rica,Italy,0,3,0
XY,Saudi Arabia,Italy,0,2,0
AM,Italy,Guatemala,0,2,0
EI,Republic of Ireland,France,0,2,0
VN,Vietnam,Italy,0,2,0
SV,Italy,South Korea,0,1,0
AC,India,Canada,0,1,0
OG,Italy,Iceland,9,10,9
AZ,Italy,Peru,0,20,0
FD,Thailand,Cambodia,0,3,0
U2,Albania,Switzerland,1,0,1
MU,Italy,Vietnam,0,1,0
TP,Portugal,Israel,0,2,0
MS,Italy,Seychelles,0,1,0
W6,Italy,Republic of Ireland,0,3,0
DY,Italy,Cambodia,0,1,0
W6,Italy,Latvia,0,1,0
FZ,United Arab Emirates,Sri Lanka,0,1,0
HV,Italy,Netherlands,36,48,36
W4,Greece,Italy,34,8,34
LH,Italy,Germany,99,161,98
AK,Malaysia,Thailand,0,5,0
RJ,Italy,United Arab Emirates,0,2,0
7Z,Curaçao,Bonaire,0,1,0
SQ,Italy,Cambodia,1,1,1
NU,Japan,Japan,4,0,4
9X,United States,United States,0,1,0
PC,United Arab Emirates,Italy,0,1,0
TX,France,United States,1,0,1
WY,Maldives,,0,1,0
JA,Argentina,Argentina,0,1,0
A3,Greece,Egypt,0,1,0
FR,Italy,Bulgaria,24,60,24
W4,Morocco,Italy,17,9,17
AF,Germany,United States,3,4,3
BA,Peru,United States,0,1,0
IB,Colombia,Italy,5,6,5
SN,Italy,Ghana,4,0,4
KQ,Kenya,Italy,0,2,0
BZ,Italy,Israel,1,0,1
KL,Italy,Ecuador,1,5,1
SV,Italy,Singapore,1,3,1
JU,Bosnia and Herzegovina,Italy,0,1,0
FR,Greece,Greece,3,5,3
U2,Egypt,Italy,10,1,10
CZ,Italy,Singapore,2,1,2
SK,Sweden,Norway,1,0,1
LH,Switzerland,South Africa,0,2,0
ET,Italy,Comoros,0,1,0
LX,Italy,Poland,1,1,1
5U,Belize,Guatemala,0,1,0
TK,Italy,Eritrea,1,0,1
JU,Italy,Greece,0,31,0
AZ,Italy,Philippines,0,6,0
AT,Italy,Ivory Coast,0,7,0
TP,Italy,Cape Verde,4,31,4
IB,Morocco,Italy,2,4,2
LO,Romania,Canada,0,5,0
Z8,Bolivia,Bolivia,1,2,1
CZ,Italy,Taiwan,1,1,1
IB,Italy,Morocco,3,12,3
LH,Germany,Azerbaijan,0,2,0
KQ,France,Ivory Coast,0,2,0
TR,Singapore,Thailand,0,3,0
LO,Italy,India,0,2,0
FR,United Kingdom,Spain,7,8,7
IB,Italy,Colombia,25,19,25
TK,Israel,Kazakhstan,0,1,0
AR,Paraguay,Argentina,0,17,0
IB,Italy,Guatemala,1,4,1
FD,Cambodia,Thailand,0,3,0
SQ,Italy,Indonesia,1,2,1
W6,Estonia,Italy,0,2,0
V7,Italy,United Kingdom,0,1,0
SQ,United States,Italy,0,2,0
AZ,Italy,Armenia,0,3,0
KL,Germany,Italy,0,1,0
3O,France,Morocco,2,0,2
TS,Canada,United States,1,0,1
FR,Poland,Belgium,0,1,0
D7,Japan,Indonesia,0,1,0
DY,Norway,Italy,0,31,0
KL,Italy,Netherlands,84,78,83
AF,Italy,Morocco,7,3,7
AA,Cuba,Dominican Republic,1,0,1
AV,Argentina,Spain,2,6,2
TR,Germany,Australia,0,1,0
V7,Italy,,0,8,0
EK,South Africa,Italy,0,3,0
LS,Greece,United Kingdom,1,0,1
FR,Italy,,0,140,0
5J,Philippines,United Arab Emirates,2,3,2
LA,Italy,,0,3,0
FR,Romania,Austria,1,0,1
MS,Italy,Rwanda,0,6,0
LO,Italy,Sri Lanka,0,1,0
5W,Albania,United Arab Emirates,1,0,1
BA,Dominican Republic,Italy,0,1,0
W6,Italy,Nepal,0,2,0
EK,Italy,Nepal,0,2,0
U2,Portugal,Switzerland,0,1,0
TK,Malta,Turkey,0,1,0
A3,Greece,France,4,0,4
VY,Spain,Turkey,0,4,0
SK,Greece,Italy,0,1,0
TK,Mexico,Italy,0,1,0
LH,Italy,Thailand,58,112,57
W4,Italy,Colombia,0,3,0
MU,Singapore,Italy,0,1,0
BA,Italy,Antigua and Barbuda,2,1,2
UX,Peru,Italy,1,7,1
QR,Germany,India,0,1,0
8B,Indonesia,Italy,0,1,0
OS,France,Austria,2,0,2
EK,Italy,United Arab Emirates,22,33,22
QZ,Indonesia,Singapore,0,5,0
VY,Italy,Colombia,1,1,1
OS,Italy,Czech Republic,1,0,1
KE,Italy,South Korea,11,12,11
ET,Italy,Madagascar,3,11,3
OJ,Estonia,Estonia,0,1,0
NO,Italy,India,0,3,0
AA,Honduras,United States,1,0,1
W4,Italy,Bulgaria,0,1,0
ET,Rwanda,Italy,0,1,0
VY,Italy,Czech Republic,0,1,0
U2,Italy,Canada,0,1,0
PC,Iraq,Italy,0,2,0
LX,Italy,Norway,0,5,0
QZ,Singapore,Indonesia,0,14,0
KC,Kazakhstan,Netherlands,0,2,0
TP,Portugal,Mexico,0,1,0
FR,Sweden,Sweden,1,0,1
BA,Netherlands,Italy,1,0,1
LO,Czech Republic,India,0,1,0
W4,Italy,Philippines,0,1,0
OS,Austria,Japan,0,1,0
"",Colombia,Cuba,1,0,1
W6,Italy,Israel,5,10,5
U2,Italy,Croatia,69,17,68
FR,Austria,Bulgaria,2,2,2
FR,Italy,Australia,0,3,0
OR,Greece,Netherlands,5,0,5
FI,Italy,Iceland,0,10,0
SQ,New Zealand,Singapore,1,0,1
BA,Ecuador,United States,0,3,0
SK,Sweden,Sweden,1,1,1
LH,Netherlands,Italy,0,1,0
LH,Czech Republic,Germany,0,1,0
TK,Germany,Italy,0,1,0
SN,France,United States,0,1,0
A3,Italy,Greece,58,198,57
SN,Belgium,Greece,1,0,1
D7,Taiwan,France,0,1,0
EK,Italy,China,1,3,1
OS,France,Italy,1,1,1
AK,Vietnam,Indonesia,0,1,0
HV,Netherlands,Portugal,1,0,1
AF,Argentina,Italy,0,2,0
LH,Italy,Sri Lanka,0,2,0
A3,Egypt,Greece,1,1,1
DE,Dominican Republic,Italy,0,1,0
LO,France,United States,0,1,0
U2,Republic of Kosovo,Switzerland,1,0,1
AF,Italy,Spain,0,1,0
OG,United States,Iceland,0,1,0
IB,Venezuela,Italy,1,0,1
AZ,Albania,Italy,3,1,3
IB,Italy,Cuba,15,34,15
JL,Japan,Italy,0,1,0
VY,Austria,Spain,0,1,0
IZ,France,Israel,2,1,2
UX,Italy,Paraguay,0,6,0
OR,Netherlands,Ecuador,0,1,0
OS,Mexico,Italy,1,0,1
U2,France,Netherlands,2,0,2
LH,Italy,Latvia,2,2,2
SK,Italy,Iceland,0,34,0
OZ,Japan,Italy,1,2,1
EK,Italy,Seychelles,14,6,14
AZ,Spain,Japan,1,2,1
LS,United Kingdom,Greece,3,0,3
EK,United Arab Emirates,Maldives,0,1,0
TS,Italy,,1,3,1
QS,Greece,Italy,0,1,0
LH,Italy,Saudi Arabia,2,0,2
GQ,Italy,Cyprus,0,1,0
IN,Indonesia,Indonesia,0,3,0
Z2,Japan,Philippines,0,2,0
DE,Germany,Greece,1,1,1
QR,Thailand,Italy,0,2,0
KL,Nigeria,Italy,0,1,0
AV,Peru,,0,1,0
FR,Greece,Italy,53,67,52
UA,Italy,Canada,2,3,2
JU,Italy,,0,7,0
JU,Italy,Cyprus,1,1,1
LX,Switzerland,Mexico,0,1,0
V7,Spain,Spain,0,1,0
LX,Italy,Romania,1,0,1
EK,Italy,Tanzania,1,1,1
R2,Senegal,Cape Verde,0,1,0
CZ,Italy,Indonesia,0,9,0
UA,Colombia,Italy,0,3,0
HU,Italy,China,0,23,0
FR,Italy,Nepal,0,3,0
KL,Peru,,1,7,1
LA,Chile,Chile,6,4,6
AT,Canada,Morocco,0,2,0
OD,Indonesia,Malaysia,0,1,0
JQ,Singapore,Thailand,1,0,1
FR,Italy,Chile,0,1,0
K6,Cambodia,Vietnam,0,1,0
3O,Italy,,0,1,0
LH,Italy,Kazakhstan,1,2,1
HV,Greece,France,2,0,2
U2,Spain,Switzerland,1,0,1
UA,United States,Mexico,1,0,1
5J,Japan,Philippines,0,2,0
EK,Bangladesh,Italy,1,3,1
W4,Croatia,Italy,0,1,0
KL,Italy,South Africa,3,3,3
TW,South Korea,Taiwan,2,2,2
AK,Malaysia,Singapore,0,20,0
ET,Italy,Malawi,0,2,0
NO,Italy,Tanzania,3,6,3
EW,Italy,Greece,0,1,0
FR,Jordan,Italy,1,5,1
"",Georgia,Azerbaijan,0,1,0
TS,Canada,Canada,1,0,1
AF,Germany,France,1,8,1
EW,Germany,Spain,13,2,13
5J,Thailand,Philippines,0,4,0
FR,Spain,United Kingdom,3,0,3
TS,Italy,United States,1,1,1
CA,Italy,Indonesia,0,4,0
PC,Italy,Kyrgyzstan,1,2,1
SQ,Italy,,0,3,0
J2,Italy,Uzbekistan,1,0,1
NO,Senegal,Italy,1,0,1
TX,United States,France,0,1,0
AZ,India,Italy,0,5,0
KQ,United Kingdom,Seychelles,1,0,1
FR,Luxembourg,United Kingdom,2,0,2
EK,United Arab Emirates,Germany,1,0,1
LH,Latvia,Germany,1,0,1
VY,Italy,Spain,664,642,657
5F,Italy,Moldova,0,9,0
OK,Italy,Czech Republic,0,4,0
EW,Italy,Portugal,1,3,1
OS,Germany,Austria,2,0,2
LH,Switzerland,Finland,1,1,1
CM,Cuba,Brazil,1,0,1
LX,Italy,Sweden,2,3,2
W6,Italy,Montenegro,0,2,0
XC,Turkey,Switzerland,1,0,1
VY,Italy,Germany,1,0,1
VZ,Thailand,Thailand,0,26,0
WY,Italy,Oman,1,1,1
EY,Italy,Seychelles,4,4,4
AF,Italy,Argentina,2,3,2
LX,Italy,Denmark,1,1,1
VY,Greece,Spain,3,0,3
DD,Thailand,Italy,0,1,0
TR,Vietnam,Greece,0,1,0
XY,Pakistan,Italy,0,2,0
"",Costa Rica,Panama,0,1,0
FB,Bulgaria,Netherlands,0,1,0
UK,France,India,0,1,0
JU,Italy,Serbia,33,31,33
FR,Norway,Italy,1,4,1
W6,Italy,Italy,6,261,6
LH,France,Italy,6,7,6
IB,Italy,Chile,1,8,1
MU,Italy,,0,1,0
AZ,Italy,United Arab Emirates,0,4,0
CI,Italy,Philippines,1,10,1
RQ,Afghanistan,United Arab Emirates,0,1,0
7C,South Korea,South Korea,6,3,6
SK,Italy,Finland,1,1,1
FR,Italy,Mexico,0,4,0
UX,Italy,Ecuador,0,1,0
ME,Lebanon,United Arab Emirates,0,3,0
LX,Italy,Cuba,8,14,8
LH,Italy,Portugal,8,2,8
AF,Italy,Guadeloupe,4,0,4
LH,South Africa,Italy,3,0,3
SK,Denmark,Italy,5,7,5
TK,Luxembourg,Australia,0,2,0
BA,Switzerland,United States,0,1,0
MU,Australia,Italy,0,1,0
ID,Singapore,Indonesia,0,1,0
LH,Italy,New Zealand,0,3,0
LH,Germany,Thailand,2,0,2
OS,Italy,Jordan,0,2,0
EW,Romania,Germany,1,0,1
KL,Japan,United States,0,1,0
DY,Norway,Norway,0,7,0
FD,Vietnam,Thailand,0,2,0
RO,Romania,Italy,0,1,0
W4,Albania,Greece,0,1,0
FR,Poland,Czech Republic,1,0,1
FD,Maldives,Australia,0,1,0
SN,Italy,United States,0,7,0
IB,Italy,,3,15,3
OS,Italy,Egypt,15,23,15
FR,Italy,Saudi Arabia,0,5,0
TK,Slovenia,Turkey,1,1,1
AH,Italy,Ivory Coast,0,2,0
ZL,Australia,Australia,0,1,0
OB,Brazil,Bolivia,0,2,0
AR,Italy,Chile,0,2,0
SM,Italy,,0,8,0
LH,Italy,Morocco,6,1,6
TK,Italy,Brazil,0,1,0
LH,Italy,Iceland,6,1,6
LA,Italy,Uruguay,0,4,0
FR,Italy,Faroe Islands,0,1,0
PC,Switzerland,Turkey,1,3,1
LH,Belgium,Italy,2,4,2
KE,Italy,,0,7,0
NO,India,Italy,2,0,2
UX,Netherlands,Spain,0,2,0
B6,United States,The Bahamas,0,2,0
EW,Italy,Croatia,1,1,1
LH,Germany,Namibia,0,1,0
FR,Morocco,Italy,42,60,42
OS,Italy,Austria,28,67,28
AF,Italy,Finland,0,4,0
FR,Germany,Spain,2,6,2
AM,Spain,Brazil,0,4,0
AV,Spain,El Salvador,0,2,0
LO,Italy,Thailand,0,1,0
UX,Cuba,Spain,1,4,1
AY,Italy,,0,3,0
PC,Spain,Turkey,1,0,1
FR,Malta,Netherlands,0,1,0
TK,Tanzania,Italy,0,1,0
UA,Costa Rica,Switzerland,0,4,0
BR,Italy,Indonesia,0,2,0
LH,Bulgaria,Italy,0,1,0
W4,Italy,India,0,1,0
OS,Austria,United States,1,0,1
OS,Italy,Hong Kong,0,1,0
W4,Italy,Montenegro,11,11,11
W4,Italy,United Kingdom,150,107,149
ZB,Albania,Turkey,0,1,0
W6,Spain,Italy,5,14,5
PD,Canada,United States,10,4,10
FR,Israel,Italy,1,5,1
V7,France,France,3,0,3
W6,Albania,Italy,0,7,0
AV,Costa Rica,Uruguay,0,1,0
LX,Dominican Republic,Italy,1,0,1
VJ,Hong Kong,Vietnam,0,1,0
AF,Italy,Mexico,11,7,11
TK,Italy,Tanzania,2,22,2
AZ,Italy,Kenya,1,13,1
U2,France,France,9,1,9
FA,South Africa,South Africa,0,2,0
VY,France,Malta,1,2,1
EK,New Zealand,Italy,3,2,3
LX,France,Thailand,1,0,1
ME,Lebanon,Thailand,1,0,1
FR,Germany,Croatia,1,0,1
EW,Norway,Italy,2,0,2
FI,Iceland,United States,0,1,0
TU,Morocco,Italy,0,1,0
FZ,United Arab Emirates,Tanzania,0,1,0
U2,Italy,Bonaire,0,1,0
AF,Chile,Italy,3,1,3
AV,Mexico,Spain,0,1,0
EW,Spain,Germany,3,0,3
QR,Italy,Myanmar,2,0,2
U2,Italy,Norway,0,2,0
TK,Bulgaria,Mongolia,2,0,2
