carrier,origin_country,destination_country,clicks_travix,clicks_competitor,clicks_airlines
AZ,Italy,Italy,668,2165,661
FR,Italy,Italy,4186,7832,4145
W6,Italy,Italy,1564,2067,1549
FR,Italy,Spain,2128,4697,2107
NO,Italy,Egypt,79,66,78
W6,Italy,Egypt,189,224,187
NO,Italy,Spain,32,30,32
W6,Italy,Morocco,50,57,50
FR,Italy,Morocco,122,307,121
W6,Italy,United Arab Emirates,80,88,79
AZ,Italy,United States,172,846,170
LA,Italy,Brazil,12,32,12
EY,Italy,Seychelles,37,53,37
SM,Italy,Egypt,44,192,44
LH,Italy,United States,138,119,137
AZ,Italy,Morocco,18,74,18
TU,Italy,Tunisia,0,89,0
U2,Italy,Portugal,268,157,265
TU,Tunisia,Italy,0,7,0
OS,Italy,Kenya,0,0,0
AT,Italy,Morocco,37,97,37
FR,Portugal,Italy,65,80,64
AZ,Italy,Tunisia,12,45,12
FR,Italy,Malta,389,608,385
AZ,Italy,,0,88,0
EY,Italy,Indonesia,21,36,21
BA,Italy,United States,216,596,214
V7,Italy,Italy,664,546,657
BI,United Arab Emirates,Indonesia,5,0,5
FR,Italy,Germany,208,342,206
NO,Italy,United States,15,1,15
KU,Italy,Thailand,6,11,6
FR,Italy,Poland,131,327,130
AF,Italy,United States,141,125,140
IB,Italy,Spain,155,129,153
EY,Italy,,5,2,5
EY,Italy,Maldives,4,58,4
NO,Egypt,Italy,44,11,44
SM,Egypt,Italy,5,49,5
KL,Italy,United States,102,174,101
FR,Italy,Greece,522,1029,517
AS,United States,United States,0,9,0
TK,Italy,,0,25,0
TK,Italy,Turkey,200,771,198
S4,Portugal,Portugal,4,1,4
FR,Italy,Austria,204,252,202
U2,Italy,Spain,948,177,939
AT,Morocco,Italy,6,28,6
NO,Italy,Dominican Republic,9,0,9
FR,Italy,Romania,88,223,87
FR,Italy,Hungary,187,329,185
KL,Italy,,7,27,7
FR,Italy,United Kingdom,392,627,388
KL,Italy,Dominican Republic,3,24,3
AF,Italy,,0,13,0
AZ,Italy,Brazil,13,48,13
UP,The Bahamas,Colombia,0,1,0
AZ,United States,United States,0,2,0
FR,Italy,Belgium,238,404,236
U2,Italy,Italy,1786,249,1768
TP,Italy,United States,10,27,10
AZ,Italy,Algeria,1,1,1
LA,Peru,Peru,1,10,1
W6,Italy,Jordan,60,39,59
TP,Portugal,Portugal,6,12,6
LA,Colombia,Colombia,11,4,11
FR,Italy,Czech Republic,101,217,100
EW,Germany,Italy,48,62,48
TP,Italy,,0,25,0
IB,Italy,Brazil,0,1,0
EI,Italy,United States,29,6,29
UG,Tunisia,Italy,0,1,0
TK,Italy,Thailand,10,12,10
SQ,Italy,,0,14,0
FR,Italy,Portugal,388,1032,384
IB,Italy,,6,6,6
KM,Malta,Italy,0,14,0
IB,Spain,Italy,66,17,65
AZ,Italy,Spain,37,134,37
EK,United States,Italy,9,2,9
UG,Italy,Tunisia,0,7,0
AR,Argentina,Argentina,0,7,0
W6,Italy,Albania,332,359,329
W6,Italy,Republic of Macedonia,11,19,11
FR,Italy,France,373,580,369
JU,Turkey,Italy,3,6,3
SV,Italy,,0,5,0
4Z,South Africa,South Africa,0,4,0
AM,Mexico,Mexico,0,17,0
W6,Italy,Hungary,78,157,77
MS,Egypt,Italy,0,16,0
AI,Italy,,0,7,0
FR,Italy,Jordan,22,54,22
UX,Italy,Spain,9,37,9
IB,Italy,Colombia,3,13,3
MS,Italy,Egypt,0,69,0
AT,Italy,Nigeria,2,8,2
GQ,Greece,Greece,16,16,16
LX,Italy,,0,23,0
JL,Italy,Japan,6,10,6
NT,Spain,Spain,0,13,0
AZ,Italy,France,42,122,42
AC,Italy,Canada,13,88,13
PR,Philippines,Thailand,0,1,0
G3,Brazil,Brazil,0,23,0
AZ,Italy,Egypt,4,37,4
FR,Italy,Denmark,113,152,112
EK,Belgium,Thailand,0,0,0
LH,Italy,Brazil,23,43,23
TK,Spain,,0,4,0
FR,Czech Republic,Italy,34,30,34
EK,Italy,Indonesia,82,25,81
OB,Peru,Bolivia,0,0,0
LH,Italy,Thailand,11,12,11
VS,France,United States,0,0,0
FR,Belgium,Italy,62,82,61
AZ,Belgium,Italy,9,24,9
W6,Italy,United Kingdom,195,214,193
SQ,Italy,Indonesia,2,6,2
KL,United States,Italy,2,4,2
FR,Netherlands,Italy,28,33,28
EK,Italy,,0,2,0
BA,United States,United States,0,3,0
EK,South Africa,Italy,0,1,0
NO,Italy,Mexico,4,2,4
TP,Italy,Brazil,60,145,59
AY,Italy,,0,3,0
UX,Italy,Brazil,5,35,5
IB,Italy,United States,18,95,18
FZ,Sri Lanka,Italy,0,3,0
AZ,Tunisia,Italy,0,8,0
UA,Costa Rica,Switzerland,0,5,0
TK,Italy,United States,10,10,10
FR,Spain,Italy,364,465,360
MH,Malaysia,Singapore,1,1,1
QR,Italy,Thailand,38,55,38
LH,Italy,Nigeria,1,1,1
AZ,Italy,Israel,2,3,2
QR,Italy,,0,6,0
UP,The Bahamas,The Bahamas,0,1,0
HY,Uzbekistan,Uzbekistan,0,0,0
AZ,Italy,Guadeloupe,0,4,0
SQ,Italy,Japan,1,0,1
W6,Italy,Armenia,22,10,22
NZ,Italy,,0,2,0
SK,Italy,Canada,11,14,11
UJ,Egypt,Egypt,0,7,0
FR,Italy,Croatia,81,141,80
TS,Italy,Canada,46,12,46
CX,Italy,,0,0,0
KE,Italy,,0,2,0
FR,Spain,Spain,72,52,71
EK,Thailand,Italy,1,5,1
AZ,United States,U.S. Virgin Islands,0,0,0
PR,Philippines,Philippines,5,8,5
AZ,Spain,,0,1,0
FR,Germany,Italy,66,106,65
UL,Sri Lanka,Singapore,2,0,2
IB,Spain,Senegal,0,1,0
ET,Portugal,Kenya,0,0,0
TK,Italy,Australia,0,10,0
G3,Brazil,Portugal,0,3,0
ID,Malaysia,Indonesia,0,0,0
EY,Italy,Thailand,18,20,18
W6,Spain,Hungary,1,2,1
9U,Italy,Moldova,0,26,0
AF,Italy,Costa Rica,3,5,3
JL,Italy,,0,1,0
BA,Italy,Japan,0,1,0
AH,Italy,,0,0,0
BR,Italy,,0,0,0
AZ,Italy,Republic of Ireland,0,1,0
TP,Portugal,Spain,2,5,2
IB,Italy,Chile,11,10,11
EY,Germany,Indonesia,1,21,1
KL,Dominican Republic,Italy,0,2,0
SK,Italy,Norway,0,16,0
1L,Germany,Italy,0,0,0
NT,Italy,Spain,0,10,0
AT,United States,Italy,0,3,0
AY,Italy,United States,12,39,12
HC,Senegal,Senegal,0,0,0
1L,Italy,Germany,0,0,0
WJ,Argentina,Argentina,0,2,0
FR,Italy,Bulgaria,48,75,48
U2,Italy,Egypt,108,52,107
BR,Italy,Philippines,0,2,0
LY,Israel,Cyprus,0,0,0
IB,Italy,France,1,0,1
FR,Poland,Norway,0,0,0
EY,Italy,Singapore,14,9,14
NT,Morocco,Spain,0,0,0
QR,Spain,,0,0,0
NO,United States,Italy,0,9,0
HY,Italy,,0,5,0
LH,Germany,Italy,53,50,52
TK,South Africa,Italy,0,0,0
LH,Italy,Denmark,5,2,5
AZ,Italy,Kenya,2,14,2
MS,United Arab Emirates,Italy,0,1,0
LH,Italy,Canada,5,43,5
CY,Egypt,Italy,0,1,0
SK,Italy,United States,4,52,4
NO,Kenya,Italy,1,0,1
FR,Netherlands,Bulgaria,0,0,0
TS,Portugal,Canada,1,0,1
TK,Italy,Mauritius,0,2,0
WY,Sri Lanka,Italy,2,0,2
LH,France,Italy,1,1,1
AF,United States,Italy,5,5,5
WY,Italy,Thailand,4,72,4
IB,Italy,Uruguay,0,0,0
AT,Morocco,France,3,5,3
SK,Italy,,0,9,0
NO,Italy,India,1,1,1
AZ,Italy,Japan,41,161,41
EK,United States,United Arab Emirates,0,0,0
AZ,Switzerland,Italy,5,7,5
LA,Paraguay,Portugal,0,0,0
KL,Italy,Hungary,0,0,0
H9,China,Nepal,0,1,0
MH,Italy,Malaysia,0,23,0
KL,Germany,Colombia,0,1,0
AC,Italy,United States,0,5,0
EK,Malaysia,Italy,5,4,5
SQ,Italy,Philippines,7,5,7
AZ,Germany,United States,0,0,0
IZ,Spain,Israel,0,4,0
IB,Spain,France,0,0,0
EK,Italy,Japan,21,7,21
PW,Tanzania,Tanzania,0,1,0
AZ,Italy,Mexico,0,27,0
OZ,Italy,,0,0,0
AF,Italy,Madagascar,6,6,6
AY,Italy,Japan,6,4,6
TG,Thailand,Thailand,5,6,5
IB,Spain,Spain,15,11,15
HY,Uzbekistan,Kazakhstan,0,0,0
OB,Brazil,,0,4,0
FR,France,Italy,58,57,57
JU,Serbia,Spain,5,3,5
BA,Italy,Mexico,15,36,15
W6,Italy,Montenegro,12,5,12
WS,Italy,Canada,5,17,5
VT,French Polynesia,French Polynesia,0,0,0
LH,United States,United States,0,20,0
7C,South Korea,Guam,1,1,1
SQ,United Arab Emirates,Indonesia,0,0,0
FR,Portugal,Portugal,12,29,12
IB,Colombia,Italy,3,3,3
TK,Italy,Uzbekistan,2,14,2
NO,Spain,Italy,5,9,5
EY,Switzerland,Indonesia,0,0,0
SL,Thailand,Thailand,0,8,0
KM,Malta,France,0,0,0
PC,Italy,Turkey,172,363,170
LH,Italy,,0,29,0
AZ,United States,Italy,7,12,7
LH,Italy,El Salvador,0,8,0
W6,Italy,France,118,192,117
AZ,Italy,Thailand,2,2,2
BA,United States,Italy,11,4,11
OD,Australia,Indonesia,0,1,0
TS,Italy,,0,2,0
LH,Italy,Aruba,0,1,0
JL,Japan,Japan,2,6,2
VA,Australia,Australia,7,2,7
AF,Morocco,,0,0,0
NO,Italy,Senegal,21,4,21
EY,United Arab Emirates,India,0,3,0
IB,Italy,Panama,2,6,2
IB,France,Italy,2,1,2
AF,Italy,Mauritius,1,8,1
SP,Portugal,Portugal,4,6,4
UX,Spain,Spain,8,8,8
AZ,Egypt,Italy,3,6,3
PR,Malaysia,Japan,1,1,1
GF,Italy,Thailand,0,8,0
ET,Italy,São Tomé and Príncipe,0,9,0
W6,Spain,Italy,84,46,83
AZ,Germany,Italy,12,25,12
LG,Italy,Luxembourg,3,9,3
KU,Saudi Arabia,Morocco,0,4,0
SV,Germany,Thailand,0,0,0
FR,Italy,Israel,16,33,16
W6,Italy,Romania,201,183,199
LX,Italy,United States,18,44,18
LH,Italy,Singapore,4,4,4
EK,Philippines,United Arab Emirates,2,0,2
KL,Netherlands,Switzerland,1,0,1
LH,Belgium,Germany,1,0,1
FR,Morocco,Italy,33,82,33
U2,Italy,Denmark,15,4,15
FZ,Italy,Tanzania,17,22,17
AV,Costa Rica,Brazil,0,1,0
OD,Thailand,Malaysia,0,8,0
EN,Italy,Cuba,0,5,0
H8,Peru,United States,0,1,0
EW,Germany,Romania,2,1,2
TP,Italy,Argentina,0,2,0
OU,Croatia,Bosnia and Herzegovina,0,1,0
KL,Italy,Denmark,3,0,3
IB,United Kingdom,Spain,1,0,1
LH,Ecuador,Italy,0,2,0
BA,Austria,United Kingdom,1,0,1
AV,Peru,United States,2,0,2
VY,Portugal,Netherlands,0,1,0
AZ,Haiti,Italy,0,1,0
LX,Italy,Iceland,0,1,0
W6,Italy,Peru,0,1,0
AK,Singapore,Malaysia,0,4,0
AD,Portugal,Brazil,0,5,0
TP,Italy,Spain,3,20,3
LX,Netherlands,Italy,0,1,0
FR,United Kingdom,Germany,2,5,2
FR,Italy,Pakistan,0,4,0
KL,Austria,Netherlands,1,1,1
ET,Italy,Ivory Coast,0,1,0
BA,Poland,United Kingdom,2,0,2
AZ,Brazil,Italy,1,11,1
JU,Italy,Croatia,0,5,0
VY,Italy,Chile,1,5,1
EY,Italy,Philippines,8,8,8
W6,Italy,Tunisia,0,1,0
AC,Canada,United States,1,7,1
CX,Italy,Philippines,1,2,1
KL,Italy,Germany,4,5,4
KL,United Kingdom,United States,0,1,0
AF,Italy,Ivory Coast,1,0,1
LH,Italy,Republic of Kosovo,0,1,0
LH,Netherlands,Argentina,0,2,0
VY,Spain,Switzerland,2,0,2
OS,Denmark,Austria,1,0,1
LJ,South Korea,Guam,1,0,1
VY,Spain,France,4,0,4
FI,United States,Norway,0,2,0
NO,Italy,Kenya,3,1,3
BA,Egypt,United Kingdom,0,1,0
QR,Vietnam,Kenya,0,2,0
TB,Morocco,Italy,0,3,0
S4,Portugal,Canada,1,1,1
LH,Italy,Mexico,0,8,0
TP,Morocco,Italy,2,3,2
AV,Nicaragua,Mexico,1,0,1
A3,Portugal,Italy,0,5,0
MS,Italy,Lebanon,0,1,0
VY,Spain,Netherlands,2,1,2
TK,Turkey,Tanzania,0,1,0
KL,Germany,Hong Kong,2,0,2
LX,Italy,Mozambique,0,1,0
KE,Italy,Thailand,1,0,1
KE,United States,United States,0,1,0
DX,Italy,Italy,0,38,0
OW,Kenya,Kenya,3,6,3
W6,Bulgaria,Italy,3,2,3
W6,Oman,Italy,0,1,0
AF,France,Brazil,2,0,2
UX,Portugal,Italy,0,5,0
IB,Dominican Republic,Italy,0,1,0
AV,Colombia,Italy,0,2,0
EW,Germany,Switzerland,1,0,1
KL,Italy,Madagascar,1,0,1
PC,Georgia,Italy,1,4,1
FR,Poland,Denmark,4,3,4
W6,Italy,Thailand,0,7,0
AM,Italy,Peru,0,3,0
KL,Germany,United States,0,3,0
BY,Spain,United Kingdom,2,0,2
W6,Italy,Australia,0,2,0
TP,Spain,Brazil,0,1,0
EY,Germany,Thailand,2,0,2
TS,Netherlands,Canada,1,0,1
DL,United States,Brazil,1,0,1
LY,Israel,Italy,0,2,0
QR,Italy,Kenya,0,1,0
AA,United Kingdom,United States,3,0,3
A3,Greece,Turkey,4,2,4
CA,Italy,Taiwan,0,4,0
AY,Germany,New Caledonia,1,0,1
JQ,Australia,United States,1,0,1
FR,Netherlands,Greece,1,0,1
SV,Saudi Arabia,Kazakhstan,0,1,0
AZ,United Kingdom,Italy,5,11,5
AF,Norway,Italy,2,0,2
LS,Italy,Republic of Ireland,0,2,0
MS,Italy,Jordan,0,1,0
PC,Romania,Turkey,1,0,1
FR,Czech Republic,United Kingdom,0,1,0
DY,Italy,Denmark,16,22,16
EW,Italy,Hungary,1,0,1
WS,United Kingdom,Canada,0,3,0
TK,Italy,Oman,1,1,1
AF,Ghana,Italy,1,0,1
AV,Mexico,Argentina,1,0,1
U2,Portugal,Morocco,1,0,1
TK,United Arab Emirates,Italy,1,0,1
LH,Belgium,Italy,3,0,3
SN,Armenia,Belgium,1,0,1
L9,Italy,Egypt,0,1,0
QS,Italy,,0,1,0
TK,France,,0,3,0
W6,Italy,India,0,42,0
AA,United States,Costa Rica,3,0,3
NZ,New Zealand,New Zealand,1,4,1
5W,Maldives,Italy,0,4,0
AA,United States,Mexico,2,0,2
BA,United Kingdom,United Arab Emirates,1,0,1
CI,Indonesia,United States,0,4,0
AY,Spain,,0,1,0
TW,South Korea,South Korea,0,1,0
H4,Romania,Romania,0,1,0
BA,Italy,Antigua and Barbuda,1,0,1
AV,Canada,Aruba,0,1,0
W6,Poland,United Kingdom,1,0,1
ET,Italy,Madagascar,9,21,9
TK,Turkey,Italy,11,40,11
VY,United Kingdom,Italy,13,8,13
LA,Spain,Uruguay,0,2,0
IU,Indonesia,Italy,0,3,0
U2,Portugal,,0,1,0
CZ,China,China,0,4,0
EK,Italy,South Korea,0,2,0
QR,South Africa,Italy,2,1,2
KL,Italy,Singapore,1,1,1
9U,Italy,Georgia,0,1,0
BT,Italy,Norway,0,1,0
VB,Mexico,Cuba,3,5,3
W6,Italy,Iceland,40,34,40
SQ,Italy,Thailand,20,28,20
W6,Italy,Maldives,0,19,0
2B,Albania,Italy,0,15,0
"",Argentina,Italy,5,0,5
LA,Chile,Canada,0,2,0
FR,Italy,Maldives,0,1,0
EW,Albania,Germany,0,1,0
AZ,Maldives,Italy,1,0,1
LH,United Kingdom,Mexico,0,1,0
FR,Sweden,Poland,5,0,5
KC,Uzbekistan,Kazakhstan,0,1,0
WY,Italy,,0,1,0
AF,Sweden,Tunisia,1,0,1
DM,Mexico,,0,1,0
AZ,Italy,Germany,19,67,19
U2,Portugal,Italy,65,21,64
AZ,Italy,Portugal,3,10,3
AF,Italy,Denmark,0,1,0
TP,Morocco,Romania,0,3,0
OG,Iceland,United Kingdom,1,0,1
V7,France,Italy,16,6,16
QR,United Kingdom,Australia,0,2,0
W6,Cyprus,Armenia,1,2,1
OS,Italy,Canada,0,1,0
LX,Italy,Maldives,0,3,0
W6,Spain,Maldives,0,1,0
LX,Spain,Italy,1,4,1
CA,Italy,Hong Kong,0,6,0
MK,Italy,Mauritius,12,1,12
EY,India,Italy,1,5,1
LH,Italy,Saudi Arabia,2,0,2
ET,Italy,Seychelles,13,8,13
OS,Austria,Switzerland,0,3,0
ET,Italy,Argentina,0,2,0
4Z,Namibia,Angola,0,1,0
BA,United States,France,1,0,1
MH,Vietnam,Italy,0,2,0
UA,United States,Singapore,1,0,1
AZ,Italy,Iceland,0,1,0
JQ,Malaysia,Singapore,1,0,1
DV,Kazakhstan,Turkey,0,1,0
BA,Italy,The Bahamas,2,0,2
IB,Italy,China,0,1,0
AF,Italy,Japan,15,7,15
FR,United Kingdom,Denmark,1,2,1
FR,Italy,Jersey,0,2,0
QR,Italy,Philippines,5,2,5
SK,Italy,Poland,1,0,1
AD,Brazil,Uruguay,0,1,0
SG,Saudi Arabia,India,2,0,2
RO,Romania,France,0,1,0
CM,Colombia,United States,0,1,0
LX,Italy,Philippines,0,4,0
PG,Thailand,Thailand,34,24,34
FD,Cambodia,Thailand,0,4,0
MS,Portugal,Egypt,0,1,0
BA,United Kingdom,United States,7,4,7
BA,Italy,Jersey,4,1,4
ZG,South Korea,Japan,1,4,1
LH,Italy,Hungary,0,3,0
PR,China,Thailand,0,1,0
TK,Germany,Italy,0,1,0
WS,United Kingdom,United States,0,1,0
W6,Italy,Argentina,0,1,0
TG,Sweden,Thailand,0,1,0
KL,Czech Republic,Luxembourg,1,0,1
AY,France,Thailand,1,0,1
QR,Germany,Indonesia,0,2,0
BA,Dominican Republic,United States,0,3,0
U2,Israel,France,1,0,1
AF,Norway,Romania,2,0,2
FZ,Maldives,Italy,0,1,0
KL,Italy,Republic of Ireland,1,4,1
JQ,Thailand,Singapore,4,0,4
MD,France,Madagascar,0,1,0
EK,Uganda,Italy,0,2,0
AZ,Italy,Netherlands,39,123,39
LH,Netherlands,Italy,4,6,4
EW,Switzerland,Czech Republic,0,3,0
IB,Spain,Peru,2,0,2
AV,Brazil,Aruba,1,0,1
W6,Italy,Azerbaijan,0,1,0
JU,Austria,Italy,0,1,0
AK,Malaysia,Malaysia,0,25,0
TR,Indonesia,Japan,2,6,2
CM,Venezuela,Brazil,0,1,0
BT,Norway,Italy,0,3,0
"",Colombia,Colombia,1,4,1
LX,Italy,Republic of Ireland,1,0,1
JU,Serbia,Turkey,1,0,1
UK,India,India,0,2,0
SN,Italy,Sweden,0,1,0
MS,Egypt,,0,2,0
AZ,Italy,China,0,19,0
JU,Serbia,Italy,5,2,5
OS,Switzerland,Moldova,1,0,1
AC,France,Canada,3,2,3
IB,Italy,Senegal,1,5,1
KL,United Kingdom,Netherlands,1,0,1
SN,Italy,Portugal,1,1,1
W6,Italy,Republic of Ireland,0,1,0
MS,Italy,China,0,1,0
LO,Japan,Italy,0,3,0
FR,Belgium,Morocco,0,2,0
SK,Iceland,Italy,0,1,0
AZ,Italy,Uzbekistan,0,1,0
DE,Switzerland,United States,1,0,1
U2,Italy,Turkey,0,1,0
AY,Spain,Finland,1,0,1
H4,Italy,,0,1,0
OS,Iraq,Italy,1,0,1
AC,The Bahamas,Canada,3,2,3
LA,Brazil,Italy,10,65,10
LH,Italy,South Korea,17,1,17
GA,Indonesia,Indonesia,0,3,0
U2,Malta,Italy,5,0,5
KE,Italy,Japan,9,28,9
BA,United Kingdom,Antigua and Barbuda,0,2,0
LX,Slovenia,Switzerland,2,0,2
QR,Indonesia,Italy,2,0,2
KL,Italy,Philippines,0,1,0
2Z,Brazil,Brazil,1,0,1
IB,Spain,Costa Rica,0,1,0
U2,Italy,United Kingdom,350,55,347
NK,United States,,0,6,0
EW,Italy,Spain,2,10,2
FR,Italy,Iceland,0,5,0
EK,Germany,Pakistan,0,4,0
FZ,Bangladesh,Saudi Arabia,0,3,0
LY,Israel,United States,2,0,2
BA,Switzerland,United Kingdom,0,2,0
TR,Japan,,0,1,0
AF,United Arab Emirates,France,0,1,0
LX,Luxembourg,Italy,1,2,1
EK,Italy,Philippines,1,4,1
WS,United States,Canada,0,2,0
A3,Turkey,Greece,1,0,1
WY,Italy,Oman,2,3,2
LA,United Kingdom,Brazil,0,5,0
FZ,United Arab Emirates,Thailand,1,0,1
QZ,Indonesia,Malaysia,0,1,0
AV,Argentina,United States,0,2,0
KE,South Korea,,0,1,0
NZ,United States,United States,0,1,0
FR,Italy,Tunisia,0,3,0
CA,China,China,0,3,0
AI,India,Kuwait,0,2,0
EK,Slovenia,Indonesia,4,0,4
QF,Australia,United States,0,1,0
VY,Croatia,Italy,5,1,5
FR,Republic of Ireland,Romania,0,4,0
TP,Canada,Greece,1,0,1
EY,South Korea,Italy,9,2,9
EY,Thailand,Italy,9,15,9
LX,Poland,Italy,2,0,2
LH,Germany,United Kingdom,2,1,2
FR,Finland,Italy,3,5,3
LX,Switzerland,Portugal,1,4,1
JT,Indonesia,,0,3,0
ET,Italy,Uganda,1,0,1
W6,Saudi Arabia,Romania,2,0,2
"",Republic of Macedonia,Switzerland,1,0,1
EK,Italy,United Arab Emirates,31,41,31
W9,Italy,United Kingdom,6,13,6
Y4,Mexico,Mexico,0,11,0
MU,Italy,China,0,10,0
FR,Austria,Germany,3,0,3
AF,Mexico,Italy,3,1,3
E5,Italy,,0,2,0
SP,Portugal,,0,2,0
LH,United States,Dominican Republic,0,2,0
UX,Spain,Mexico,0,2,0
QR,Germany,Japan,2,0,2
FR,Hungary,Belgium,1,0,1
V7,Italy,Germany,1,0,1
AZ,Italy,Norway,0,1,0
VY,Italy,United States,10,5,10
EK,Italy,Vietnam,4,2,4
AF,Italy,Namibia,0,1,0
QR,Italy,United Arab Emirates,3,0,3
V7,Spain,Morocco,1,1,1
JU,Italy,Montenegro,2,3,2
TK,Italy,Taiwan,0,1,0
ID,Singapore,Indonesia,0,5,0
ET,Guinea,Italy,1,0,1
IB,Belgium,Argentina,1,0,1
SK,Poland,Italy,1,0,1
AI,India,Nepal,0,1,0
TK,Italy,Azerbaijan,1,1,1
AF,Italy,Guinea,2,0,2
CI,Italy,Vietnam,0,1,0
CD,Netherlands,Greece,0,1,0
PC,Italy,United Arab Emirates,1,11,1
LX,Italy,Spain,9,9,9
VY,Spain,,0,1,0
AZ,Italy,Turkey,0,2,0
FR,France,Luxembourg,2,0,2
MS,Italy,Rwanda,0,3,0
VB,Colombia,Mexico,2,2,2
FR,Italy,Sri Lanka,0,2,0
PG,Singapore,Thailand,3,0,3
CA,Italy,Philippines,0,3,0
J2,Turkey,Azerbaijan,0,1,0
DL,Tunisia,,1,0,1
QR,Thailand,Egypt,0,1,0
DM,Dominican Republic,Jamaica,0,1,0
AA,United States,Anguilla,1,0,1
HF,Ivory Coast,Benin,0,1,0
DL,Italy,,20,0,20
AZ,Argentina,Italy,5,10,5
MS,Italy,South Africa,0,5,0
5J,Philippines,Thailand,1,0,1
TK,Turkey,Indonesia,0,1,0
OS,Armenia,Austria,0,6,0
PC,Italy,Iran,2,0,2
AF,France,Morocco,8,4,8
LH,Italy,Belgium,3,2,3
AF,Italy,Ghana,0,1,0
TW,South Korea,Japan,2,2,2
UX,Brazil,Spain,1,1,1
QR,France,Indonesia,0,1,0
VY,United Kingdom,Senegal,1,0,1
LH,Italy,Namibia,8,27,8
KL,Italy,Guadeloupe,1,0,1
SQ,Italy,Singapore,5,0,5
WY,Italy,India,0,3,0
Z0,United States,United Kingdom,2,2,2
AV,Colombia,Spain,3,2,3
EN,Germany,Italy,1,0,1
AH,Senegal,France,0,1,0
A3,Jordan,Greece,0,1,0
WO,United States,Canada,1,0,1
U2,Spain,United Kingdom,6,0,6
Z0,United States,Italy,1,12,1
A3,Cyprus,Italy,1,7,1
EY,Italy,India,1,4,1
EI,United Kingdom,United States,2,0,2
AV,Colombia,Mexico,1,0,1
OS,Serbia,Poland,1,0,1
RJ,Netherlands,Thailand,0,1,0
W6,Romania,Latvia,0,1,0
AF,Spain,Italy,1,0,1
QR,Qatar,Italy,0,1,0
EK,Australia,United Arab Emirates,1,0,1
RA,Qatar,Nepal,0,1,0
WF,Norway,Italy,0,3,0
FR,Bulgaria,Italy,16,11,16
MH,Indonesia,Malaysia,0,1,0
EW,Italy,Sweden,7,21,7
IB,Morocco,Romania,0,7,0
FD,Thailand,Indonesia,0,3,0
VY,France,Portugal,2,5,2
FR,Poland,Hungary,1,0,1
CZ,France,China,1,0,1
CM,Brazil,Mexico,2,0,2
Y4,Colombia,Spain,0,1,0
AF,Austria,France,2,0,2
BA,Denmark,Peru,0,1,0
F3,Saudi Arabia,Italy,0,1,0
LA,Chile,Mexico,0,1,0
IB,Italy,Ecuador,4,1,4
W6,Portugal,Italy,17,6,17
EK,United Arab Emirates,India,1,4,1
TK,Azerbaijan,Italy,0,1,0
BA,Italy,Hong Kong,1,1,1
TK,Pakistan,Italy,0,1,0
TP,Spain,Portugal,2,4,2
AF,Spain,France,3,0,3
XY,Saudi Arabia,Turkey,0,1,0
VY,Egypt,France,1,0,1
LH,Spain,Canada,0,1,0
OS,Austria,Germany,1,0,1
NK,Colombia,Netherlands,0,1,0
TK,Italy,Lebanon,1,8,1
NO,Greece,Italy,13,4,13
DY,Denmark,Norway,1,1,1
AF,United Kingdom,France,1,0,1
EI,United States,Belgium,0,1,0
MH,Italy,,0,1,0
OS,Italy,Cyprus,2,1,2
LO,Italy,Armenia,5,0,5
KL,Czech Republic,Netherlands,2,0,2
UA,Switzerland,United States,1,0,1
TR,Japan,Singapore,1,0,1
4Z,South Africa,Namibia,0,1,0
U2,Italy,Norway,0,2,0
FR,Italy,Republic of Ireland,114,192,113
IB,Mexico,Italy,5,3,5
KL,Italy,Peru,2,22,2
IB,Italy,El Salvador,12,3,12
SN,Italy,,0,4,0
FR,United Kingdom,Spain,4,2,4
PC,France,Turkey,4,1,4
TP,Portugal,Denmark,0,3,0
AA,Mexico,Italy,3,0,3
U2,France,France,14,2,14
SQ,Australia,Italy,5,0,5
LH,Angola,Italy,0,1,0
W6,Czech Republic,Italy,28,9,28
LH,Italy,Egypt,8,27,8
AF,Italy,Colombia,11,23,11
KL,Italy,Belgium,1,0,1
HV,Netherlands,Greece,2,1,2
2I,Peru,Peru,0,1,0
AM,Spain,Brazil,0,1,0
FR,Spain,Hungary,0,1,0
PC,Kyrgyzstan,Italy,1,0,1
VS,United Kingdom,United States,4,2,4
KL,Italy,Kenya,0,1,0
FM,China,South Korea,0,2,0
DE,Italy,Mauritius,2,0,2
LH,Germany,Thailand,2,0,2
QH,Vietnam,Italy,0,2,0
AZ,Italy,Indonesia,0,3,0
TS,Canada,Canada,2,0,2
TR,Singapore,Indonesia,3,1,3
BA,Netherlands,Italy,0,1,0
LI*,Switzerland,Egypt,0,2,0
U2,Italy,Belgium,0,1,0
TK,Slovenia,Maldives,1,0,1
AK,Thailand,Malaysia,0,6,0
U2,United Kingdom,Spain,4,0,4
LA,Chile,Italy,1,2,1
SV,United Kingdom,United Arab Emirates,0,1,0
"",United States,Spain,4,0,4
F3,Sudan,Italy,0,1,0
SV,Italy,Mauritius,2,5,2
TG,Australia,Italy,0,1,0
AR,Argentina,Spain,0,1,0
5F,Belgium,Moldova,0,1,0
U2,Italy,Morocco,52,9,51
CI,Italy,,0,1,0
SK,Italy,Thailand,0,5,0
FR,Spain,Malta,2,1,2
LA,United States,Chile,0,5,0
E9,Spain,Honduras,0,2,0
W6,Italy,Indonesia,0,2,0
OS,Italy,Hungary,5,6,5
LJ,Japan,South Korea,1,1,1
OS,Italy,Netherlands,1,2,1
FM,China,Italy,0,2,0
BQ,Italy,Denmark,1,0,1
HV,Senegal,France,0,1,0
SQ,Italy,Cambodia,0,1,0
JU,China,Serbia,0,9,0
G9,Italy,India,16,31,16
DL,Spain,United States,2,0,2
TP,Portugal,Belgium,1,0,1
MK,Mauritius,Italy,0,7,0
BA,Italy,Philippines,0,1,0
BA,Italy,India,1,0,1
UA,Peru,Spain,1,0,1
G8,India,Maldives,0,2,0
K6,Vietnam,Cambodia,0,1,0
PC,Turkey,Israel,0,1,0
DY,Italy,Greece,0,1,0
XZ,Italy,Albania,39,6,39
B6,United States,Canada,0,2,0
LX,Italy,Serbia,0,2,0
AF,Italy,South Africa,11,2,11
AF,Italy,Faroe Islands,0,10,0
BA,Italy,Gibraltar,0,1,0
SN,Italy,The Gambia,0,1,0
VY,Spain,Belgium,1,0,1
5W,Saudi Arabia,United Arab Emirates,1,0,1
VY,Italy,Canada,0,1,0
VY,Germany,France,0,1,0
FR,Denmark,Italy,13,43,13
VN,Vietnam,Italy,0,3,0
FR,Italy,Serbia,0,5,0
UR,Kenya,Uganda,0,1,0
FR,Slovakia,Croatia,0,2,0
KL,Spain,United States,2,2,2
NZ,Germany,New Zealand,0,2,0
U2,France,Morocco,2,1,2
W6,Republic of Kosovo,Italy,0,1,0
BA,Italy,Chile,1,2,1
AM,Guatemala,Italy,0,2,0
U2,Malta,Spain,0,1,0
AZ,Italy,Philippines,0,10,0
LX,Thailand,Luxembourg,0,1,0
BT,France,Estonia,1,1,1
AZ,Italy,Taiwan,0,3,0
AF,Netherlands,Italy,0,2,0
VA,Indonesia,Australia,1,0,1
BA,United Kingdom,Bermuda,0,3,0
LH,France,Canada,0,1,0
AR,Uruguay,Argentina,0,1,0
KS,Italy,Hungary,0,1,0
AZ,Italy,Denmark,0,1,0
UX,Paraguay,Portugal,0,1,0
U2,Belgium,France,1,0,1
KL,Norway,Italy,1,1,1
SK,Germany,China,0,1,0
AF,Italy,Georgia,0,1,0
KL,Italy,Georgia,0,1,0
LO,Hungary,Denmark,1,1,1
VY,Italy,Greece,39,65,39
ET,Italy,Tanzania,17,16,17
DY,Sweden,Italy,1,4,1
DY,Finland,Italy,3,0,3
LX,Portugal,Italy,1,0,1
LH,Croatia,Belgium,1,0,1
QR,Indonesia,Turkey,0,1,0
A3,Greece,Belgium,1,0,1
EK,Indonesia,Italy,2,0,2
FR,Italy,Egypt,0,10,0
OD,Indonesia,Malaysia,0,4,0
KL,Italy,Argentina,4,6,4
SQ,Netherlands,Australia,2,0,2
AA,United States,Turks and Caicos Islands,2,0,2
AM,Netherlands,El Salvador,0,2,0
PR,United Arab Emirates,Indonesia,0,4,0
LH,Italy,Croatia,1,0,1
AT,Senegal,Italy,1,1,1
KL,Netherlands,Italy,23,9,23
LA,Brazil,United Kingdom,5,1,5
AZ,Italy,Albania,12,57,12
G9,Italy,Pakistan,4,6,4
FR,Spain,,0,5,0
AF,France,Nepal,0,3,0
TK,Georgia,Italy,2,0,2
PC,Italy,Bahrain,0,1,0
OS,Austria,China,1,0,1
W6,Spain,Poland,1,1,1
2M,Belize,Belize,0,1,0
TK,Italy,Brazil,0,2,0
ET,Italy,Cameroon,1,0,1
ZB,Italy,Albania,0,34,0
OS,Italy,Poland,4,8,4
SK,France,,0,2,0
FR,Hungary,,0,4,0
W6,Italy,Pakistan,0,9,0
EW,Italy,Portugal,0,2,0
LH,France,Thailand,0,1,0
AY,Italy,South Korea,7,1,7
W6,Saudi Arabia,Italy,3,3,3
AS,United States,French Polynesia,0,1,0
AF,Italy,Netherlands,4,0,4
W6,Austria,United Arab Emirates,1,1,1
W6,United Arab Emirates,Netherlands,0,1,0
AF,Poland,Italy,1,0,1
UO,Hong Kong,Japan,0,1,0
AF,United States,French Polynesia,1,0,1
AZ,Italy,Mozambique,0,1,0
U2,Germany,Denmark,1,0,1
JU,Italy,Turkey,2,90,2
AR,Italy,Argentina,0,45,0
IU,Indonesia,Indonesia,0,13,0
W6,Italy,Cyprus,6,37,6
TK,Italy,Senegal,1,1,1
EK,Netherlands,United Arab Emirates,0,3,0
BA,Belgium,United Kingdom,1,0,1
MH,Thailand,Brazil,0,1,0
LH,Slovenia,United States,1,0,1
SQ,Cambodia,Italy,0,1,0
V7,Spain,Italy,12,13,12
HV,Netherlands,Italy,13,3,13
A3,Albania,Greece,1,3,1
HY,Italy,Uzbekistan,0,3,0
LA,Italy,Paraguay,0,2,0
AV,Spain,Colombia,2,6,2
AZ,Italy,Jordan,1,0,1
TK,Italy,Mexico,0,1,0
LO,Germany,Italy,0,1,0
AA,United States,United States,36,0,36
AA,Italy,United States,29,0,29
EK,Italy,India,9,4,9
AF,Chile,Italy,1,0,1
TK,Italy,Peru,0,3,0
VY,Italy,Colombia,1,2,1
JQ,Australia,Singapore,2,0,2
U2,France,United Kingdom,8,0,8
DY,Norway,Finland,0,1,0
TK,Italy,Afghanistan,0,4,0
LG,Luxembourg,Denmark,2,1,2
MF,Hong Kong,China,0,1,0
KU,Italy,Kuwait,0,1,0
OS,Greece,Italy,0,1,0
FR,Italy,Estonia,6,15,6
U2,Czech Republic,Italy,8,2,8
LX,France,Italy,1,0,1
JU,Switzerland,Montenegro,0,1,0
VN,China,Vietnam,0,1,0
6E,United Arab Emirates,Thailand,1,1,1
OS,Italy,Germany,7,7,7
UX,Portugal,United States,0,1,0
V7,Greece,Greece,9,9,9
LH,Italy,Poland,11,19,11
UA,Mexico,Italy,3,2,3
QR,Italy,Qatar,4,5,4
VY,Malta,Colombia,0,1,0
QR,Bangladesh,United Kingdom,2,1,2
AA,United States,,3,0,3
TK,Italy,Kazakhstan,3,5,3
EK,China,Italy,1,1,1
AF,Senegal,Italy,0,1,0
KL,United States,,0,1,0
A3,Italy,Cyprus,1,5,1
HV,Lebanon,France,1,0,1
B6,United States,Sint Maarten,0,1,0
EK,Philippines,Switzerland,1,0,1
VJ,Thailand,Vietnam,0,1,0
TK,Israel,Italy,0,1,0
FD,Laos,Thailand,0,1,0
SQ,Italy,Spain,23,3,23
W6,Hungary,Italy,30,16,30
GQ,Italy,Cyprus,0,2,0
SN,Italy,Greece,1,1,1
FR,Greece,Austria,1,0,1
IB,Italy,Bolivia,0,4,0
UA,Italy,Canada,0,8,0
FR,Poland,Austria,0,1,0
EI,Republic of Ireland,United States,2,0,2
FR,Czech Republic,Belgium,1,0,1
FR,Spain,Poland,1,0,1
AV,Peru,Spain,1,0,1
G9,Italy,Bangladesh,3,1,3
3O,Italy,Morocco,93,47,92
UX,Spain,Italy,5,11,5
UA,Italy,,6,6,6
FR,Romania,France,0,8,0
FR,Sweden,Italy,13,21,13
PC,Italy,,0,26,0
TK,Italy,Kuwait,2,8,2
LY,Germany,Israel,1,0,1
W6,Uzbekistan,Italy,0,1,0
LS,United Kingdom,Italy,2,4,2
AY,Finland,Italy,4,2,4
TK,Germany,Japan,0,2,0
"",Peru,Colombia,1,0,1
EN,Italy,,0,3,0
V7,Italy,Morocco,0,5,0
VY,Spain,Italy,109,108,108
FR,Austria,Bulgaria,2,0,2
AV,Colombia,Colombia,12,10,12
EW,United Kingdom,Germany,1,1,1
BA,Italy,Dominican Republic,0,3,0
F8,Mexico,Canada,0,1,0
SQ,Australia,,0,2,0
TG,India,Thailand,1,0,1
AK,Indonesia,Italy,0,1,0
HV,France,Netherlands,0,2,0
VJ,Hong Kong,Indonesia,0,2,0
GF,Greece,Australia,0,1,0
JU,Italy,Cyprus,0,3,0
UX,Panama,Italy,0,1,0
W6,Germany,Albania,1,1,1
LH,Italy,Colombia,1,12,1
MS,Italy,Ethiopia,0,3,0
W6,Estonia,Italy,2,1,2
U2,France,Spain,8,3,8
SN,Italy,United Kingdom,1,2,1
TK,Bulgaria,Indonesia,0,2,0
DE,Italy,Canada,4,0,4
V7,Spain,Spain,0,3,0
U2,United Kingdom,Bulgaria,1,0,1
VN,Switzerland,Vietnam,0,1,0
AH,Senegal,Italy,0,2,0
LH,Italy,Argentina,12,7,12
TK,Serbia,Turkey,0,1,0
NK,Peru,United States,0,1,0
FZ,Italy,Bangladesh,0,1,0
VY,The Gambia,Italy,0,1,0
F9,Guatemala,Italy,0,2,0
LX,Italy,Czech Republic,1,3,1
PC,Italy,Oman,0,1,0
EK,Italy,Malaysia,6,0,6
NO,Italy,,0,2,0
U2,Italy,Nepal,0,1,0
FR,Norway,Spain,0,3,0
ET,Senegal,Italy,2,2,2
FR,Republic of Ireland,Germany,1,0,1
YS,Tanzania,Tanzania,1,0,1
GQ,Greece,Italy,4,19,4
LX,Italy,Switzerland,12,29,12
VY,Portugal,Italy,1,0,1
BA,Germany,United Kingdom,1,2,1
VY,Spain,United Kingdom,1,0,1
LH,Germany,Portugal,1,0,1
TP,Portugal,United States,1,0,1
DO,Dominican Republic,United States,0,1,0
OS,Italy,Iceland,1,0,1
U2,Italy,Netherlands,391,39,387
S4,Italy,Portugal,1,4,1
CA,Italy,,0,4,0
LM,United Kingdom,Jersey,1,1,1
AA,Italy,,6,0,6
LA,Argentina,France,0,2,0
KL,France,United States,0,1,0
U2,Netherlands,Denmark,1,0,1
FZ,United Arab Emirates,Maldives,0,1,0
NZ,Italy,New Zealand,1,0,1
W6,Poland,Italy,16,18,16
LH,Norway,Italy,6,3,6
QR,Italy,Indonesia,32,73,32
AC,Canada,Canada,3,0,3
EY,Italy,Malaysia,5,5,5
SV,Italy,Singapore,1,2,1
XZ,Italy,Portugal,0,1,0
LH,United States,Italy,4,5,4
ZA,Cambodia,Thailand,0,1,0
A3,Italy,Georgia,0,2,0
TR,Germany,Thailand,0,1,0
U2,United Kingdom,Greece,1,0,1
RA,Nepal,India,0,1,0
BQ,Italy,Italy,1,0,1
TK,Kazakhstan,Italy,0,1,0
FZ,Oman,Italy,1,0,1
A3,Cyprus,Greece,1,1,1
U2,United Kingdom,Austria,1,0,1
AZ,Italy,Canada,0,6,0
LX,Italy,Netherlands,1,3,1
KL,Italy,Ecuador,4,12,4
AF,France,Cuba,1,1,1
Z9,Malaysia,Malaysia,0,2,0
LG,Portugal,Luxembourg,0,2,0
RJ,Jordan,Italy,0,4,0
FD,Thailand,Laos,0,2,0
SQ,Italy,Cook Islands,0,1,0
LO,Croatia,Latvia,0,1,0
OS,Austria,Jordan,0,1,0
LH,Tunisia,,0,1,0
TK,Turkey,Maldives,1,0,1
FZ,Pakistan,Azerbaijan,1,0,1
UO,Thailand,Hong Kong,0,1,0
QR,Hong Kong,Italy,1,0,1
LX,Italy,Belgium,1,18,1
GF,Italy,United Arab Emirates,0,7,0
KL,Italy,Nigeria,2,1,2
TP,United States,Italy,3,11,3
U2,Luxembourg,Italy,7,4,7
OS,Bulgaria,Italy,4,1,4
VY,Italy,,0,14,0
QR,Germany,United Arab Emirates,1,0,1
H4,Moldova,Italy,0,2,0
IB,Germany,United States,1,0,1
FR,Germany,Hungary,0,1,0
VS,United Kingdom,Jamaica,0,1,0
TK,Italy,Philippines,0,7,0
IB,Austria,Spain,1,0,1
FR,Norway,Croatia,0,1,0
AV,Spain,Nicaragua,1,0,1
BA,Italy,Pakistan,0,2,0
TU,Senegal,Italy,0,1,0
FR,Poland,Poland,3,0,3
EW,Sweden,Italy,1,0,1
AR,Argentina,United States,0,1,0
GW,Costa Rica,Costa Rica,0,1,0
AA,United States,Dominican Republic,3,0,3
"",Spain,United States,4,0,4
LO,Italy,South Korea,0,3,0
TK,Italy,Malaysia,2,4,2
KL,Italy,France,11,0,11
JU,Montenegro,Serbia,0,1,0
TR,Indonesia,Singapore,0,1,0
EW,Germany,Spain,3,0,3
LH,Luxembourg,Italy,1,2,1
H2,Peru,Canada,0,1,0
LH,Italy,Angola,1,0,1
SK,United States,United States,0,1,0
KL,Dominican Republic,Canada,0,1,0
I2,Spain,Spain,21,0,21
FR,France,Portugal,0,2,0
FR,Lithuania,Italy,2,6,2
AZ,Italy,Malta,11,16,11
U2,United Kingdom,Germany,2,1,2
AK,Thailand,Italy,0,7,0
K6,Cambodia,Cambodia,0,6,0
EW,Germany,Chile,0,1,0
AK,Thailand,Australia,0,1,0
KL,Republic of Ireland,Italy,1,0,1
JU,Italy,Hungary,0,1,0
DL,United Kingdom,United States,1,0,1
AV,United States,Argentina,1,0,1
AF,Italy,Panama,2,1,2
TS,Canada,Spain,0,1,0
T7,Italy,Tunisia,0,1,0
AF,Germany,United States,0,1,0
ET,Italy,,0,3,0
AF,France,Italy,31,13,31
EK,Italy,Australia,21,9,21
TP,Italy,Canada,0,1,0
KI,Malaysia,Malaysia,0,1,0
SN,Italy,Netherlands,0,4,0
RJ,Israel,Jordan,1,2,1
3O,Morocco,Romania,0,1,0
EI,Canada,Italy,0,1,0
XZ,Italy,Netherlands,0,1,0
AF,France,South Korea,2,0,2
TK,Moldova,Turkey,0,1,0
IB,Morocco,Spain,1,3,1
V7,Italy,India,0,1,0
VY,Argentina,Spain,1,9,1
FR,United Kingdom,Poland,1,3,1
VY,Italy,Senegal,0,1,0
IB,Spain,Panama,2,0,2
KL,Spain,Canada,0,1,0
DY,Netherlands,Sweden,0,1,0
UX,Spain,Cuba,0,1,0
SQ,Indonesia,Singapore,1,0,1
LO,China,Italy,1,0,1
SN,Netherlands,Italy,0,1,0
EK,Spain,Thailand,1,0,1
W6,Egypt,Italy,20,7,20
ET,Madagascar,Italy,2,0,2
AM,Italy,Mexico,0,18,0
W6,Italy,Uzbekistan,0,6,0
SN,Slovenia,Sweden,0,3,0
NO,Italy,Maldives,3,0,3
SN,Italy,Cuba,0,1,0
JQ,Japan,Japan,4,0,4
LH,Tunisia,Italy,1,0,1
AT,France,Morocco,0,2,0
TR,Indonesia,Thailand,0,2,0
AT,Italy,Benin,2,4,2
AY,Norway,Spain,2,0,2
DE,Italy,Mexico,3,0,3
W9,United Kingdom,Italy,9,8,9
AS,United States,Croatia,0,2,0
ET,Djibouti,Italy,1,0,1
EK,Singapore,Italy,1,1,1
W6,Cyprus,Italy,1,2,1
5W,Kazakhstan,United Arab Emirates,1,1,1
G9,Sri Lanka,Italy,1,0,1
Y9,Canada,Canada,0,1,0
UX,Italy,Nicaragua,0,1,0
AR,Chile,Argentina,0,9,0
AT,Senegal,Spain,3,9,3
"",Italy,Argentina,4,0,4
W6,Greece,Italy,16,17,16
TP,Italy,The Gambia,1,0,1
PC,Italy,Saudi Arabia,0,1,0
AC,United States,United States,0,1,0
V7,Denmark,France,1,0,1
SQ,Thailand,Italy,0,1,0
CI,Japan,Spain,0,1,0
AM,Italy,Colombia,0,1,0
UX,Spain,Honduras,0,1,0
IB,Honduras,Italy,0,3,0
AM,Italy,Argentina,0,2,0
JZ,Peru,,0,1,0
IB,France,Portugal,0,1,0
BY,United Kingdom,United States,1,0,1
XQ,United Arab Emirates,Italy,0,1,0
TP,Italy,Cape Verde,8,7,8
U2,Spain,Portugal,18,0,18
EK,Italy,United States,106,8,105
UX,Italy,Argentina,3,26,3
V7,Spain,Portugal,0,2,0
AA,Mexico,The Bahamas,3,0,3
QR,Italy,Hong Kong,3,2,3
PC,Switzerland,Egypt,0,1,0
AY,Italy,India,3,0,3
FR,Republic of Ireland,Italy,15,21,15
SY,United States,United States,0,10,0
TK,Italy,Iran,8,23,8
"",Colombia,Mexico,0,1,0
RJ,Italy,,0,1,0
EY,United Arab Emirates,Indonesia,0,1,0
TK,Sudan,Italy,0,1,0
FI,Finland,United States,0,1,0
W6,Poland,Georgia,1,0,1
U2,Italy,Australia,2,0,2
TK,United States,Israel,0,1,0
KE,Malaysia,South Korea,0,1,0
AC,United Kingdom,Canada,1,0,1
FR,Poland,United Kingdom,2,0,2
XZ,Romania,Italy,4,3,4
W6,Romania,United Kingdom,7,0,7
LX,Italy,Germany,9,10,9
W6,Italy,Afghanistan,0,3,0
TU,Italy,Ivory Coast,0,1,0
W6,Hungary,Greece,0,1,0
LH,Kuwait,Italy,1,0,1
BA,France,Australia,1,0,1
BR,Austria,Japan,0,1,0
LH,Italy,Germany,148,182,147
QR,Italy,South Korea,2,5,2
KQ,Italy,Tanzania,0,6,0
RJ,Jordan,Jordan,1,1,1
SN,United Kingdom,Ghana,3,1,3
LH,Italy,Hong Kong,3,2,3
KQ,Italy,Madagascar,0,1,0
KL,Germany,Netherlands,1,0,1
DL,Canada,Italy,1,0,1
SM,Italy,,0,2,0
FR,Malta,Luxembourg,1,0,1
VY,Morocco,Italy,0,2,0
FA,South Africa,South Africa,0,3,0
LO,Poland,Norway,1,0,1
LH,Switzerland,Lithuania,0,1,0
KL,Italy,Cuba,1,0,1
LX,Italy,Singapore,16,5,16
LX,Italy,Norway,0,5,0
FR,Netherlands,Poland,0,1,0
FR,Portugal,Morocco,1,0,1
XQ,Turkey,Italy,1,0,1
SA,South Africa,Namibia,0,1,0
QR,Sudan,Italy,0,1,0
LX,Italy,Canada,0,6,0
LO,South Korea,Italy,0,1,0
ET,Kenya,Italy,7,5,7
BA,United States,The Bahamas,0,1,0
UX,Portugal,Spain,5,1,5
IB,Spain,Cuba,2,0,2
FR,Portugal,Germany,0,8,0
CA,Italy,Cambodia,0,1,0
FZ,United Arab Emirates,Italy,1,1,1
"",Tanzania,Tanzania,2,0,2
W6,France,Greece,0,1,0
HV,Germany,France,1,0,1
TK,Ghana,,0,1,0
CA,Italy,China,2,50,2
FR,Austria,Jordan,0,7,0
FZ,Italy,Maldives,2,8,2
VR,Italy,Cape Verde,0,3,0
CA,Hong Kong,Italy,0,3,0
SG,India,India,2,2,2
W6,Italy,Malta,0,6,0
LA,Italy,,0,3,0
TK,Croatia,Singapore,1,0,1
JL,Mexico,Singapore,0,1,0
U2,Italy,United States,2,6,2
BA,Italy,Canada,1,11,1
U2,United Kingdom,United Kingdom,5,0,5
UP,The Bahamas,United States,0,3,0
KE,Japan,Italy,1,0,1
W6,Italy,Denmark,0,4,0
FR,United Kingdom,Finland,0,1,0
DY,Denmark,Spain,0,2,0
UX,Argentina,Spain,0,1,0
FR,Denmark,Portugal,0,1,0
SK,Sweden,Tunisia,0,1,0
AM,Sweden,Mexico,0,3,0
LO,Slovenia,Japan,0,4,0
W6,Bulgaria,Spain,3,4,3
AF,Italy,French Polynesia,0,3,0
TR,Singapore,Thailand,2,0,2
LX,Italy,Japan,4,7,4
OZ,South Korea,Japan,4,3,4
QF,Italy,,0,7,0
AT,Italy,Ivory Coast,0,2,0
FR,Spain,Denmark,1,3,1
KS,Italy,Italy,2,1,2
FR,Republic of Ireland,Belgium,0,1,0
QF,French Polynesia,Italy,0,2,0
CA,Italy,Vietnam,0,1,0
FR,Poland,Italy,54,46,53
E5,Italy,Egypt,30,83,30
AZ,Italy,Greece,16,71,16
W6,Italy,Austria,34,62,34
A3,Italy,Lebanon,1,10,1
LH,Italy,Cuba,0,12,0
V7,Italy,Egypt,0,1,0
U2,Republic of Kosovo,Italy,0,1,0
LO,Egypt,United States,1,0,1
OS,Hungary,Italy,1,0,1
OS,Italy,New Zealand,0,2,0
AF,Italy,Nigeria,2,3,2
LX,Brazil,Italy,1,0,1
PC,Norway,Turkey,0,1,0
AF,Italy,Brazil,6,21,6
IB,Spain,Morocco,0,6,0
LH,Republic of Ireland,Italy,3,0,3
EK,Italy,Hong Kong,2,1,2
AS,Italy,United States,0,1,0
PC,Turkey,United Kingdom,1,0,1
HV,Austria,Tunisia,1,0,1
LO,Italy,India,0,7,0
U2,Denmark,Italy,7,3,7
ET,Mozambique,Guinea-Bissau,0,1,0
XY,Saudi Arabia,Saudi Arabia,0,1,0
AM,Colombia,Italy,0,4,0
A3,Germany,Egypt,0,2,0
SK,Sweden,Denmark,1,0,1
E5,Sudan,Egypt,1,1,1
WS,Canada,Canada,3,0,3
W9,Slovenia,United Kingdom,1,0,1
IB,France,Spain,1,3,1
TP,Italy,Portugal,108,325,107
FR,Italy,Indonesia,0,1,0
SN,Belgium,Italy,20,19,20
W6,Republic of Macedonia,Italy,4,7,4
QR,Malaysia,Italy,1,0,1
TK,Italy,Cameroon,0,2,0
SN,United States,United States,0,3,0
AF,France,France,6,7,6
AF,Italy,Argentina,6,4,6
LH,Italy,Costa Rica,0,4,0
BA,United States,Mexico,0,2,0
W6,Israel,Austria,0,1,0
TU,Guinea,Italy,0,1,0
TB,France,Morocco,0,2,0
HV,Iceland,Italy,1,0,1
B6,United States,United States,0,17,0
TK,Germany,Iran,3,9,3
FR,Italy,Mexico,0,3,0
FR,Spain,Portugal,10,10,10
U2,Iceland,Italy,3,0,3
FR,Spain,Belgium,3,3,3
HC,Italy,Senegal,0,9,0
TS,France,Canada,0,1,0
EW,Germany,Denmark,1,0,1
EY,United Arab Emirates,Italy,18,1,18
FR,Spain,Tunisia,0,2,0
PC,United Arab Emirates,Italy,0,3,0
OK,Italy,Czech Republic,0,3,0
IT,Taiwan,South Korea,0,1,0
BT,Germany,Latvia,0,1,0
U2,United Kingdom,Jordan,1,0,1
JU,Republic of Macedonia,Italy,1,0,1
LH,Italy,Paraguay,0,1,0
TS,Canada,Tunisia,0,1,0
VS,United Kingdom,The Bahamas,0,2,0
MK,United Arab Emirates,Mauritius,1,0,1
BR,Italy,Vietnam,0,1,0
QR,United Arab Emirates,Italy,2,0,2
E9,Cuba,Spain,2,3,2
DE,Italy,United States,11,0,11
LH,Brazil,Italy,2,2,2
EI,United Kingdom,Canada,3,0,3
ET,Mozambique,Italy,1,0,1
UP,United States,The Bahamas,0,2,0
OA,Greece,Montenegro,0,1,0
JQ,Australia,United Arab Emirates,0,1,0
QR,Tanzania,Italy,0,1,0
AI,Italy,South Korea,0,1,0
FR,Morocco,France,1,3,1
BT,Estonia,Lithuania,0,1,0
KL,Denmark,Italy,2,0,2
LH,Italy,Jordan,1,0,1
SV,Italy,South Korea,0,1,0
FR,Croatia,Italy,5,12,5
LX,Switzerland,Italy,4,24,4
LH,Italy,Oman,3,3,3
AK,Malaysia,Indonesia,0,8,0
WY,India,Italy,0,2,0
AK,Malaysia,Singapore,0,2,0
LX,Germany,Switzerland,2,0,2
TK,Slovenia,India,0,6,0
FD,Thailand,,0,5,0
TK,Slovenia,Indonesia,2,0,2
TC,Kenya,Tanzania,0,1,0
LH,Italy,Georgia,2,0,2
AV,Argentina,Guatemala,2,3,2
EK,Italy,Mexico,0,1,0
A3,Slovenia,Greece,0,1,0
LO,Italy,,0,2,0
NT,Portugal,Portugal,0,1,0
BJ,Tunisia,Germany,0,2,0
U2,France,Italy,182,48,180
OS,Republic of Macedonia,Italy,2,0,2
TP,Mozambique,Italy,0,2,0
HV,Italy,,0,11,0
PD,Canada,Canada,1,0,1
FR,Serbia,Italy,0,1,0
LH,Switzerland,United States,0,1,0
HV,Belgium,Spain,1,0,1
OG,Iceland,Italy,0,1,0
GE*,South Africa,South Africa,1,0,1
AY,Finland,Germany,1,0,1
D7,Japan,,0,5,0
FR,Malta,Greece,0,2,0
U2,Italy,Philippines,0,1,0
KU,Italy,India,0,2,0
MS,Italy,Japan,0,3,0
AF,Canada,Italy,5,0,5
LX,Switzerland,United States,4,2,4
MS,Egypt,Morocco,0,2,0
AF,Lebanon,Sweden,1,0,1
FZ,Tanzania,Italy,0,2,0
G9,Italy,Malaysia,15,5,15
FR,Italy,,0,160,0
FR,Italy,Cyprus,29,39,29
UA,Italy,United States,65,36,64
AC,Bermuda,The Bahamas,1,1,1
A3,Greece,Italy,18,29,18
D7,Japan,Maldives,0,6,0
SK,Italy,Iceland,3,10,3
AF,France,Mauritius,1,0,1
KL,Germany,Italy,3,7,3
XZ,Italy,Israel,2,0,2
HV,Netherlands,Spain,0,1,0
HV,Spain,France,1,0,1
EY,Singapore,Italy,1,2,1
IB,United Kingdom,Italy,1,0,1
FR,Sweden,Sweden,1,0,1
FR,Italy,Albania,0,14,0
LH,Italy,Spain,8,3,8
AK,Malaysia,,0,5,0
PU,Spain,Peru,0,3,0
DL,French Polynesia,United States,1,0,1
H2,Peru,Italy,0,1,0
AZ,Greece,Italy,4,9,4
FR,Montenegro,Croatia,0,1,0
U2,Portugal,Portugal,17,1,17
AZ,Italy,Chile,0,6,0
BA,Chile,Italy,3,8,3
FR,Portugal,Denmark,0,1,0
PU,Spain,Venezuela,0,1,0
BW,Trinidad and Tobago,Italy,0,1,0
FR,Latvia,Sweden,0,1,0
U2,Italy,Indonesia,0,1,0
E5,Egypt,Saudi Arabia,0,1,0
W6,Morocco,Italy,37,16,37
DL,United States,Aruba,2,0,2
RA,India,Nepal,0,2,0
AF,Italy,Chile,4,3,4
KL,Italy,Finland,2,0,2
OS,Italy,Sweden,2,3,2
Z2,Philippines,Malaysia,0,2,0
OS,Italy,Maldives,0,1,0
KL,Italy,United Arab Emirates,1,1,1
LA,Colombia,Italy,0,3,0
AI,Italy,Singapore,0,1,0
CM,Ecuador,Italy,0,1,0
AI,Italy,India,0,31,0
KL,Italy,Puerto Rico,7,2,7
CY,Cyprus,Italy,1,2,1
W6,Montenegro,Italy,1,3,1
TU,Tunisia,France,0,1,0
EN,Italy,Japan,0,4,0
LA,Brazil,United States,0,1,0
OS,United Kingdom,United States,3,0,3
G4,United States,United States,1,2,1
NZ,Canada,New Zealand,0,1,0
SN,Switzerland,United States,0,1,0
TK,Italy,Saudi Arabia,0,1,0
2W,Cuba,Italy,0,2,0
EK,Vietnam,Italy,0,2,0
5W,Serbia,Maldives,0,1,0
AT,United Kingdom,Morocco,0,1,0
SV,Lebanon,Philippines,0,1,0
EK,France,Sri Lanka,1,0,1
LO,South Korea,Romania,0,1,0
SV,Italy,Thailand,12,30,12
A3,Italy,Turkey,0,12,0
7P,Panama,Panama,0,6,0
CX,Italy,Australia,1,2,1
JU,Serbia,Montenegro,1,1,1
FR,Italy,Luxembourg,6,13,6
FZ,Italy,Thailand,4,13,4
DY,Italy,,0,10,0
W6,Italy,Norway,0,2,0
J9,Saudi Arabia,Nepal,1,0,1
TP,Cape Verde,Italy,0,2,0
LH,Germany,Colombia,0,3,0
XZ,Israel,Italy,2,0,2
W6,Turkey,Italy,0,4,0
LA,Peru,Brazil,0,1,0
AZ,Italy,Paraguay,0,6,0
VY,Portugal,France,1,0,1
VY,Denmark,Italy,1,0,1
FR,Netherlands,Republic of Ireland,0,1,0
EY,Indonesia,Italy,1,0,1
IB,El Salvador,Italy,1,1,1
IB,Italy,Puerto Rico,0,4,0
FR,Italy,Tanzania,0,1,0
W6,United Arab Emirates,Italy,7,3,7
U2,Italy,Malta,49,15,49
SM,Egypt,Egypt,0,4,0
QR,Germany,Pakistan,1,0,1
AY,Italy,Iceland,3,6,3
KL,Netherlands,Lithuania,1,0,1
NO,Cape Verde,Italy,1,0,1
BZ,Italy,Israel,0,1,0
RO,Greece,Italy,0,1,0
Z2,Philippines,,0,4,0
DL,Italy,Cayman Islands,2,0,2
PC,Italy,Afghanistan,0,1,0
FY,Singapore,Malaysia,1,0,1
LX,France,Israel,1,0,1
MS,Italy,,0,8,0
AZ,Italy,Maldives,2,7,2
QR,France,Japan,1,1,1
SV,Italy,Philippines,4,16,4
TK,Bulgaria,India,0,1,0
W6,Germany,Serbia,3,0,3
DY,France,Denmark,1,6,1
CA,Italy,Singapore,0,1,0
PC,Kuwait,Italy,0,1,0
LX,Switzerland,Israel,0,1,0
ET,Italy,Burundi,0,1,0
LH,Italy,Kazakhstan,0,1,0
U2,France,Tunisia,0,1,0
LX,Italy,China,1,3,1
T6,Philippines,Philippines,0,4,0
NO,Italy,Cuba,20,7,20
ET,Italy,Comoros,1,0,1
PC,Iraq,Italy,0,2,0
LH,United Kingdom,Honduras,0,1,0
LA,Brazil,Argentina,0,2,0
VY,France,United Kingdom,1,0,1
SV,Italy,Egypt,0,1,0
VY,Italy,Italy,42,62,42
EK,Italy,Thailand,102,13,101
DD,Thailand,Vietnam,0,5,0
ET,Italy,South Africa,3,2,3
GF,Pakistan,Italy,0,4,0
TK,Slovenia,Turkey,5,1,5
OG,United States,Italy,0,4,0
TW,Japan,South Korea,3,2,3
OU,Denmark,Croatia,0,1,0
LA,Italy,Peru,0,5,0
FZ,Albania,United Arab Emirates,1,0,1
OS,Germany,Austria,1,0,1
LH,Germany,Greece,1,3,1
A3,Greece,United Kingdom,0,1,0
FR,Italy,Algeria,0,4,0
JQ,Singapore,Indonesia,0,1,0
BJ,Germany,Tunisia,0,1,0
AY,Spain,United States,1,0,1
A3,Germany,Italy,0,1,0
LO,Moldova,Poland,0,1,0
MS,Egypt,Egypt,0,33,0
LH,Italy,Japan,17,43,17
2B,Italy,Albania,0,99,0
VA,Australia,Italy,0,4,0
SV,Italy,Kenya,0,3,0
EK,France,Thailand,1,0,1
TR,Japan,Greece,0,1,0
FR,Italy,Dominican Republic,0,5,0
MH,Malaysia,Indonesia,0,1,0
TP,Italy,Chile,0,1,0
AT,Italy,The Gambia,0,2,0
F8,Canada,Canada,0,1,0
SM,Saudi Arabia,Italy,0,1,0
W6,Austria,Israel,1,0,1
CU,Spain,Cuba,0,1,0
SQ,Singapore,Italy,1,1,1
LH,Austria,Brazil,0,1,0
DD,Thailand,Thailand,6,20,6
TP,Portugal,Switzerland,6,0,6
AF,Brazil,Italy,0,3,0
U2,Croatia,Italy,5,1,5
WE,Thailand,Thailand,3,8,3
T7,Italy,France,0,3,0
BA,United States,Spain,3,0,3
AF,Netherlands,France,2,0,2
9U,Italy,Turkey,0,1,0
LH,Italy,Czech Republic,2,8,2
U2,Portugal,France,6,0,6
HV,France,Morocco,0,1,0
DY,Sweden,Finland,0,1,0
DY,Norway,Norway,0,2,0
FR,Romania,Spain,0,1,0
QZ,Thailand,Indonesia,0,1,0
MH,Malaysia,Vietnam,1,0,1
SN,Belgium,Austria,0,1,0
U2,Italy,Israel,19,3,19
IB,Italy,Dominican Republic,20,6,20
EK,Philippines,Italy,1,4,1
TK,Moldova,Canada,0,2,0
LH,Italy,Peru,0,5,0
TP,Brazil,United Kingdom,0,2,0
W6,Belgium,Bulgaria,1,0,1
SQ,Italy,Malaysia,0,1,0
W6,Albania,Spain,0,1,0
KL,Ecuador,Italy,3,2,3
HO,China,Thailand,0,1,0
U2,Morocco,Italy,16,2,16
OS,Germany,Italy,3,3,3
FR,Italy,Moldova,0,7,0
DV,Uzbekistan,Kazakhstan,0,2,0
W6,Albania,Hungary,0,1,0
TK,Italy,Qatar,6,2,6
XQ,Italy,Turkey,0,1,0
FR,Belgium,Romania,0,1,0
IT,Taiwan,Japan,0,1,0
LX,Italy,Lebanon,1,0,1
TP,Portugal,São Tomé and Príncipe,1,0,1
LH,United Kingdom,United States,0,1,0
EK,Austria,Seychelles,1,0,1
OA,Greece,Greece,10,12,10
LH,Italy,Austria,2,7,2
DY,Italy,Finland,2,6,2
EK,Italy,Ecuador,0,11,0
BA,Italy,Maldives,1,1,1
LX,China,Italy,0,1,0
I5,India,India,1,2,1
TK,Croatia,,0,1,0
FR,Spain,Czech Republic,1,0,1
AF,Italy,United Arab Emirates,0,1,0
FR,Germany,France,0,1,0
EK,Portugal,Thailand,2,2,2
EK,Japan,Italy,1,0,1
OS,Italy,Belgium,0,1,0
EN,Italy,Brazil,0,1,0
OV,Thailand,Italy,0,1,0
VY,France,Italy,68,25,67
W6,Italy,Czech Republic,121,122,120
VY,Italy,United Kingdom,58,51,57
UX,Italy,Colombia,9,14,9
FD,Indonesia,Thailand,0,1,0
LH,Italy,Bolivia,0,7,0
QR,Bangladesh,Italy,6,0,6
EI,Germany,Canada,2,0,2
FZ,Italy,Kenya,0,1,0
BF,France,United States,2,0,2
UA,Italy,Nicaragua,0,1,0
AK,Malaysia,Maldives,0,1,0
AF,Guinea,Canada,1,0,1
EK,Germany,Sri Lanka,1,0,1
OZ,Italy,South Korea,1,0,1
UX,Netherlands,Cuba,0,1,0
JU,Italy,Egypt,0,16,0
LH,Turkey,United Kingdom,3,7,3
TK,Germany,Turkey,2,5,2
IB,Portugal,Spain,9,3,9
FR,Spain,Austria,1,0,1
FR,Spain,Netherlands,2,1,2
VY,United States,Spain,0,1,0
AF,Italy,Ecuador,0,2,0
HV,Netherlands,Lebanon,1,0,1
5J,United Arab Emirates,Philippines,0,1,0
V7,Italy,Spain,43,29,43
VZ,Thailand,Thailand,0,28,0
EK,Italy,South Africa,12,1,12
V7,Luxembourg,Spain,0,1,0
SK,Denmark,Italy,1,5,1
AV,Colombia,Bolivia,3,3,3
DT,Namibia,Angola,0,2,0
V7,France,France,1,1,1
A1,South Africa,,0,1,0
BY,Mexico,United Kingdom,2,0,2
EK,France,Italy,0,1,0
AY,Italy,Finland,36,13,36
SQ,Japan,Italy,3,0,3
BY,Italy,United Kingdom,11,0,11
FR,Italy,Thailand,0,4,0
UX,Italy,Ecuador,1,0,1
UX,Cuba,Italy,0,3,0
AF,Hong Kong,Italy,1,1,1
FR,Luxembourg,Republic of Ireland,0,1,0
HC,The Gambia,Italy,0,1,0
BA,Germany,Italy,2,0,2
OR,Netherlands,Aruba,1,0,1
KL,Italy,Iceland,3,10,3
6E,Turkey,India,0,2,0
AF,Italy,Guadeloupe,9,4,9
AZ,Italy,Cameroon,0,2,0
QR,Italy,Nepal,2,3,2
G9,Italy,United Arab Emirates,6,0,6
AV,Bolivia,Aruba,1,0,1
AZ,Japan,Italy,3,0,3
KQ,Italy,Zambia,0,1,0
DE,Canada,Italy,0,1,0
5W,United Arab Emirates,Kazakhstan,0,1,0
AH,Algeria,Ivory Coast,0,1,0
DY,Italy,Norway,13,53,13
PC,Czech Republic,Turkey,1,0,1
U2,Italy,Jersey,0,4,0
NO,Mexico,Italy,3,1,3
LA,Portugal,Brazil,1,3,1
TK,Italy,China,0,2,0
SN,Belgium,Spain,3,0,3
OS,Italy,Switzerland,0,1,0
SV,Spain,Indonesia,1,0,1
DY,Hungary,Norway,0,1,0
AY,Norway,Italy,2,0,2
HA,United States,United States,0,6,0
TK,Italy,India,1,9,1
EW,Germany,Poland,1,1,1
TP,Italy,Morocco,4,9,4
AZ,India,Italy,1,7,1
SV,Italy,Indonesia,0,2,0
UA,United States,Italy,2,6,2
ME,Lebanon,Belgium,1,3,1
AZ,Italy,Finland,0,6,0
6H,Israel,Israel,0,2,0
AF,Romania,France,0,1,0
AZ,France,Jordan,1,0,1
HC,Italy,Ivory Coast,0,1,0
TK,Turkey,United States,1,0,1
BA,Saudi Arabia,Italy,0,1,0
LO,Latvia,Italy,0,1,0
CM,Uruguay,Mexico,1,2,1
OS,Italy,Egypt,3,7,3
LO,Germany,Romania,0,1,0
SK,Italy,United Kingdom,2,1,2
W9,Turkey,United Kingdom,1,0,1
OS,Italy,Mauritius,0,1,0
BA,Spain,United States,0,2,0
OS,United States,United States,0,1,0
U2,Italy,India,0,3,0
W6,Poland,Norway,1,0,1
AZ,Italy,Colombia,0,10,0
EK,Italy,China,3,7,3
KL,Italy,India,0,2,0
JT,Australia,Indonesia,0,2,0
SN,Italy,Canada,0,3,0
SN,Sweden,Tunisia,0,1,0
FR,Italy,Norway,11,48,11
FR,Morocco,Spain,10,14,10
PD,United States,Canada,2,15,2
BA,Italy,,29,60,29
TK,Venezuela,Italy,1,2,1
NO,Italy,Iceland,2,0,2
TK,Japan,Italy,3,0,3
AF,Guadeloupe,Italy,0,2,0
LO,Italy,United States,0,1,0
LH,Italy,Luxembourg,1,1,1
PC,Italy,Pakistan,2,3,2
TK,Italy,Cambodia,0,1,0
OS,Belgium,Italy,0,1,0
UK,India,Italy,0,1,0
3O,Turkey,Morocco,1,0,1
3S,Guadeloupe,Martinique,0,1,0
TP,United States,Spain,0,2,0
KL,Italy,Costa Rica,0,5,0
VY,Italy,Bolivia,2,0,2
CX,Hong Kong,Malaysia,1,0,1
Q4,Cuba,Mexico,0,3,0
ID,Indonesia,Indonesia,0,16,0
TK,Benin,Italy,0,1,0
HV,Italy,Portugal,0,2,0
FI,Germany,United States,0,1,0
AF,Italy,Spain,0,1,0
AR,Spain,Argentina,0,1,0
KM,Malta,Colombia,0,1,0
HV,Italy,France,45,78,45
AT,Benin,Italy,0,4,0
KL,Netherlands,Germany,1,0,1
MU,China,China,0,1,0
FR,Hungary,Portugal,0,3,0
LO,Luxembourg,Poland,1,0,1
BA,United Kingdom,Barbados,0,1,0
3F,Italy,Armenia,0,4,0
AF,Italy,Cuba,13,6,13
UX,Italy,United States,4,8,4
U2,France,Germany,4,3,4
W6,Italy,Serbia,4,12,4
AH,Algeria,Tunisia,0,1,0
W6,Italy,Turkey,0,6,0
EK,Australia,Germany,1,0,1
TR,Thailand,Singapore,2,0,2
BA,Romania,France,1,0,1
BX,South Korea,Japan,0,3,0
DL,Italy,Peru,1,0,1
BF,United States,France,1,0,1
LX,Sweden,Switzerland,1,0,1
SV,Egypt,Indonesia,0,1,0
U2,Denmark,Morocco,0,1,0
JQ,Singapore,Australia,1,0,1
LH,Italy,United Kingdom,14,7,14
W6,France,Italy,39,26,39
BA,Belgium,India,2,0,2
TK,Italy,Egypt,6,9,6
FR,Montenegro,United Kingdom,0,1,0
AI,India,Tanzania,0,1,0
TK,Italy,Argentina,1,0,1
ET,Italy,Nigeria,0,1,0
OS,Thailand,Luxembourg,0,1,0
FR,Spain,Greece,1,1,1
S4,Portugal,Italy,2,0,2
TP,Luxembourg,Portugal,0,1,0
FD,Thailand,Thailand,0,56,0
XZ,Italy,Romania,38,9,38
FR,Italy,Sweden,47,78,47
VY,Italy,Portugal,0,14,0
TP,Spain,Italy,7,2,7
U2,France,Belgium,2,0,2
UX,Italy,Costa Rica,0,2,0
FR,Belgium,France,3,1,3
AF,Italy,Norway,0,2,0
TB,Cape Verde,Italy,0,1,0
NO,Italy,Jordan,0,2,0
LG,Luxembourg,,0,1,0
SN,Greece,Italy,1,0,1
FD,Thailand,Vietnam,0,9,0
FR,United Kingdom,United Kingdom,4,2,4
PC,Georgia,Turkey,0,2,0
LH,Germany,Mexico,4,1,4
EK,Pakistan,United Arab Emirates,1,0,1
AA,Switzerland,United States,1,0,1
LH,France,Germany,2,0,2
LH,Poland,Germany,1,1,1
EY,Philippines,Italy,0,1,0
B6,United States,,0,2,0
AM,Guatemala,Thailand,0,1,0
FR,Malta,France,0,2,0
VY,Italy,Spain,498,886,493
E9,Cuba,Italy,0,1,0
AC,Italy,The Bahamas,0,3,0
JA,Peru,Peru,0,5,0
W6,Italy,United States,0,6,0
EK,Italy,Canada,0,1,0
LH,United Arab Emirates,Italy,1,0,1
U2,Italy,France,843,96,835
QR,Japan,Italy,1,1,1
VN,Vietnam,Vietnam,3,1,3
KM,Italy,Spain,0,10,0
HU,Thailand,China,0,1,0
KL,United States,United States,0,2,0
FR,Italy,Argentina,0,6,0
TR,Greece,Singapore,0,1,0
LH,South Korea,Italy,1,0,1
ET,Italy,Namibia,5,5,5
FR,Greece,Italy,64,57,63
TK,Italy,Japan,5,18,5
N0,United States,Italy,3,9,3
QR,Italy,China,0,7,0
QR,Italy,India,3,7,3
G9,Pakistan,Azerbaijan,1,0,1
SY,United States,,0,4,0
KL,Italy,Morocco,2,0,2
CX,Australia,Italy,0,1,0
TK,Italy,Bosnia and Herzegovina,0,1,0
GF,Italy,Philippines,0,2,0
JU,Italy,New Zealand,0,1,0
KL,United States,Sweden,0,1,0
FR,Malta,Italy,30,21,30
MM,South Korea,Japan,0,1,0
OS,Italy,Greece,0,9,0
AA,Turks and Caicos Islands,United States,3,0,3
TK,Hungary,Malaysia,0,3,0
SV,Italy,India,0,7,0
H4,Italy,Moldova,0,12,0
FR,Netherlands,Portugal,0,1,0
8B,Indonesia,,0,2,0
LH,Sweden,Italy,4,1,4
UX,Spain,Greece,0,2,0
5W,United Arab Emirates,Oman,2,2,2
PC,France,Iran,0,3,0
VY,Spain,Spain,45,41,45
AZ,Netherlands,Italy,10,36,10
W6,Austria,United Kingdom,1,1,1
I2,Spain,Portugal,0,1,0
BA,Norway,South Africa,1,0,1
FR,Republic of Ireland,Portugal,1,0,1
EI,Germany,Republic of Ireland,1,1,1
SK,Denmark,Iceland,1,0,1
BA,Antigua and Barbuda,United Kingdom,1,0,1
U2,Italy,Cyprus,20,0,20
FR,France,Hungary,0,1,0
RJ,Italy,Jordan,1,16,1
EW,Italy,United Kingdom,2,5,2
W6,Italy,Georgia,3,0,3
AZ,Albania,Italy,2,4,2
LH,Germany,Argentina,1,0,1
UX,Spain,Portugal,1,0,1
LO,Egypt,Italy,0,6,0
KM,Italy,,0,6,0
TK,Mongolia,Italy,1,2,1
RJ,Saudi Arabia,Jordan,1,0,1
LO,Switzerland,Japan,0,1,0
W6,United Kingdom,Greece,0,1,0
AF,Denmark,Italy,1,1,1
LA,Spain,Argentina,2,1,2
LO,United States,Albania,0,1,0
OS,Italy,Bulgaria,2,3,2
LX,Italy,Egypt,2,2,2
AV,Spain,Ecuador,2,0,2
FR,Czech Republic,France,0,1,0
5J,Philippines,Vietnam,0,1,0
W6,Italy,Lithuania,3,0,3
LH,Italy,Latvia,1,0,1
LX,Italy,Indonesia,0,4,0
EN,Italy,Germany,2,0,2
ET,Democratic Republic of the Congo,Italy,1,0,1
FR,Czech Republic,,0,1,0
PG,Thailand,Laos,1,0,1
OB,Bolivia,,0,1,0
QR,Lebanon,Malaysia,0,1,0
U2,Spain,Italy,137,7,136
OS,Italy,China,0,2,0
U2,Italy,China,0,1,0
EY,Malaysia,Italy,2,6,2
TK,Indonesia,Italy,0,6,0
TK,Italy,Eritrea,0,3,0
LH,Czech Republic,Italy,0,2,0
OS,Ethiopia,Germany,1,0,1
LA,Chile,Chile,0,3,0
IB,United States,Italy,1,1,1
VN,Vietnam,Cambodia,0,2,0
BA,Bulgaria,United Kingdom,1,0,1
AZ,Switzerland,Rwanda,0,1,0
EK,United Kingdom,Indonesia,1,0,1
OS,Italy,Albania,1,0,1
W6,Italy,Greece,154,210,152
KL,Italy,Nicaragua,0,1,0
QR,Italy,Bangladesh,2,1,2
AF,United Kingdom,Italy,1,0,1
SN,Italy,Armenia,1,0,1
XZ,Italy,Egypt,0,2,0
QR,Kenya,Italy,0,1,0
ID,Indonesia,Singapore,0,2,0
SQ,Spain,Indonesia,1,0,1
EK,Germany,Indonesia,2,0,2
UX,Switzerland,Brazil,0,1,0
LS,Italy,United Kingdom,31,17,31
KL,Italy,Thailand,0,2,0
TK,Italy,Kenya,15,18,15
RJ,Italy,Thailand,2,10,2
VY,United Kingdom,Spain,6,1,6
AD,Brazil,United States,0,1,0
FR,Austria,,0,4,0
XK,France,France,0,2,0
5J,Thailand,Philippines,1,1,1
LA,Brazil,Brazil,5,22,5
FR,Italy,Canada,0,4,0
BA,United Kingdom,Italy,20,16,20
VY,Italy,Denmark,3,0,3
J2,Italy,Azerbaijan,3,2,3
AZ,Morocco,Italy,0,3,0
6E,India,Italy,1,3,1
6E,United Arab Emirates,Singapore,1,1,1
W6,Germany,Romania,1,0,1
UX,Italy,Paraguay,1,1,1
CX,Switzerland,Thailand,1,0,1
KL,United States,The Bahamas,0,1,0
FI,United States,Italy,0,2,0
AA,United States,The Bahamas,12,0,12
PC,Italy,Kazakhstan,5,3,5
TK,Italy,Pakistan,2,5,2
A3,Italy,Armenia,0,1,0
LO,Germany,Fiji,0,1,0
AV,Mexico,Costa Rica,1,0,1
DY,Denmark,Portugal,0,1,0
V7,Greece,Italy,29,17,29
AF,Italy,Canada,14,14,14
LH,Italy,Switzerland,0,4,0
EI,United States,Italy,0,11,0
BT,Latvia,Italy,5,1,5
FR,Luxembourg,Italy,7,6,7
KC,Turkey,Kazakhstan,1,3,1
CM,Honduras,Italy,0,2,0
BA,France,United Kingdom,5,0,5
XZ,Italy,Morocco,0,3,0
KS,Romania,Hungary,0,1,0
W6,Italy,Saudi Arabia,32,32,32
NO,Dominican Republic,Italy,2,4,2
AF,Egypt,France,5,0,5
FR,Belgium,,0,2,0
EW,Germany,Sweden,1,0,1
CX,Italy,China,0,2,0
TG,Philippines,Thailand,0,1,0
NO,United States,Portugal,1,0,1
MH,Australia,Malaysia,1,0,1
IB,Spain,Portugal,1,0,1
CA,Italy,Thailand,0,17,0
AT,Italy,Senegal,2,7,2
3O,Morocco,France,1,0,1
EI,France,Republic of Ireland,2,0,2
FR,Bulgaria,Belgium,1,0,1
F8,Canada,,0,1,0
QR,Italy,New Zealand,0,1,0
KM,Italy,Israel,0,1,0
LO,Italy,Japan,0,29,0
UI,Tanzania,Tanzania,0,2,0
SN,Germany,Belgium,3,1,3
AF,Italy,Tanzania,0,4,0
LX,Spain,Bosnia and Herzegovina,1,0,1
DE,Germany,Greece,3,1,3
SK,Lithuania,Republic of Ireland,0,1,0
GF,Italy,,0,1,0
CX,Netherlands,China,0,2,0
GF,Philippines,Italy,0,1,0
FY,Malaysia,Malaysia,3,4,3
TK,Bulgaria,United Arab Emirates,0,1,0
6E,India,United Arab Emirates,0,1,0
TU,Egypt,Italy,0,2,0
PC,Spain,Turkey,0,1,0
OU,Croatia,Croatia,1,0,1
GQ,Italy,Uzbekistan,0,1,0
AF,The Bahamas,Italy,0,1,0
XQ,Italy,Nepal,0,1,0
W9,France,United Kingdom,1,0,1
FR,Cyprus,Italy,3,4,3
W6,Albania,Germany,2,0,2
QR,Italy,Seychelles,2,1,2
CI,Taiwan,Italy,0,5,0
AY,Finland,Portugal,1,0,1
AZ,Argentina,France,0,1,0
SN,United Kingdom,Senegal,2,0,2
NZ,Japan,French Polynesia,0,1,0
LH,Spain,Slovenia,1,0,1
OZ,Japan,United States,0,1,0
QR,Netherlands,Indonesia,1,0,1
LO,Romania,Denmark,1,0,1
ZG,United States,Japan,0,1,0
AD,Brazil,Italy,0,10,0
OU,Croatia,United Kingdom,0,1,0
ME,Italy,Lebanon,1,4,1
AF,Italy,Tunisia,2,2,2
E9,Costa Rica,Italy,0,3,0
LH,China,Italy,0,1,0
FR,Italy,Colombia,0,2,0
HV,France,Spain,1,1,1
SN,France,Belgium,1,0,1
EW,United Kingdom,Italy,0,1,0
AV,Uruguay,Mexico,1,0,1
FR,Italy,Turkey,0,59,0
KE,France,South Korea,1,0,1
AZ,Italy,Vietnam,0,8,0
NK,Colombia,Germany,0,1,0
SV,Italy,Pakistan,1,3,1
EW,Republic of Ireland,Italy,1,0,1
U2,Israel,Italy,2,0,2
LH,Italy,Serbia,0,1,0
EN,Italy,Sri Lanka,0,2,0
TN,United States,French Polynesia,0,1,0
EW,Austria,Germany,0,2,0
IW,Indonesia,Indonesia,0,5,0
MM,Japan,Thailand,0,1,0
JU,Italy,United Arab Emirates,0,1,0
RJ,Italy,United Arab Emirates,1,0,1
VY,Greece,Italy,4,3,4
TK,Egypt,Turkey,0,2,0
EK,Germany,Namibia,0,2,0
AV,Bolivia,Guatemala,1,0,1
GF,Italy,Pakistan,0,1,0
TK,Switzerland,Egypt,1,1,1
DE,Italy,Maldives,2,0,2
TR,Germany,Taiwan,0,1,0
EK,Thailand,France,1,0,1
VY,Chile,Italy,0,1,0
LX,Luxembourg,Switzerland,1,0,1
U2,Greece,Italy,81,6,80
W6,Italy,,0,42,0
WO,Canada,Cuba,2,0,2
UX,Italy,Bolivia,0,8,0
LO,Italy,Canada,0,4,0
LA,Argentina,United States,1,0,1
LX,Switzerland,Spain,1,2,1
JU,Spain,Bulgaria,0,1,0
JQ,Indonesia,Australia,2,2,2
5J,Philippines,United Arab Emirates,1,0,1
AZ,Italy,Latvia,1,0,1
LO,Poland,United States,0,1,0
KL,Spain,Italy,4,0,4
LA,Brazil,Belgium,0,1,0
AV,Peru,Italy,1,0,1
RO,Belgium,Romania,0,1,0
BA,United Kingdom,Germany,4,6,4
KL,Italy,Colombia,4,34,4
JU,Serbia,France,0,1,0
U2,Germany,Netherlands,1,0,1
VY,Italy,Poland,0,2,0
H2,Peru,Peru,0,6,0
AV,Ecuador,Italy,1,2,1
LH,Italy,Philippines,0,3,0
AZ,Italy,Seychelles,0,1,0
TK,France,Maldives,0,1,0
W9,United Kingdom,Israel,1,0,1
UA,United States,Dominican Republic,1,0,1
VY,Italy,Serbia,0,1,0
W6,Hungary,United Arab Emirates,1,0,1
KL,Italy,South Korea,0,1,0
EK,Kenya,Italy,3,0,3
KL,France,Netherlands,1,1,1
VY,Italy,Algeria,0,1,0
SQ,Singapore,Vietnam,1,0,1
LO,Italy,Moldova,0,1,0
AC,Netherlands,Canada,1,0,1
TP,Portugal,Brazil,0,1,0
TR,Singapore,Japan,1,0,1
X1,United Arab Emirates,Sri Lanka,0,1,0
AF,Italy,Sint Maarten,1,0,1
TP,Senegal,Italy,3,0,3
V7,Italy,Portugal,0,6,0
AS,United States,Canada,0,16,0
FR,France,Republic of Ireland,0,4,0
QR,Australia,Italy,5,7,5
FR,Poland,Spain,0,1,0
FR,Austria,Spain,0,1,0
SN,Italy,Togo,0,2,0
Y4,United States,Mexico,0,1,0
PC,Lebanon,Denmark,1,0,1
TS,Canada,Italy,0,2,0
TK,Italy,Chad,0,1,0
W6,Romania,Cyprus,1,0,1
W6,Iceland,Italy,8,1,8
LH,Italy,India,6,6,6
FR,Germany,United Kingdom,4,3,4
QR,Italy,Singapore,7,7,7
TK,Italy,Tanzania,2,13,2
DL,Switzerland,United States,3,0,3
AZ,Italy,India,4,9,4
EY,Italy,Oman,0,2,0
RJ,Italy,Lebanon,1,0,1
LG,Italy,Czech Republic,0,1,0
W6,Spain,Albania,0,5,0
NO,Italy,Madagascar,3,0,3
PC,Italy,Lebanon,1,2,1
"",Argentina,Spain,4,0,4
4Z,Mozambique,Italy,0,3,0
EY,India,Germany,4,0,4
BG,Bangladesh,Italy,0,1,0
QR,Germany,Nepal,1,0,1
JU,Albania,Slovenia,1,0,1
TK,Turkey,Germany,0,1,0
TK,United Kingdom,Ethiopia,0,1,0
LX,Switzerland,United Arab Emirates,1,0,1
V7,Italy,Greece,320,271,317
V7,Italy,Jersey,0,1,0
UX,Spain,Venezuela,0,1,0
VY,Italy,Republic of Ireland,0,11,0
G9,Italy,Nepal,1,14,1
W6,Italy,Republic of Kosovo,6,0,6
LH,Italy,Australia,0,3,0
AF,Denmark,Morocco,0,1,0
LH,Germany,,0,1,0
HV,Italy,Netherlands,37,54,37
U2,Egypt,Italy,11,0,11
DE,Switzerland,Spain,0,1,0
NO,Kazakhstan,Italy,2,1,2
LH,Poland,Italy,0,2,0
PC,Italy,Georgia,0,6,0
FR,Luxembourg,Spain,1,0,1
AV,Panama,Colombia,2,0,2
NO,Cuba,Italy,7,0,7
SN,Belgium,Norway,0,1,0
QZ,Malaysia,Indonesia,0,3,0
PC,Lebanon,Italy,0,3,0
FR,United Kingdom,Israel,0,1,0
FR,United Kingdom,Sweden,0,1,0
BG,Bangladesh,Saudi Arabia,0,2,0
EK,Italy,Pakistan,2,1,2
V7,France,Algeria,0,2,0
W6,Italy,Mexico,0,1,0
FR,Portugal,Republic of Macedonia,0,1,0
QR,Italy,Sri Lanka,2,8,2
MH,Italy,Japan,0,2,0
LO,Moldova,Serbia,0,1,0
VU,Vietnam,Vietnam,0,1,0
EN,Italy,Canada,1,0,1
FR,Norway,Italy,3,4,3
FR,Italy,Singapore,0,2,0
TK,Germany,India,0,4,0
W6,Spain,Romania,0,1,0
BA,United Kingdom,Spain,1,2,1
WS,Republic of Ireland,Canada,0,1,0
AF,Colombia,Italy,3,1,3
TK,Slovenia,United States,0,2,0
AT,Italy,Ghana,0,6,0
CI,Italy,Taiwan,0,2,0
TP,Belgium,Portugal,3,0,3
ET,Italy,Togo,1,1,1
TR,Greece,Australia,1,1,1
AS,United States,,0,1,0
AY,Finland,Denmark,1,0,1
ET,Ethiopia,Italy,1,0,1
PC,Turkey,Italy,32,49,32
IB,Chile,Italy,0,4,0
SK,United States,Italy,2,0,2
FR,Italy,United Arab Emirates,0,7,0
TB,Belgium,Morocco,0,1,0
5J,Philippines,Philippines,2,5,2
QF,Italy,United States,0,3,0
AV,Colombia,Canada,0,2,0
HV,France,Greece,1,1,1
W6,Republic of Macedonia,Netherlands,1,0,1
QR,United Kingdom,Ethiopia,0,1,0
HV,Portugal,France,1,0,1
LH,Switzerland,Brazil,0,1,0
BQ,Italy,Germany,2,0,2
OS,Poland,Italy,1,0,1
KL,Italy,Brazil,6,5,6
NK,United States,United States,10,18,10
FZ,Nepal,Italy,0,4,0
HC,Senegal,Italy,0,5,0
KL,Colombia,Italy,0,3,0
OS,Italy,Czech Republic,2,14,2
CI,Philippines,Japan,0,2,0
LO,Moldova,Estonia,2,2,2
GA,United Arab Emirates,Indonesia,0,3,0
MS,Germany,Uganda,0,2,0
UX,Uruguay,Philippines,0,1,0
ET,Italy,Burkina Faso,0,4,0
W9,United Kingdom,Albania,1,0,1
AF,France,Japan,1,0,1
SV,Saudi Arabia,,1,0,1
IB,Switzerland,Spain,0,1,0
W6,Israel,Italy,8,1,8
UA,United Kingdom,United States,2,0,2
FR,Germany,Croatia,0,3,0
AV,Chile,United States,1,0,1
W6,Serbia,Germany,1,0,1
FR,Italy,Finland,5,23,5
7C,South Korea,South Korea,4,3,4
W6,Italy,Israel,27,37,27
TP,Brazil,Italy,18,69,18
TK,Bangladesh,Italy,0,2,0
2W,Dominican Republic,Italy,0,3,0
SK,Norway,Sweden,0,1,0
PC,Turkey,Greece,0,1,0
XZ,Italy,Italy,625,56,619
JQ,Australia,Australia,29,5,29
W6,Italy,Bulgaria,24,58,24
EK,Argentina,United Arab Emirates,1,0,1
FR,Italy,Brazil,0,1,0
TK,Turkey,United Kingdom,0,5,0
AK,Sri Lanka,Malaysia,0,2,0
MK,France,Mauritius,0,1,0
TR,Singapore,Vietnam,0,2,0
LH,Italy,Ecuador,0,4,0
UX,Italy,Panama,1,2,1
AZ,Italy,Cuba,0,2,0
FR,Republic of Ireland,France,3,1,3
FR,Morocco,Portugal,1,0,1
LO,Italy,China,0,1,0
KM,Belgium,Malta,0,2,0
FR,Germany,,0,1,0
FR,Italy,Georgia,0,1,0
UX,United Kingdom,Spain,0,1,0
V7,Italy,Turkey,0,1,0
VY,Portugal,Spain,1,3,1
W6,Spain,Austria,1,0,1
W6,Jordan,Italy,7,7,7
AF,France,Netherlands,1,1,1
OZ,China,South Korea,0,1,0
ME,Switzerland,Egypt,1,0,1
W9,Egypt,United Kingdom,1,0,1
SK,Germany,Sweden,0,1,0
U2,Italy,Germany,97,15,96
AZ,Italy,Belgium,19,53,19
W6,Albania,Italy,48,52,48
TK,Thailand,Italy,1,2,1
LO,Poland,Italy,2,8,2
SV,Saudi Arabia,Malaysia,0,2,0
LH,Kenya,Italy,3,1,3
G9,Uganda,Italy,0,1,0
CX,Italy,Thailand,1,0,1
UL,United Kingdom,Sri Lanka,1,0,1
U2,France,Switzerland,2,0,2
HV,France,,0,1,0
MS,Italy,Namibia,0,1,0
U2,Netherlands,Spain,0,1,0
FB,Italy,Bulgaria,0,10,0
OB,Bolivia,Bolivia,0,3,0
FR,Germany,Spain,3,4,3
VY,Netherlands,Denmark,1,0,1
TX,France,United States,0,1,0
WY,Italy,Tanzania,0,4,0
AZ,Luxembourg,Italy,0,3,0
EK,Italy,Botswana,0,1,0
U2,Switzerland,Portugal,1,0,1
LA,Argentina,Italy,0,3,0
DL,Italy,Puerto Rico,1,0,1
AT,Italy,Mali,0,1,0
AZ,Italy,Nicaragua,0,1,0
W6,Romania,France,2,7,2
LH,Italy,Estonia,9,5,9
FD,Thailand,Italy,0,4,0
AZ,Italy,Saudi Arabia,0,3,0
AZ,Italy,Martinique,0,3,0
JU,Italy,China,0,1,0
FR,France,United Kingdom,0,1,0
TK,Slovenia,,0,1,0
KL,Sweden,Italy,0,1,0
NK,Mexico,United States,1,1,1
BA,Italy,United Kingdom,98,66,97
EK,Japan,Germany,2,0,2
QZ,Singapore,Indonesia,0,26,0
LH,Canada,Italy,2,4,2
MH,Japan,Australia,3,0,3
VS,Germany,Mexico,0,3,0
HV,Spain,Italy,1,1,1
AC,Argentina,Italy,0,3,0
FR,Italy,Faroe Islands,0,2,0
AH,Italy,Senegal,0,3,0
H2,Chile,Chile,0,3,0
KL,Italy,Aruba,0,1,0
EK,India,Italy,3,0,3
QR,Italy,Tanzania,2,2,2
AP,Cape Verde,Italy,0,1,0
W6,Germany,,0,3,0
TB,Italy,Morocco,0,2,0
VZ,Thailand,Vietnam,0,1,0
AI,India,Italy,0,18,0
FR,Spain,United Kingdom,1,2,1
SV,Switzerland,South Korea,2,0,2
ZL,Australia,Australia,3,3,3
LX,Italy,Hong Kong,6,0,6
DE,Italy,,1,0,1
W6,Hungary,Saudi Arabia,1,0,1
UX,Brazil,Italy,0,2,0
AF,Italy,New Zealand,0,1,0
EK,Kenya,Turkey,1,0,1
A3,Saudi Arabia,Albania,0,1,0
AY,South Korea,Italy,0,1,0
WY,Italy,Australia,0,8,0
GF,Italy,India,0,5,0
HV,France,Austria,1,0,1
OS,Austria,Netherlands,0,2,0
EW,Czech Republic,Italy,1,2,1
FR,Slovakia,Republic of Ireland,1,0,1
QS,Czech Republic,Italy,1,0,1
TK,France,United Arab Emirates,1,1,1
W6,Greece,Albania,2,0,2
QR,Thailand,Italy,6,5,6
BR,Italy,Indonesia,0,23,0
UX,Spain,Argentina,1,2,1
KR,Cambodia,Thailand,0,3,0
RJ,Lebanon,Canada,0,1,0
SN,Italy,Rwanda,2,0,2
LS,Cyprus,United Kingdom,3,0,3
QR,Qatar,Philippines,1,0,1
SK,Italy,Denmark,13,27,13
LX,Italy,Cuba,1,0,1
TU,France,Tunisia,0,7,0
AF,Switzerland,France,1,0,1
OK,Czech Republic,Italy,0,1,0
TR,Germany,Australia,0,1,0
U2,France,Netherlands,1,2,1
KL,Poland,Italy,0,1,0
AF,Italy,Kenya,0,1,0
WS,Canada,Italy,1,1,1
TP,Belgium,Brazil,0,4,0
SQ,Switzerland,Thailand,1,1,1
PK,Italy,Pakistan,1,0,1
DL,United Kingdom,,1,0,1
VN,Vietnam,Laos,0,2,0
FZ,Kazakhstan,Maldives,0,1,0
UA,United Kingdom,,4,0,4
IB,Morocco,Italy,2,1,2
OB,Bolivia,United States,0,1,0
OG,Italy,United States,0,1,0
VY,Spain,The Gambia,2,1,2
CM,United States,Costa Rica,0,1,0
W6,France,Spain,0,3,0
BZ,Israel,Italy,2,0,2
W6,Sweden,Italy,0,2,0
FR,Hungary,Italy,21,22,21
KL,Italy,United Kingdom,12,11,12
W6,Italy,Dominican Republic,0,2,0
SK,Norway,Norway,1,1,1
AD,Brazil,France,0,2,0
TK,Italy,Vietnam,0,4,0
OS,Belgium,Albania,0,1,0
FI,France,Iceland,3,0,3
OS,Italy,Finland,0,1,0
LH,Italy,Honduras,0,1,0
AY,Italy,Estonia,0,1,0
KL,Italy,Netherlands,94,84,93
KL,Italy,Hong Kong,4,7,4
WY,Italy,Philippines,1,9,1
SV,Italy,Malaysia,3,6,3
HC,Ivory Coast,Italy,0,1,0
VN,Vietnam,Malaysia,1,0,1
DL,France,,2,0,2
LX,Sweden,Italy,0,1,0
QV,Laos,Thailand,0,3,0
SK,Sweden,Spain,1,0,1
FZ,Italy,Nepal,1,1,1
QF,Italy,Australia,1,2,1
OV,Turkey,Thailand,0,1,0
EY,Germany,Singapore,0,1,0
BA,United Kingdom,France,3,3,3
EN,Italy,Sweden,0,1,0
FZ,Slovenia,Tanzania,1,0,1
KL,Sweden,Netherlands,2,4,2
KL,Peru,Italy,2,3,2
AZ,Italy,Ecuador,0,5,0
FR,Italy,Lithuania,8,12,8
AT,Italy,Burkina Faso,1,1,1
UX,Argentina,Italy,1,4,1
EK,United Arab Emirates,Netherlands,1,0,1
LX,Switzerland,United Kingdom,0,1,0
L9,Italy,Spain,0,1,0
AF,Italy,Peru,11,15,11
LX,Switzerland,Greece,0,2,0
VY,Switzerland,Spain,6,3,6
TS,United Kingdom,Canada,1,1,1
XZ,Italy,Greece,25,2,25
SK,Sweden,Italy,1,5,1
LH,Germany,United States,4,7,4
W6,Albania,France,2,2,2
BA,Germany,United States,2,1,2
SN,United Kingdom,Italy,1,0,1
7C,South Korea,Japan,2,2,2
W6,Italy,Tanzania,0,1,0
UX,Italy,Mexico,4,38,4
SN,Italy,Norway,0,4,0
LH,Italy,Romania,2,1,2
"",Italy,Chile,1,0,1
LH,Germany,Japan,1,2,1
TK,Italy,Panama,0,1,0
OS,Italy,Spain,3,3,3
F9,United States,,0,1,0
LO,Romania,Italy,0,1,0
LH,Thailand,Italy,0,2,0
AF,Germany,Italy,2,0,2
6H,Israel,Italy,0,1,0
TP,Portugal,Serbia,0,1,0
V7,Italy,Moldova,0,1,0
LO,Italy,Poland,1,6,1
SK,Luxembourg,Denmark,0,1,0
LX,Italy,Luxembourg,6,1,6
TK,Albania,China,0,3,0
AZ,Italy,Australia,0,7,0
LH,Italy,New Zealand,0,1,0
FR,France,Belgium,0,1,0
W6,Romania,United Arab Emirates,1,0,1
5J,China,Japan,0,1,0
TK,Italy,New Caledonia,0,2,0
AF,Italy,Switzerland,0,1,0
U2,France,Portugal,13,2,13
VJ,Vietnam,Vietnam,0,10,0
IB,Spain,Ecuador,1,1,1
VY,France,Spain,6,7,6
EI,United States,France,0,1,0
QR,Sri Lanka,Italy,1,0,1
LH,Italy,Netherlands,5,21,5
OB,Brazil,Bolivia,0,1,0
TK,Italy,Georgia,3,11,3
LH,Austria,United Kingdom,4,0,4
EK,Italy,Singapore,4,0,4
EN,Italy,Mexico,0,1,0
SV,Saudi Arabia,Saudi Arabia,1,1,1
QR,Turkey,Indonesia,0,1,0
3O,Spain,Morocco,0,1,0
QR,Italy,Namibia,1,4,1
KQ,Kenya,Tanzania,1,0,1
AC,Germany,Canada,0,1,0
TU,Tunisia,Senegal,0,1,0
TK,Turkey,Turkey,35,6,35
I2,Spain,Italy,8,0,8
AZ,Italy,Switzerland,6,18,6
MH,United Kingdom,Australia,0,1,0
3O,Italy,,0,6,0
OU,Italy,Croatia,0,2,0
W9,Italy,Argentina,0,1,0
UA,Argentina,Australia,0,1,0
EK,Spain,United Arab Emirates,1,0,1
FR,Italy,Cameroon,0,1,0
LH,France,Czech Republic,0,1,0
OS,Thailand,Italy,0,1,0
AV,Spain,Peru,1,0,1
B6,United States,Italy,0,1,0
TX,France,Martinique,0,1,0
LX,Austria,Italy,0,1,0
LH,Spain,Italy,2,1,2
JT,Indonesia,Indonesia,0,12,0
AY,Finland,Finland,3,3,3
LO,Italy,Azerbaijan,0,1,0
NO,Italy,Italy,7,4,7
KM,Italy,Greece,0,4,0
NO,Italy,Cape Verde,6,0,6
TK,Italy,Seychelles,0,1,0
AZ,Italy,Tanzania,0,3,0
UA,United States,,1,3,1
ZG,Japan,South Korea,1,0,1
6E,Singapore,India,0,1,0
AM,Italy,El Salvador,0,1,0
LA,Ecuador,Colombia,0,1,0
EY,Germany,Maldives,0,1,0
EK,Nepal,Italy,0,1,0
OS,Moldova,Austria,1,0,1
AV,Aruba,Spain,1,0,1
L9,Italy,Italy,0,40,0
LS,United Kingdom,Austria,0,1,0
3U,Italy,China,0,7,0
FR,Italy,Latvia,1,7,1
EW,Switzerland,Germany,1,0,1
SN,Ivory Coast,Italy,0,2,0
DY,Italy,Sweden,9,16,9
AH,France,Italy,2,0,2
SK,Norway,Italy,0,18,0
KQ,Central African Republic,Italy,0,1,0
U2,Italy,Dominican Republic,0,1,0
W6,Cyprus,Greece,0,1,0
EK,Australia,Italy,3,0,3
U2,Germany,France,1,0,1
LH,Italy,Republic of Ireland,2,1,2
6E,Nepal,India,2,3,2
TK,Pakistan,Netherlands,0,1,0
U2,Netherlands,Germany,2,0,2
Q4,Cuba,Cuba,0,1,0
W6,France,Serbia,0,1,0
WY,Tanzania,Italy,0,1,0
W6,Italy,Vietnam,0,1,0
TB,Spain,Italy,0,1,0
W6,Armenia,Italy,4,2,4
2W,Spain,Dominican Republic,0,4,0
EY,Japan,Italy,5,8,5
CM,Costa Rica,Cuba,4,0,4
EK,United Arab Emirates,Seychelles,0,1,0
AP,Italy,Italy,0,2,0
AI,Qatar,India,0,1,0
FR,Italy,Cape Verde,0,2,0
U2,Italy,Cape Verde,0,1,0
ET,South Africa,Italy,2,0,2
WS,Canada,United States,1,0,1
U2,France,Denmark,1,0,1
LH,France,Bulgaria,0,1,0
OZ,Japan,Italy,0,1,0
QR,Italy,Sudan,1,0,1
EK,Italy,Seychelles,15,10,15
VJ,Vietnam,Hong Kong,0,3,0
FR,Spain,Luxembourg,1,0,1
KL,Netherlands,United Kingdom,3,0,3
AY,France,Estonia,1,0,1
W6,France,Romania,2,1,2
LA,Brazil,,0,2,0
XZ,Italy,Spain,0,2,0
W6,Austria,Cyprus,1,0,1
QR,Hong Kong,United Kingdom,1,0,1
AZ,Italy,Cayman Islands,0,1,0
TP,Italy,Mozambique,0,1,0
KL,Netherlands,Spain,1,0,1
QH,Vietnam,Vietnam,1,0,1
KU,Qatar,Kuwait,2,0,2
TK,Germany,Azerbaijan,0,3,0
FO,Argentina,Argentina,7,0,7
LH,Serbia,Italy,2,0,2
PC,Italy,Kuwait,1,0,1
AF,Italy,India,0,1,0
WS,France,Canada,1,0,1
EI,United Kingdom,Republic of Ireland,1,1,1
9C,China,Thailand,1,0,1
LH,Denmark,Italy,5,0,5
N0,Italy,United States,46,8,46
AD,Italy,Brazil,0,1,0
AA,Canada,United Kingdom,1,0,1
W6,Italy,Estonia,3,0,3
LH,Germany,New Caledonia,0,1,0
LH,Italy,Mauritius,1,0,1
CI,Japan,Italy,1,0,1
IB,Ecuador,Italy,0,1,0
N0,Norway,United Kingdom,1,0,1
TK,France,Tanzania,0,2,0
AY,Italy,Singapore,3,1,3
FR,Germany,Poland,1,0,1
AF,Italy,Latvia,1,0,1
LH,United Kingdom,Italy,0,3,0
NH,Italy,Japan,1,0,1
OS,Italy,Montenegro,0,1,0
ET,Ghana,Italy,1,0,1
CA,Philippines,Italy,0,2,0
SK,Estonia,Latvia,0,1,0
OS,Italy,Norway,0,1,0
6I,Denmark,Italy,0,1,0
AC,Egypt,Canada,0,1,0
W9,Greece,United Kingdom,3,0,3
W6,Poland,Portugal,1,1,1
HV,France,Italy,15,13,15
TK,Italy,Ivory Coast,0,5,0
OD,Malaysia,Malaysia,0,6,0
EY,Switzerland,Japan,0,2,0
7C,Japan,South Korea,0,2,0
IB,Italy,Peru,5,4,5
MH,United States,United States,0,1,0
TK,Italy,Hong Kong,1,1,1
OS,Austria,France,1,0,1
TW,South Korea,Singapore,1,0,1
TP,Portugal,Cape Verde,0,1,0
N0,France,United States,5,5,5
TP,Portugal,Italy,21,37,21
QR,Singapore,Italy,9,4,9
EI,Germany,United States,1,0,1
FR,Portugal,France,1,2,1
FR,Austria,Greece,0,2,0
FR,Slovakia,Italy,4,4,4
"",Spain,Argentina,1,0,1
FR,Romania,Austria,0,1,0
LS,Spain,United Kingdom,2,0,2
LH,United Kingdom,Ethiopia,0,2,0
W6,Poland,Sweden,1,0,1
BA,Italy,Australia,4,0,4
KL,Germany,Ghana,1,0,1
V7,France,Spain,0,1,0
BA,Spain,Maldives,0,1,0
AZ,France,Italy,7,33,7
U2,Italy,Greece,770,135,762
SN,Italy,Belgium,66,78,65
VY,Italy,Netherlands,10,14,10
MH,Malaysia,,0,1,0
ME,Lebanon,Italy,1,1,1
Z0,United Kingdom,United States,8,2,8
PC,Turkey,Belgium,2,5,2
EK,Italy,Sri Lanka,5,2,5
SN,Togo,Italy,1,0,1
LO,Slovenia,Netherlands,1,0,1
TK,Mexico,Italy,0,1,0
FR,Denmark,Belgium,0,1,0
GM,Switzerland,Greece,1,0,1
AF,France,China,1,0,1
JU,Egypt,Italy,0,2,0
DD,Thailand,Italy,0,8,0
A3,Italy,Egypt,8,45,8
FR,Italy,Saudi Arabia,0,3,0
U2,Italy,Luxembourg,11,4,11
QR,Angola,Italy,0,2,0
VJ,India,Indonesia,0,3,0
W6,Belgium,Romania,0,1,0
LH,Italy,Sweden,7,3,7
LH,Italy,Lebanon,5,1,5
IB,Italy,Argentina,35,6,35
LH,Albania,France,3,0,3
TK,Italy,Mongolia,2,7,2
EY,Italy,Sri Lanka,4,4,4
OZ,Italy,Japan,2,1,2
LH,Denmark,Germany,1,0,1
KL,Argentina,Italy,1,0,1
QR,Vietnam,Italy,2,1,2
GZ,Cook Islands,Cook Islands,0,1,0
OM,Mongolia,Thailand,0,1,0
TG,Thailand,France,0,1,0
BR,Vietnam,Brazil,0,1,0
OS,Austria,Thailand,1,0,1
AZ,Italy,Poland,0,1,0
W9,United Kingdom,Portugal,1,0,1
WY,Pakistan,Italy,0,2,0
W6,Italy,Netherlands,26,52,26
MS,Italy,Kenya,0,11,0
KL,Italy,Japan,6,3,6
AZ,Italy,Cyprus,0,3,0
AZ,Italy,Romania,0,4,0
D7,Indonesia,Italy,0,4,0
WN,United States,United States,0,6,0
FZ,Georgia,United Arab Emirates,2,0,2
EW,Sweden,Germany,0,1,0
EW,Italy,Germany,102,106,101
LX,Italy,Brazil,4,8,4
OU,Austria,Croatia,1,1,1
CX,Italy,Taiwan,1,0,1
LO,Moldova,Hungary,0,1,0
WS,Canada,The Bahamas,1,0,1
AF,Nigeria,France,0,1,0
A3,Turkey,Italy,0,2,0
I2,Italy,,0,1,0
TK,Turkey,Montenegro,0,1,0
FR,Spain,France,4,1,4
AF,France,Guadeloupe,1,0,1
WJ,Chile,Argentina,0,1,0
CI,Italy,Indonesia,0,13,0
LO,Egypt,Croatia,0,2,0
IB,United Kingdom,United States,1,2,1
U2,Netherlands,United Kingdom,1,0,1
AF,Argentina,Italy,0,1,0
U2,United Kingdom,Netherlands,1,0,1
AZ,Italy,United Kingdom,11,28,11
W6,United Kingdom,Italy,66,27,65
RO,Turkey,Italy,0,3,0
LH,Italy,China,8,13,8
LA,Italy,Argentina,0,8,0
FR,Romania,Greece,0,1,0
G9,Italy,Kenya,1,0,1
WS,Italy,,0,2,0
KL,Italy,Ghana,1,1,1
D7,Indonesia,Maldives,0,1,0
KM,Italy,Malta,0,329,0
E9,Spain,Cuba,5,7,5
OG,United States,United Kingdom,2,0,2
SN,Italy,Ghana,6,1,6
SN,Belgium,Germany,1,0,1
AZ,Italy,South Korea,0,10,0
7M,Brazil,Brazil,2,1,2
QG,Indonesia,Indonesia,0,4,0
CY,Italy,Cyprus,1,7,1
KL,Italy,Norway,5,4,5
UX,Spain,Germany,1,0,1
QR,Switzerland,Vietnam,1,0,1
SK,Denmark,Norway,1,1,1
MH,Malaysia,Malaysia,8,7,8
TK,Italy,Indonesia,20,45,20
BF,United States,Italy,0,4,0
5J,Philippines,,0,2,0
AZ,Italy,Croatia,0,3,0
W6,Romania,Germany,4,2,4
PC,Italy,Kyrgyzstan,1,11,1
EK,India,United Arab Emirates,1,0,1
LH,Italy,Jersey,3,0,3
A3,Luxembourg,Greece,1,0,1
A3,France,Greece,0,1,0
AT,Morocco,Western Sahara,1,0,1
IB,Spain,Brazil,1,0,1
LX,Italy,South Africa,6,3,6
CI,Italy,Australia,0,2,0
FR,Czech Republic,Poland,2,1,2
V7,Italy,France,85,57,84
U2,Italy,Switzerland,56,5,55
9U,Moldova,Italy,0,24,0
PC,Turkey,Turkey,0,7,0
VY,Italy,Croatia,30,8,30
AI,India,India,0,4,0
TP,United Kingdom,Portugal,0,2,0
KL,Italy,Martinique,2,0,2
W9,Italy,Iceland,0,1,0
LH,Romania,Denmark,1,0,1
TP,Portugal,Norway,0,2,0
LX,Denmark,Italy,2,0,2
W6,Greece,Romania,1,0,1
LX,Austria,Iceland,0,1,0
VN,Japan,Italy,0,1,0
CA,Thailand,Italy,0,3,0
TB,Cuba,Italy,0,1,0
QR,Slovenia,Vietnam,0,3,0
HV,France,Israel,2,1,2
NO,Italy,Tanzania,4,5,4
QH,Thailand,Vietnam,0,3,0
AF,Italy,Cameroon,0,7,0
FR,Italy,Australia,0,3,0
AZ,Italy,Hong Kong,0,2,0
DL,Italy,Canada,1,0,1
BT,Italy,Latvia,6,0,6
TP,Portugal,Mexico,0,1,0
SQ,Australia,Singapore,2,1,2
PC,Turkey,Germany,1,2,1
AZ,Italy,Armenia,0,2,0
AV,Peru,Panama,1,0,1
EW,Germany,Portugal,0,1,0
LH,Argentina,Germany,0,4,0
FR,Spain,Germany,1,1,1
AZ,Italy,Argentina,11,25,11
LA,Italy,Chile,0,22,0
AZ,Italy,South Africa,0,3,0
2W,Spain,Cuba,0,3,0
QR,Germany,Fiji,0,1,0
MH,Thailand,Singapore,2,0,2
G9,India,Italy,1,0,1
RO,Italy,Turkey,0,2,0
PC,Iraq,Turkey,1,0,1
ME,Lebanon,Spain,0,1,0
TP,Switzerland,Portugal,1,0,1
HX,South Korea,Hong Kong,1,0,1
A3,Germany,Greece,0,2,0
XZ,Italy,Hungary,0,1,0
KL,Austria,Spain,0,1,0
BA,Italy,Spain,0,1,0
TP,France,Portugal,5,9,5
AF,Germany,Tunisia,1,2,1
TK,Germany,Mongolia,1,3,1
LH,Colombia,Italy,3,4,3
VY,Netherlands,Italy,2,0,2
VY,Spain,Argentina,0,1,0
VY,Argentina,Italy,2,1,2
AY,France,Japan,1,0,1
W6,Italy,Nepal,0,2,0
QF,United Kingdom,Australia,1,0,1
TK,Italy,Ethiopia,0,3,0
W6,Germany,Italy,10,6,10
EI,Italy,Republic of Ireland,28,40,28
LJ,South Korea,South Korea,1,0,1
AF,Italy,Martinique,3,5,3
OS,Austria,,0,1,0
TK,Italy,Kyrgyzstan,0,4,0
TK,Singapore,Italy,3,2,3
LY,United Arab Emirates,Israel,0,1,0
LX,Switzerland,Lithuania,0,1,0
AF,Italy,El Salvador,0,1,0
NH,Italy,,0,1,0
3M,United States,The Bahamas,0,1,0
IB,Spain,Argentina,1,0,1
SN,Belgium,United Kingdom,1,0,1
AF,France,Spain,0,1,0
QR,Italy,Vietnam,19,7,19
BR,Italy,Japan,0,14,0
SK,Italy,China,2,5,2
AY,South Korea,Germany,1,0,1
LH,Italy,Seychelles,1,0,1
IZ,Israel,Italy,0,1,0
FR,Spain,Norway,0,2,0
AF,Hungary,Italy,3,0,3
MH,Malaysia,Italy,0,3,0
IB,Peru,Italy,2,0,2
AF,Italy,Germany,1,0,1
2W,Cuba,Spain,0,1,0
SK,Faroe Islands,Denmark,0,1,0
DL,Italy,United States,136,0,135
U2,Netherlands,Italy,72,16,71
FR,Romania,Italy,20,36,20
AZ,Italy,Bulgaria,1,12,1
JZ,Peru,Peru,0,2,0
TK,Italy,Finland,0,1,0
2B,Italy,Serbia,0,3,0
FR,United Kingdom,Belgium,1,0,1
LH,Germany,Canada,2,1,2
W6,Albania,Norway,1,0,1
OS,Italy,Georgia,0,1,0
GQ,Belgium,Greece,1,2,1
AT,Morocco,Egypt,2,0,2
BA,Italy,China,0,1,0
FR,Greece,Greece,1,8,1
W6,Italy,Canada,0,2,0
OU,Italy,,0,2,0
RJ,Turkey,United Arab Emirates,1,0,1
FR,Malta,Spain,0,3,0
FR,United Kingdom,Italy,121,127,120
AF,Italy,Portugal,5,4,5
UX,Italy,,0,3,0
OK,Egypt,Italy,0,2,0
NO,Italy,Canada,1,0,1
HC,Italy,Guinea,0,6,0
SK,Italy,Republic of Ireland,0,1,0
PG,Thailand,,0,1,0
AF,Italy,Djibouti,1,0,1
IB,Italy,Mexico,4,14,4
FD,Thailand,Cambodia,0,8,0
A3,Italy,Norway,0,5,0
QR,Belgium,Hong Kong,0,1,0
U2,Portugal,United Kingdom,2,0,2
AZ,Italy,Belize,0,1,0
TX,United States,Italy,0,7,0
DE,Cuba,Germany,1,4,1
LH,Italy,Indonesia,0,1,0
UU,Mauritius,,0,4,0
AI,Italy,Thailand,0,13,0
EY,Italy,South Korea,4,1,4
KL,Italy,Jamaica,0,1,0
OS,Serbia,Italy,1,3,1
W6,Italy,Brazil,0,1,0
TP,Spain,Germany,0,1,0
G8,India,India,0,1,0
OS,Italy,Japan,3,9,3
EN,Italy,United States,0,5,0
8B,Indonesia,Indonesia,0,10,0
AS,United States,Italy,0,1,0
CM,Peru,El Salvador,0,1,0
HU,Italy,China,0,7,0
W6,Italy,Croatia,1,4,1
W6,Lithuania,France,3,0,3
AT,Morocco,Turkey,0,1,0
IB,Portugal,Italy,0,1,0
AF,Italy,Guatemala,0,1,0
XY,Saudi Arabia,Sudan,1,0,1
AV,Colombia,United States,1,0,1
HV,France,France,1,0,1
EY,Italy,United Arab Emirates,131,5,130
MH,Italy,Indonesia,0,4,0
SV,United Arab Emirates,Morocco,0,7,0
KE,Italy,Australia,2,0,2
FR,Netherlands,Spain,0,1,0
BA,Netherlands,United Kingdom,1,0,1
OS,Italy,,0,4,0
TB,Mexico,Belgium,0,2,0
SM,Italy,Namibia,0,1,0
AV,Argentina,Spain,1,0,1
BA,United Kingdom,Morocco,1,0,1
E5,Egypt,Italy,7,5,7
OG,Italy,Iceland,2,17,2
DT,Angola,Italy,0,1,0
TU,Tunisia,Saudi Arabia,0,1,0
CX,Italy,Japan,1,12,1
EY,United Kingdom,Malaysia,1,0,1
W6,Italy,Bangladesh,0,3,0
TP,Mexico,Italy,1,4,1
U2,Portugal,Hungary,0,1,0
W6,Serbia,Italy,0,2,0
AC,United Kingdom,Dominican Republic,0,1,0
AR,Argentina,Italy,0,13,0
GF,Saudi Arabia,Philippines,0,2,0
AT,Morocco,Spain,0,1,0
EW,Switzerland,Spain,0,1,0
NT,Senegal,Spain,0,1,0
U2,Italy,Moldova,0,2,0
LX,Italy,Denmark,0,1,0
BA,United Kingdom,The Bahamas,2,1,2
UX,Spain,Switzerland,0,1,0
KM,Italy,Cyprus,0,1,0
DY,Denmark,Italy,7,8,7
U2,Sweden,Italy,0,2,0
LG,Luxembourg,Czech Republic,0,2,0
DY,Sweden,Denmark,2,0,2
ET,Italy,Rwanda,2,0,2
JQ,Singapore,Malaysia,0,4,0
UX,Spain,Panama,14,0,14
AT,Morocco,Morocco,1,2,1
SK,Sweden,Nigeria,0,2,0
FR,Italy,Montenegro,0,1,0
F2,Kenya,Kenya,2,1,2
FR,Belgium,Spain,3,4,3
AF,Italy,Singapore,2,0,2
Y4,Peru,Italy,0,1,0
LH,Italy,Sri Lanka,0,1,0
F8,United States,Canada,0,3,0
TG,Germany,Thailand,4,0,4
AA,Mexico,United States,1,0,1
TK,China,Italy,0,1,0
W6,Italy,Sri Lanka,0,8,0
RO,Romania,Romania,0,3,0
RO,Egypt,Italy,0,6,0
AZ,Italy,Dominican Republic,0,5,0
U2,Spain,,0,1,0
GQ,Italy,,0,1,0
IB,Spain,Hungary,1,0,1
VY,Malta,Spain,1,0,1
IB,Senegal,Italy,2,3,2
U2,Germany,Italy,25,4,25
AA,Dominican Republic,The Bahamas,2,0,2
LH,Italy,South Africa,16,12,16
LH,France,Finland,2,0,2
F9,United States,United States,7,6,7
AF,Germany,Morocco,0,1,0
SK,France,Norway,2,1,2
W6,United Arab Emirates,Maldives,0,3,0
QF,Australia,Italy,3,5,3
AF,Guinea,Italy,1,1,1
LO,Slovenia,Poland,0,4,0
DL,United States,United States,39,0,39
CA,Italy,Australia,0,6,0
G9,Italy,Sri Lanka,9,7,9
TK,Italy,Singapore,8,2,8
LX,Italy,New Zealand,0,1,0
U2,United Kingdom,France,4,1,4
EK,India,Japan,2,0,2
LH,Italy,Vietnam,0,3,0
SN,Italy,Cameroon,0,1,0
B6,Dominican Republic,United States,0,1,0
BA,Italy,Ecuador,0,1,0
NH,Germany,Japan,0,1,0
OD,Thailand,Italy,0,2,0
UK,France,India,0,1,0
BA,United States,United Kingdom,1,0,1
Z2,Thailand,Philippines,0,4,0
W6,Albania,Belgium,0,2,0
N3,Guatemala,Italy,0,3,0
WY,Italy,Indonesia,0,2,0
KL,Italy,Sweden,2,3,2
AZ,Italy,Czech Republic,0,3,0
PC,Albania,Israel,2,0,2
AT,The Gambia,Italy,0,1,0
DE,Germany,Egypt,0,3,0
QR,Spain,Pakistan,1,0,1
U2,Italy,Thailand,1,0,1
AV,Guatemala,Nicaragua,1,0,1
Z2,Philippines,Philippines,0,7,0
G3,Brazil,Italy,0,3,0
UX,Spain,Brazil,0,1,0
U2,United Kingdom,Morocco,3,2,3
U2,Italy,Republic of Ireland,0,2,0
KL,France,China,0,1,0
VY,Spain,Greece,3,1,3
OS,Italy,Armenia,2,1,2
FM,China,China,0,1,0
VY,France,Morocco,2,0,2
KL,Italy,China,0,12,0
EK,Italy,Maldives,22,24,22
VY,Spain,Portugal,2,2,2
AZ,Italy,United Arab Emirates,0,2,0
GL,Denmark,Greenland,0,1,0
AY,Hong Kong,Italy,1,0,1
SK,Sweden,Sweden,0,1,0
CX,Vietnam,Italy,0,1,0
W6,Netherlands,Italy,13,10,13
ET,Italy,Kenya,10,15,10
TK,Italy,South Africa,1,1,1
UX,Italy,Dominican Republic,7,38,7
TK,Italy,Burkina Faso,1,0,1
TK,Kazakhstan,Cyprus,0,1,0
W6,Serbia,Greece,1,0,1
KL,Dominican Republic,United States,0,1,0
TK,Qatar,Italy,0,1,0
FR,Italy,United States,0,7,0
W6,France,Lithuania,3,0,3
OS,Italy,Republic of Macedonia,0,3,0
FR,Israel,Italy,3,1,3
U2,Spain,Luxembourg,2,0,2
AZ,Italy,Sweden,0,1,0
KC,Thailand,Italy,0,1,0
BT,Italy,Finland,1,1,1
U2,Greece,Spain,0,1,0
D7,Malaysia,South Korea,0,1,0
KE,Japan,South Korea,0,2,0
FR,Italy,French Polynesia,0,1,0
AC,Poland,Canada,0,1,0
DY,Norway,Poland,0,1,0
LA,Peru,Italy,0,6,0
ZG,Japan,Thailand,1,0,1
AY,Italy,Hong Kong,0,1,0
WO,Canada,Canada,1,1,1
FZ,Italy,Bahrain,2,0,2
9C,China,China,0,1,0
W6,Italy,Luxembourg,1,0,1
AV,Spain,Costa Rica,1,0,1
U2,Switzerland,United Kingdom,1,0,1
VY,Denmark,France,1,0,1
W6,United Kingdom,Poland,1,0,1
W6,Italy,Portugal,43,63,43
SQ,Spain,Italy,4,0,4
IB,Argentina,Spain,7,6,7
EY,Italy,Pakistan,0,6,0
FR,Belgium,Poland,0,5,0
TC,Tanzania,Tanzania,0,4,0
FR,Greece,Spain,0,2,0
TK,Egypt,Italy,0,1,0
JQ,Thailand,Australia,0,1,0
VY,Spain,Germany,0,1,0
AF,Spain,United States,1,0,1
LH,Italy,Bulgaria,1,0,1
CM,Costa Rica,Dominican Republic,0,1,0
A3,Italy,Greece,84,206,83
HV,Morocco,France,2,0,2
U2,Switzerland,Tunisia,4,0,4
DL,Mexico,Italy,1,0,1
FR,Italy,Aruba,0,2,0
LX,Hungary,Italy,1,0,1
WO,Canada,Mexico,1,1,1
EK,Italy,Oman,1,0,1
SN,Italy,Burkina Faso,0,1,0
BA,United States,Puerto Rico,0,1,0
F3,Saudi Arabia,Saudi Arabia,0,1,0
W6,Italy,Spain,399,670,395
FR,Finland,United Kingdom,1,0,1
EW,Germany,Austria,2,2,2
AY,Italy,Norway,6,10,6
TR,Thailand,Greece,1,0,1
LH,Italy,Dominican Republic,2,3,2
TK,Italy,United Arab Emirates,8,12,8
FR,Italy,Switzerland,0,3,0
XK,Italy,France,0,2,0
PU,Colombia,Spain,0,2,0
Z8,Bolivia,Italy,0,1,0
EK,Seychelles,United Arab Emirates,1,0,1
MS,Saudi Arabia,Italy,0,1,0
AF,Italy,France,178,117,176
5F,Moldova,Italy,0,12,0
VY,Denmark,Netherlands,0,3,0
KL,Switzerland,United States,0,10,0
NK,Colombia,Italy,0,4,0
W6,Germany,Hungary,0,1,0
PC,Kazakhstan,Italy,1,0,1
GQ,Italy,Greece,11,66,11
CM,The Bahamas,Colombia,2,1,2
W6,Israel,,0,1,0
U2,Italy,Tunisia,0,2,0
G9,Bangladesh,Italy,1,0,1
9U,Moldova,United Kingdom,0,1,0
SQ,Indonesia,Italy,1,6,1
BA,Netherlands,Ecuador,0,2,0
FR,Cyprus,Jordan,0,5,0
NZ,Singapore,New Zealand,0,1,0
DY,Italy,Iceland,0,3,0
SN,Italy,Senegal,1,0,1
KL,Netherlands,Poland,2,0,2
QZ,Indonesia,Japan,0,1,0
TG,Thailand,Italy,0,6,0
FR,Portugal,Spain,3,10,3
TK,Italy,Nigeria,0,3,0
MS,Italy,United Arab Emirates,0,6,0
AI,Italy,Nepal,0,2,0
D7,Malaysia,Indonesia,0,3,0
AV,Mexico,Nicaragua,1,0,1
LA,Argentina,Spain,0,4,0
EI,Republic of Ireland,Germany,1,0,1
FR,United Kingdom,Hungary,1,0,1
OS,Italy,Austria,61,85,60
IB,Spain,United Kingdom,3,5,3
SQ,Italy,Australia,41,2,41
6E,Italy,India,8,26,8
AZ,Italy,Peru,0,6,0
SN,Italy,United States,0,6,0
AF,Italy,Egypt,2,12,2
U2,Italy,,0,8,0
LX,Thailand,Italy,1,3,1
TK,Germany,Thailand,0,2,0
MK,Mauritius,United Kingdom,0,1,0
AD,Brazil,Brazil,0,22,0
IB,Italy,Portugal,15,3,15
RJ,United Arab Emirates,United States,1,0,1
TB,Belgium,Italy,0,1,0
U2,Spain,France,3,0,3
FR,Italy,Guernsey,0,1,0
KC,Kazakhstan,Kazakhstan,0,1,0
A3,Italy,Germany,0,1,0
UA,United States,Portugal,0,1,0
QR,Switzerland,Australia,0,1,0
SV,Italy,United Arab Emirates,1,1,1
U2,United Kingdom,Italy,89,26,88
EI,Republic of Ireland,Italy,3,1,3
BA,Mexico,Italy,3,4,3
HV,Greece,Italy,0,2,0
3O,Morocco,Morocco,0,3,0
LO,Poland,Moldova,0,1,0
FR,France,Spain,1,1,1
AZ,Italy,Singapore,0,1,0
KQ,Italy,Kenya,3,15,3
I2,Italy,Spain,33,0,33
AF,Germany,Mexico,1,1,1
XR,Austria,Egypt,1,0,1
AD,Brazil,,0,1,0
UX,Italy,Portugal,0,1,0
UX,Italy,Peru,6,15,6
IB,Panama,Italy,1,0,1
LO,Italy,Egypt,1,7,1
IB,Italy,Morocco,5,2,5
AF,Togo,Italy,5,0,5
LH,Austria,Italy,1,1,1
U2,Switzerland,Spain,1,0,1
FY,Thailand,Malaysia,1,0,1
JU,Albania,Denmark,2,3,2
TK,Italy,Maldives,3,2,3
U2,Italy,Peru,0,1,0
KL,Italy,Estonia,0,1,0
TP,Portugal,Canada,1,1,1
TP,Brazil,Portugal,1,1,1
SV,Italy,Bangladesh,0,4,0
FR,Republic of Ireland,Poland,1,0,1
W6,Italy,Sweden,1,10,1
TK,Portugal,Turkey,1,0,1
HY,Uzbekistan,Italy,0,5,0
LH,Italy,Portugal,10,3,10
AF,Malta,United States,0,1,0
LH,Mexico,Italy,1,1,1
AZ,Italy,Lebanon,3,2,3
MS,United Arab Emirates,Egypt,0,2,0
EK,Turkey,,0,1,0
U2,Italy,Maldives,0,2,0
U8,Italy,Israel,0,3,0
AF,France,Denmark,1,0,1
MS,Nigeria,Italy,0,1,0
5W,United Arab Emirates,Maldives,4,3,4
AY,Thailand,Austria,0,2,0
TP,Italy,Venezuela,4,3,4
UX,Dominican Republic,Italy,1,2,1
BA,Italy,Bermuda,2,0,2
SV,Tunisia,Malaysia,0,1,0
DY,Germany,Norway,0,4,0
KL,United Kingdom,Luxembourg,1,0,1
DL,Argentina,Italy,1,0,1
Y4,Colombia,Mexico,0,2,0
AF,Italy,Australia,0,27,0
AR,Italy,Paraguay,0,3,0
W6,Georgia,Italy,1,2,1
UK,Bangladesh,United Kingdom,0,1,0
TK,Turkey,Belgium,1,2,1
AV,Ecuador,Spain,0,1,0
PW,Tanzania,Qatar,1,1,1
SQ,Italy,Vietnam,4,0,4
KL,Italy,Poland,3,2,3
FR,Belgium,Germany,2,0,2
6E,France,India,1,3,1
EK,Switzerland,Malaysia,1,0,1
W6,Italy,China,0,1,0
FR,Denmark,United Kingdom,2,0,2
OS,Italy,Serbia,2,5,2
LX,Switzerland,Belgium,0,1,0
TR,Philippines,Italy,0,1,0
6E,India,Thailand,0,1,0
AZ,Belgium,Brazil,0,1,0
EY,United Arab Emirates,Philippines,1,0,1
TP,Angola,South Korea,0,1,0
AT,Italy,Cape Verde,2,3,2
IX,Qatar,India,2,0,2
JU,Croatia,Italy,0,1,0
LH,Italy,Iceland,0,2,0
JU,Slovenia,Serbia,0,2,0
LA,Brazil,Norway,0,1,0
LA,Ecuador,Italy,0,1,0
QR,France,Thailand,1,2,1
V7,France,Croatia,0,2,0
NO,Italy,Greece,18,15,18
HV,Belgium,Portugal,1,1,1
EY,Italy,Australia,2,6,2
LH,Italy,United Arab Emirates,3,0,3
GA,Indonesia,Italy,0,1,0
FR,United Kingdom,Portugal,1,2,1
EY,Germany,Japan,0,1,0
TR,Singapore,India,1,0,1
UA,Spain,,0,1,0
KL,Finland,Germany,0,1,0
FR,Germany,Bulgaria,0,1,0
LH,Netherlands,United States,0,1,0
TK,Republic of Macedonia,Italy,0,1,0
EK,Thailand,United States,1,0,1
LH,Italy,Finland,4,3,4
GF,Italy,Maldives,0,7,0
TP,Italy,Senegal,1,15,1
FR,United Kingdom,Republic of Ireland,2,1,2
VN,Thailand,France,0,1,0
TK,Netherlands,Turkey,1,0,1
9U,Italy,,0,3,0
W6,France,Albania,1,1,1
EK,Cambodia,Italy,0,1,0
KL,France,Italy,0,3,0
SG,India,Italy,1,0,1
AK,Malaysia,Thailand,0,1,0
KL,Netherlands,Austria,1,0,1
KQ,Tanzania,Italy,0,4,0
FI,Italy,Iceland,1,6,1
KL,Italy,Spain,12,14,12
U2,Netherlands,France,3,0,3
UX,Italy,Tunisia,0,2,0
DE,Mauritius,Italy,1,0,1
KL,The Bahamas,Italy,0,1,0
CA,China,Italy,1,6,1
PM,Spain,Spain,2,0,2
PK,Pakistan,Pakistan,2,0,2
AF,Italy,United Kingdom,4,0,4
SV,India,Italy,0,2,0
B6,United States,The Bahamas,0,1,0
LH,Morocco,France,0,1,0
FR,Portugal,Israel,0,1,0
DG,Philippines,Philippines,2,8,2
HV,France,Portugal,2,2,2
ET,Italy,Eritrea,3,0,3
QR,Italy,Oman,2,0,2
KM,France,Malta,0,3,0
LA,Ecuador,Ecuador,0,1,0
X3,Germany,Spain,0,1,0
FZ,Kuwait,Italy,5,0,5
TR,Singapore,Italy,0,5,0
WF,Norway,Norway,0,13,0
LO,Poland,France,1,1,1
LX,Italy,France,1,3,1
XZ,Greece,Italy,12,0,12
SK,Norway,,0,1,0
6E,Thailand,Italy,0,2,0
VY,Germany,Spain,3,0,3
VY,Netherlands,Spain,2,0,2
IB,Ecuador,Spain,1,0,1
LX,Maldives,Italy,1,0,1
B0,Italy,United States,0,3,0
A3,Greece,Greece,10,7,10
U2,Italy,Czech Republic,48,4,48
EW,Germany,Iceland,0,1,0
HU,China,Italy,0,9,0
VB,Mexico,Mexico,9,14,9
LX,Germany,Italy,5,4,5
F8,Canada,Italy,0,3,0
AK,Indonesia,Malaysia,0,3,0
D7,Australia,Malaysia,0,1,0
FR,Malta,Colombia,0,5,0
FR,Netherlands,,0,1,0
TR,Japan,India,1,0,1
5W,United Arab Emirates,Uzbekistan,1,0,1
IB,Argentina,Italy,3,2,3
W6,Italy,Germany,7,23,7
W6,Italy,Philippines,0,5,0
WS,Italy,United States,7,3,7
FR,Italy,Senegal,0,2,0
PG,Cambodia,Thailand,1,0,1
A3,Romania,Cyprus,1,0,1
SN,Switzerland,Belgium,0,1,0
DX,Italy,,0,1,0
TR,Singapore,Hong Kong,0,1,0
W6,Romania,Italy,70,64,69
VY,Spain,Morocco,2,1,2
QR,Italy,Pakistan,2,3,2
TK,Italy,Venezuela,2,4,2
CA,Italy,Japan,0,9,0
JQ,Australia,,0,10,0
AY,Singapore,Italy,5,1,5
PD,Canada,United States,3,0,3
BA,Brazil,Italy,1,0,1
CZ,Philippines,Netherlands,0,3,0
AZ,Israel,Italy,0,2,0
VY,Italy,France,251,188,249
AP,Italy,Cape Verde,0,3,0
DL,United States,Italy,7,0,7
LJ,South Korea,Japan,0,1,0
DY,Norway,France,2,0,2
5U,Guatemala,Italy,0,4,0
HV,Israel,France,0,2,0
2W,Spain,Mexico,0,3,0
XZ,Italy,United States,0,1,0
4F,Somalia,Kenya,0,1,0
6E,India,India,15,9,15
CI,Italy,Philippines,0,4,0
TR,Japan,Australia,0,7,0
OS,Poland,Serbia,2,0,2
MH,Malaysia,South Korea,1,0,1
OS,Italy,Croatia,4,5,4
FR,United Kingdom,Austria,0,2,0
SN,Italy,Ivory Coast,1,0,1
TK,Senegal,Italy,2,2,2
TK,United States,Italy,4,1,4
KU,Italy,Bangladesh,0,1,0
KL,Netherlands,Curaçao,2,0,2
5W,Albania,Kazakhstan,0,1,0
FZ,Slovenia,,0,1,0
I2,Spain,Netherlands,2,0,2
LA,Peru,Costa Rica,1,0,1
W6,France,Hungary,3,0,3
PC,Turkey,Cyprus,0,1,0
CM,Brazil,Peru,0,11,0
QF,Australia,Australia,7,1,7
UX,Colombia,Italy,1,3,1
VY,Italy,Morocco,0,5,0
TP,France,Brazil,0,1,0
SK,Italy,Japan,0,1,0
5W,Greece,United Arab Emirates,1,1,1
DE,Italy,Cuba,9,0,9
5F,Italy,Moldova,0,18,0
NO,Senegal,Italy,1,3,1
LH,Italy,Turkey,6,4,6
TR,Vietnam,Greece,1,0,1
AV,Aruba,Italy,2,0,2
AF,Italy,Réunion,2,0,2
FR,Spain,Egypt,0,2,0
AF,Italy,Morocco,0,2,0
FR,Spain,Morocco,1,2,1
XY,Pakistan,Italy,0,1,0
BA,Switzerland,United States,5,2,5
LH,Italy,France,8,8,8
FZ,Italy,Sri Lanka,3,3,3
AT,Italy,Togo,0,4,0
SK,Poland,Denmark,0,1,0
LS,United Kingdom,Greece,1,0,1
W6,Italy,Sudan,0,1,0
TK,Belgium,Israel,0,1,0
U2,France,Israel,1,0,1
TK,Republic of Kosovo,Turkey,0,1,0
U2,Italy,United Arab Emirates,0,3,0
EK,Italy,Mauritius,1,78,1
LH,Germany,France,4,4,4
DY,Norway,Italy,4,8,4
3O,Morocco,Italy,41,17,41
MS,Italy,Tanzania,0,15,0
SN,Belgium,France,1,1,1
DY,Denmark,Sweden,1,1,1
V7,Italy,,0,6,0
KL,Canada,Italy,2,0,2
FR,Greece,Belgium,0,1,0
PC,Turkey,Republic of Kosovo,1,0,1
WF,Italy,Norway,0,2,0
ET,Tanzania,Italy,1,0,1
CX,Italy,Indonesia,2,10,2
FR,Latvia,Italy,0,6,0
AC,Italy,,0,8,0
J2,Azerbaijan,Georgia,0,4,0
VE,Colombia,Colombia,0,2,0
EK,Germany,Singapore,2,0,2
SN,Belgium,Denmark,2,0,2
LH,Germany,Germany,0,1,0
VY,Italy,Argentina,5,3,5
DY,United Kingdom,,0,1,0
QR,Italy,Cambodia,0,1,0
J2,Azerbaijan,Italy,1,0,1
U2,United Kingdom,Switzerland,5,0,5
LX,Italy,India,1,2,1
CM,Colombia,Cuba,0,2,0
PC,Italy,Qatar,2,1,2
DE,United States,Italy,7,5,7
FB,Bulgaria,Italy,0,1,0
TK,Republic of Ireland,Australia,0,1,0
U2,Italy,Bangladesh,0,1,0
FR,Portugal,Albania,0,2,0
UK,United Arab Emirates,Thailand,1,0,1
WY,Italy,Malaysia,2,16,2
JU,Italy,Serbia,32,37,32
LA,Peru,Spain,0,1,0
"",Italy,United States,7,0,7
DT,South Africa,Italy,0,6,0
TR,Madagascar,Madagascar,0,2,0
BA,Italy,Sweden,0,1,0
KE,Israel,Taiwan,1,0,1
AY,Germany,Thailand,1,0,1
TK,Italy,Jordan,1,4,1
UA,Germany,United States,2,0,2
TK,Slovenia,Egypt,0,2,0
AC,Canada,Costa Rica,0,1,0
TK,Spain,Thailand,0,1,0
UK,United Arab Emirates,Singapore,0,1,0
JQ,Indonesia,Singapore,1,3,1
TR,Singapore,Australia,3,1,3
OS,Austria,Italy,7,11,7
QR,Italy,Malaysia,6,11,6
QR,Italy,Japan,4,4,4
QZ,Indonesia,Singapore,0,10,0
W6,Austria,Armenia,2,0,2
ZB,Albania,Italy,0,7,0
FZ,Slovenia,United Arab Emirates,3,3,3
EW,Germany,Netherlands,0,5,0
W6,Poland,Iceland,1,0,1
FR,United Kingdom,Morocco,1,0,1
VY,Italy,Dominican Republic,0,2,0
HV,Spain,Netherlands,2,0,2
AD,Brazil,Portugal,0,3,0
FD,Singapore,Thailand,0,1,0
5J,Philippines,Japan,0,1,0
LA,Paraguay,Italy,0,1,0
IB,France,Senegal,2,1,2
BR,Singapore,Italy,0,2,0
KL,Italy,Canada,8,4,8
DL,United States,Canada,1,0,1
EK,Italy,Tanzania,14,11,14
TP,Portugal,France,1,3,1
VY,Italy,Sweden,0,1,0
A3,Spain,Greece,1,0,1
DY,Sweden,Netherlands,0,1,0
ET,Austria,Tanzania,1,0,1
KE,Italy,South Korea,10,6,10
DL,Italy,Argentina,7,0,7
TP,Portugal,Netherlands,1,0,1
OS,Italy,Romania,3,6,3
B6,United States,Aruba,0,1,0
IB,Cuba,Italy,4,7,4
U2,Italy,Finland,0,3,0
ET,Argentina,Israel,0,1,0
6E,Saudi Arabia,India,1,0,1
BF,France,Réunion,1,0,1
LG,Luxembourg,Italy,4,10,4
Q4,Cuba,Dominican Republic,0,5,0
TK,Spain,Italy,0,1,0
DE,Italy,Jamaica,1,0,1
OZ,United States,Philippines,1,0,1
EK,Oman,Italy,0,1,0
PG,Thailand,Cambodia,1,0,1
W2,Italy,Italy,0,17,0
W6,Italy,Poland,44,35,44
IB,Spain,Colombia,1,0,1
BA,Italy,Brazil,1,0,1
EY,Italy,Japan,4,4,4
TK,Tanzania,Italy,0,1,0
AC,Italy,Mexico,0,3,0
OG,United Kingdom,Iceland,1,1,1
AI,Italy,Australia,0,1,0
AF,Czech Republic,Italy,1,1,1
VS,United Kingdom,India,1,0,1
DY,Germany,Denmark,1,0,1
LA,Peru,Ecuador,0,1,0
AZ,Spain,Italy,13,21,13
EW,Italy,Czech Republic,16,10,16
UA,United States,United States,8,17,8
QR,Italy,Maldives,10,17,10
FR,United Kingdom,France,2,1,2
OS,Italy,Thailand,15,8,15
FR,Czech Republic,Croatia,0,2,0
FR,Italy,Cuba,0,5,0
AF,French Polynesia,Italy,1,0,1
AF,Spain,Argentina,1,3,1
ET,Italy,Ghana,2,1,2
W6,Romania,Greece,2,0,2
A3,Egypt,Italy,1,3,1
W6,Italy,Finland,5,5,5
EK,Italy,Bangladesh,0,4,0
U2,Cyprus,Italy,2,0,2
FZ,Sri Lanka,Turkey,0,1,0
TR,Indonesia,Malaysia,1,2,1
6E,Bangladesh,Italy,0,1,0
BA,United States,Denmark,1,1,1
RO,Netherlands,,0,1,0
QZ,Indonesia,Indonesia,0,14,0
IB,Italy,Costa Rica,6,4,6
LY,Italy,Israel,22,2,22
LH,Italy,Greece,3,2,3
AM,Mexico,Italy,0,12,0
AF,Italy,Austria,0,2,0
LX,United Kingdom,Switzerland,0,1,0
LX,Italy,Portugal,9,1,9
QR,India,Italy,3,0,3
AF,Peru,Italy,0,13,0
KL,Norway,Morocco,0,1,0
RC,Denmark,Faroe Islands,0,1,0
SV,Austria,Pakistan,1,0,1
LX,Italy,Greece,1,4,1
BT,Latvia,Netherlands,3,0,3
AF,Finland,Portugal,1,0,1
KL,Luxembourg,Sweden,1,0,1
KL,Netherlands,France,1,0,1
DE,Italy,Dominican Republic,3,0,3
AZ,Italy,Hungary,0,1,0
SQ,India,Singapore,2,0,2
XZ,Albania,Italy,8,0,8
OS,Italy,Jordan,2,1,2
AC,Italy,Martinique,0,2,0
RS,Vietnam,South Korea,0,1,0
EK,Thailand,Switzerland,0,1,0
CI,Taiwan,Japan,1,0,1
DL,United States,,1,0,1
TK,France,Turkey,1,0,1
WY,Italy,New Zealand,0,1,0
UX,Italy,Cuba,26,35,26
RJ,Italy,Egypt,2,6,2
LH,Germany,Republic of Ireland,1,0,1
FR,Italy,Honduras,0,2,0
AC,Canada,,0,3,0
UX,Italy,Uruguay,0,2,0
AZ,Italy,El Salvador,0,1,0
MH,Thailand,Malaysia,1,0,1
FR,Italy,Netherlands,65,182,64
JU,Italy,,1,1,1
PK,Pakistan,Italy,7,5,7
EK,Italy,New Zealand,4,2,4
PC,Egypt,Italy,1,1,1
CM,Mexico,Peru,0,1,0
PC,Italy,Egypt,3,4,3
V7,Italy,United Kingdom,0,1,0
AY,Thailand,Italy,1,0,1
LH,Republic of Ireland,Malta,0,1,0
AZ,Italy,Bangladesh,0,2,0
KL,Italy,South Africa,13,10,13
AF,Italy,Mexico,8,25,8
FR,Malta,Portugal,2,0,2
EW,Italy,Norway,2,3,2
AY,Italy,Thailand,5,4,5
VY,Spain,Czech Republic,1,0,1
LH,Albania,Germany,1,0,1
U2,Denmark,Germany,1,0,1
VJ,Vietnam,South Korea,0,2,0
TP,Angola,Italy,2,0,2
IB,Italy,Venezuela,0,1,0
FR,Austria,Italy,30,33,30
LH,Italy,Norway,13,24,13
AC,United States,Canada,0,11,0
U2,Italy,Saudi Arabia,0,1,0
PK,Pakistan,Saudi Arabia,1,0,1
SN,Senegal,Belgium,1,0,1
U2,Italy,Senegal,0,1,0
LH,Luxembourg,Sweden,0,2,0
QR,Italy,South Africa,3,2,3
AV,Ecuador,Ecuador,4,2,4
W6,Portugal,Serbia,2,0,2
EI,Belgium,Canada,0,1,0
OS,Italy,United States,2,6,2
UA,Puerto Rico,United States,1,0,1
TK,Georgia,China,2,2,2
AF,Italy,Dominican Republic,0,5,0
FR,Estonia,Italy,0,1,0
LH,India,Italy,1,0,1
IB,Italy,United Kingdom,0,1,0
SV,Switzerland,Thailand,0,1,0
U2,Italy,Croatia,104,15,103
SK,Italy,Sweden,5,22,5
AC,Canada,Italy,3,4,3
QR,Italy,Australia,6,14,6
WS,United States,Italy,1,4,1
AF,Germany,France,4,2,4
V7,Italy,Croatia,0,1,0
AZ,Italy,Puerto Rico,0,1,0
AF,Italy,Sweden,1,0,1
G9,Kenya,Italy,4,3,4
MH,United Kingdom,,0,1,0
WJ,Argentina,Italy,0,1,0
KU,Kuwait,Italy,0,1,0
W6,Austria,Egypt,0,2,0
JU,Italy,Greece,2,9,2
IB,Dominican Republic,Spain,1,0,1
LA,Italy,Colombia,0,1,0
KL,Italy,Tanzania,3,1,3
FR,Sweden,Portugal,0,7,0
AF,France,Senegal,1,0,1
BA,United Kingdom,Mexico,0,1,0
U2,United Kingdom,Cyprus,2,2,2
PC,Denmark,Turkey,2,1,2
FR,Austria,Poland,1,0,1
U2,Italy,Romania,0,1,0
KL,Italy,Mexico,5,3,5
TK,Italy,Nepal,0,1,0
"",United States,Italy,1,0,1
FR,Italy,Slovakia,23,22,23
EK,Italy,Namibia,0,2,0
FR,Italy,Ethiopia,0,1,0
FR,Italy,China,0,3,0
EI,United States,United Kingdom,3,0,3
E9,Costa Rica,Spain,2,1,2
KU,Italy,Philippines,0,2,0
LO,Italy,Bulgaria,1,0,1
JU,Hungary,Albania,0,1,0
AT,Spain,Morocco,0,2,0
HV,Austria,France,1,0,1
FR,Israel,Hungary,1,0,1
GF,Thailand,Italy,0,1,0
HV,Portugal,Italy,0,2,0
FR,Romania,United Kingdom,0,1,0
U2,France,Greece,0,2,0
IB,Italy,Cuba,56,18,55
KL,United Kingdom,Italy,4,3,4
EK,Italy,Nepal,3,5,3
FR,Belgium,United Kingdom,1,0,1
PC,Germany,Turkey,4,0,4
LH,Italy,Italy,0,1,0
VS,United Kingdom,,0,1,0
NP,Egypt,Egypt,0,1,0
DE,Germany,Spain,0,1,0
AZ,Malta,Italy,1,8,1
U2,Portugal,Spain,16,3,16
FZ,Pakistan,Italy,0,6,0
JU,Serbia,Cyprus,1,1,1
TW,South Korea,Guam,1,0,1
CI,Italy,Japan,5,20,5
FR,Republic of Ireland,United Kingdom,1,2,1
AV,Bolivia,United States,0,1,0
DE,Spain,Germany,1,1,1
U2,Germany,United Kingdom,3,0,3
FR,Jordan,Italy,3,6,3
UA,Guatemala,Italy,0,2,0
U8,Israel,Italy,0,4,0
LX,Italy,United Kingdom,0,3,0
U2,Italy,Iceland,42,17,42
LX,Italy,Thailand,22,35,22
DL,Mexico,United States,1,0,1
JU,Spain,Maldives,0,1,0
VN,Singapore,Vietnam,0,1,0
TP,Portugal,Germany,1,0,1
H4,Republic of Ireland,Romania,0,1,0
KM,Malta,Spain,0,1,0
TP,Italy,Mexico,2,16,2
U2,Switzerland,Italy,21,2,21
FZ,Italy,United Arab Emirates,7,46,7
TK,Italy,Ghana,2,2,2
U2,Italy,Albania,0,4,0
SN,Hungary,Belgium,1,1,1
KL,Italy,Portugal,9,4,9
IB,Spain,Indonesia,0,1,0
UA,United States,Republic of Macedonia,0,6,0
SK,Finland,Denmark,1,0,1
AV,Brazil,Costa Rica,1,0,1
FR,Belgium,Argentina,0,1,0
