carrier,origin_country,destination_country,clicks_travix,clicks_competitor,clicks_airlines
AZ,Italy,Italy,473,1304,468
FR,Italy,Italy,3746,6282,3709
FR,Italy,Spain,1945,4115,1926
FR,Italy,Morocco,132,312,131
NO,Italy,Egypt,74,78,73
NO,Italy,Spain,20,19,20
LA,Italy,Brazil,2,50,2
DX,Italy,Italy,0,192,0
W6,Italy,Italy,819,878,811
NO,Egypt,Italy,24,7,24
AZ,Italy,United States,147,716,146
TU,Italy,Tunisia,0,45,0
EY,Italy,Seychelles,27,45,27
AT,Italy,Morocco,32,82,32
BA,Italy,United States,198,431,196
NO,Italy,United States,14,5,14
LH,Italy,United States,94,111,93
AZ,Italy,,0,121,0
NO,Spain,Italy,3,2,3
IB,Italy,Spain,208,192,206
FR,Italy,Greece,652,1385,646
TP,Italy,United States,8,29,8
AZ,Italy,Morocco,26,50,26
QR,Italy,,0,20,0
AF,Italy,,1,19,1
EK,Italy,,0,13,0
AZ,Italy,Brazil,7,40,7
SM,Egypt,Italy,8,46,8
LH,Italy,Brazil,12,40,12
W6,Italy,Jordan,26,28,26
FR,Italy,France,340,558,337
FR,Italy,Romania,71,183,70
AC,Italy,Canada,7,50,7
EY,Italy,Indonesia,17,38,17
KM,Malta,Italy,0,17,0
V7,Italy,Italy,615,615,609
LA,Peru,Peru,3,12,3
W6,Italy,Egypt,153,144,151
IB,Italy,United States,10,106,10
EK,Slovenia,Indonesia,0,12,0
TK,Italy,United States,10,5,10
FR,Italy,Malta,347,611,344
TU,Tunisia,Italy,0,33,0
KL,Italy,,3,23,3
KL,Italy,Dominican Republic,3,37,3
SM,Italy,Egypt,34,199,34
TP,Italy,Venezuela,6,13,6
AZ,Italy,Tunisia,4,33,4
JL,Italy,,0,6,0
W6,Italy,Morocco,42,30,42
AR,Italy,Argentina,0,21,0
LH,Spain,,0,0,0
EK,Italy,Indonesia,32,21,32
LA,Colombia,Colombia,8,14,8
W6,Italy,United Arab Emirates,75,86,74
U2,Italy,France,712,132,705
UX,Guatemala,,0,0,0
FR,Italy,Jordan,24,58,24
AZ,Italy,Spain,31,167,31
FR,Italy,Portugal,319,586,316
UX,Italy,Venezuela,4,11,4
UG,Italy,Tunisia,0,3,0
AS,United States,United States,0,12,0
NO,United States,Italy,3,1,3
AI,India,India,0,4,0
TS,Italy,Canada,54,31,53
FR,Italy,United Kingdom,308,519,305
UG,Tunisia,Italy,0,0,0
FR,Italy,Croatia,66,143,65
FR,Belgium,Italy,23,40,23
AY,Italy,Japan,2,4,2
U2,Italy,Italy,1538,142,1523
AY,Italy,United States,36,282,36
MH,Malaysia,Malaysia,4,6,4
IB,Italy,Dominican Republic,17,4,17
AZ,Italy,Dominican Republic,0,5,0
LH,Italy,Finland,4,5,4
LO,Italy,Japan,0,17,0
NO,Italy,Mexico,9,4,9
W6,Italy,Albania,300,355,297
UP,United States,The Bahamas,0,3,0
MS,Italy,Egypt,0,72,0
W6,Italy,Iceland,81,70,80
AT,Morocco,Italy,8,29,8
U2,Italy,Luxembourg,13,4,13
LH,Italy,,0,38,0
AM,Italy,Peru,0,2,0
AI,India,Italy,0,5,0
KU,Italy,Philippines,1,33,1
BA,Italy,,17,51,17
AZ,Italy,Chile,0,3,0
NO,Italy,Cape Verde,4,2,4
AZ,Italy,Australia,1,9,1
EI,Italy,United States,20,5,20
TP,Italy,,0,37,0
LH,Italy,Japan,17,35,17
LX,Italy,United States,22,55,22
V7,France,Italy,18,6,18
KL,Italy,United States,53,202,52
TP,Italy,Brazil,27,148,27
AZ,Tunisia,Italy,8,11,8
FR,Spain,Italy,230,289,228
W6,Italy,Romania,180,121,178
3U,China,Italy,0,0,0
ET,Madagascar,Italy,3,2,3
UX,Spain,Spain,5,8,5
AF,Italy,United States,80,155,79
QR,India,Italy,1,2,1
LH,Italy,Thailand,13,30,13
SK,Norway,Italy,4,16,4
U2,Italy,United Kingdom,330,65,327
BA,Italy,Japan,0,0,0
AZ,United States,Italy,5,11,5
LA,Brazil,Brazil,6,19,6
TC,Tanzania,Tanzania,0,1,0
UX,Peru,,0,0,0
IB,Italy,,1,6,1
BA,Italy,Canada,3,3,3
EY,Italy,,4,5,4
AC,Canada,United States,3,1,3
EK,Thailand,Italy,1,2,1
U2,United Kingdom,Italy,49,7,49
EK,Italy,United States,45,14,45
AZ,Taiwan,Guatemala,0,0,0
MS,Italy,Kenya,0,18,0
ET,Italy,Botswana,0,0,0
AC,United States,Canada,2,6,2
WE,Thailand,Thailand,4,3,4
TK,Italy,Thailand,25,41,25
HY,Belarus,Italy,0,0,0
QR,Italy,Indonesia,42,49,42
LH,Italy,The Bahamas,0,1,0
CI,Taiwan,Italy,1,0,1
TP,Italy,Senegal,5,6,5
ET,Seychelles,Jordan,2,0,2
V7,Italy,France,74,67,73
OZ,Italy,Japan,0,1,0
AZ,Italy,India,4,23,4
FR,Malta,Poland,0,0,0
EW,Italy,Germany,98,74,97
EY,Germany,Indonesia,2,1,2
EW,Germany,Italy,43,35,43
AF,Italy,Tunisia,0,0,0
FR,Netherlands,France,1,1,1
SV,Saudi Arabia,Indonesia,0,0,0
TU,France,Tunisia,0,4,0
LH,Norway,Italy,4,3,4
KL,Italy,Peru,2,27,2
AF,France,,0,2,0
JU,Turkey,Italy,4,0,4
AF,Italy,Norway,1,0,1
XK,France,France,0,2,0
AZ,Tunisia,,0,12,0
UX,Italy,Spain,5,29,5
TK,Italy,Hong Kong,0,2,0
U2,Italy,Egypt,119,47,118
OD,Australia,Indonesia,0,0,0
AF,Italy,Madagascar,5,7,5
B6,United States,United States,0,14,0
AI,Italy,India,0,17,0
LH,United Kingdom,Italy,0,1,0
F2,Kenya,Kenya,0,0,0
ET,Italy,,0,2,0
FR,Italy,Poland,55,133,54
UX,Spain,Portugal,0,3,0
FR,Czech Republic,Denmark,1,0,1
OS,United Kingdom,Panama,0,0,0
AC,Germany,,0,0,0
QR,Italy,Australia,4,9,4
TU,Tunisia,,0,0,0
GF,Italy,Philippines,0,2,0
PW,Tanzania,Tanzania,0,0,0
IB,Italy,Mexico,0,8,0
W6,Italy,Sweden,5,10,5
JL,Italy,Japan,4,13,4
OS,Italy,Japan,4,18,4
AZ,Italy,Argentina,13,68,13
BA,Italy,French Polynesia,0,0,0
ET,Senegal,Italy,1,0,1
SM,Egypt,Morocco,0,0,0
AF,United States,Italy,2,8,2
AZ,Italy,Germany,6,58,6
RJ,Thailand,Italy,0,0,0
GQ,Greece,Greece,17,29,17
AZ,Belgium,Italy,4,16,4
LH,Italy,Belarus,0,0,0
TP,France,Brazil,1,4,1
G3,Brazil,Brazil,0,23,0
U2,Croatia,Italy,10,6,10
SK,Italy,United States,28,69,28
AZ,United States,Aruba,0,0,0
FR,Italy,Denmark,132,203,131
LH,Italy,Canada,3,20,3
U2,Italy,Czech Republic,39,5,39
SQ,United Arab Emirates,,0,0,0
FR,Italy,Cyprus,24,47,24
AT,Morocco,Morocco,1,6,1
PC,Greece,Belgium,0,2,0
KU,Kuwait,Spain,1,0,1
UK,Thailand,United Arab Emirates,0,0,0
FR,Italy,Czech Republic,141,214,140
EY,Germany,,0,0,0
JU,Italy,Serbia,8,9,8
EY,Egypt,United Arab Emirates,0,0,0
W6,Italy,Spain,257,464,254
ET,Italy,Ghana,2,3,2
EK,Italy,Thailand,48,23,48
AF,Italy,Faroe Islands,0,5,0
NO,Italy,Dominican Republic,5,1,5
LH,Italy,Mexico,0,7,0
KU,Italy,Pakistan,0,0,0
WS,Italy,United States,0,3,0
CY,Egypt,Italy,0,3,0
IB,Senegal,Italy,2,4,2
ET,Ghana,Italy,2,0,2
AH,Italy,Ivory Coast,0,1,0
AR,Argentina,Argentina,0,8,0
FR,Italy,Norway,7,48,7
FR,Italy,Austria,209,250,207
AF,Italy,Japan,10,19,10
AZ,Italy,France,22,81,22
JU,Italy,Turkey,1,8,1
UX,Italy,,0,4,0
U2,Spain,Italy,122,12,121
LO,Italy,United States,1,3,1
VY,Italy,Brazil,0,0,0
LH,Italy,Sri Lanka,0,0,0
U2,Italy,Germany,96,10,95
BA,Argentina,Italy,0,0,0
FR,Bulgaria,Italy,8,8,8
EY,Italy,India,4,2,4
QR,Switzerland,Japan,1,0,1
W6,Italy,Uzbekistan,0,1,0
LH,France,Italy,4,0,4
EY,Australia,Italy,0,1,0
LQ,Malaysia,Cambodia,0,1,0
TK,Italy,Afghanistan,0,1,0
VY,Spain,United States,0,1,0
UA,Switzerland,United States,3,0,3
IB,Spain,Germany,1,1,1
KL,Italy,Republic of Ireland,3,1,3
TK,Italy,Malaysia,4,3,4
AA,United States,Mexico,4,0,4
FR,Germany,Portugal,0,1,0
UX,Dominican Republic,Spain,2,1,2
5J,Philippines,Japan,0,1,0
OS,Germany,Italy,1,0,1
9U,Italy,Moldova,0,28,0
AH,Italy,Senegal,0,10,0
"",Italy,United States,7,0,7
PC,Italy,Qatar,2,0,2
EY,Australia,,3,0,3
LX,Hong Kong,Italy,2,0,2
FZ,Serbia,Sri Lanka,0,1,0
5W,United Arab Emirates,Cyprus,1,0,1
AV,Ecuador,El Salvador,5,3,5
LX,Italy,Sweden,3,3,3
LX,Luxembourg,Italy,3,0,3
"",Colombia,Colombia,7,3,7
AC,United States,Italy,2,3,2
LO,Romania,Italy,1,0,1
SK,France,Sweden,4,1,4
AY,Italy,Denmark,0,1,0
UX,Italy,Panama,0,1,0
TP,Luxembourg,Spain,0,1,0
FR,Spain,Portugal,1,3,1
TK,United States,Germany,0,1,0
AY,Italy,Norway,0,1,0
FR,Hungary,Sweden,0,1,0
LO,Egypt,,0,1,0
VY,France,Spain,10,11,10
IB,Italy,Uruguay,2,0,2
EW,Italy,,0,1,0
AY,Italy,Thailand,1,0,1
KL,Spain,Argentina,1,0,1
BA,United States,Aruba,0,1,0
LO,Italy,South Korea,0,1,0
EN,Italy,Dominican Republic,0,1,0
TK,Italy,Ecuador,0,2,0
AZ,Italy,Netherlands,18,80,18
U2,Netherlands,United Kingdom,2,0,2
5J,United Arab Emirates,Philippines,6,2,6
LH,Kazakhstan,Italy,1,0,1
TK,Senegal,Turkey,1,0,1
AF,France,Czech Republic,1,0,1
IB,Portugal,El Salvador,1,0,1
LX,Denmark,Israel,0,1,0
WS,Canada,Italy,0,1,0
AF,Argentina,Italy,0,2,0
PK,Pakistan,Saudi Arabia,2,3,2
FR,Greece,Italy,57,53,56
TP,Italy,Portugal,61,180,60
PD,Canada,Canada,3,3,3
KL,Italy,Netherlands,114,111,113
EY,Italy,Sri Lanka,1,1,1
OS,Croatia,France,1,1,1
OS,Spain,Austria,1,0,1
"",Mexico,Colombia,1,1,1
BT,Lithuania,Latvia,1,0,1
MK,Mauritius,Italy,0,5,0
CM,Cuba,Colombia,1,0,1
Q4,Cuba,Dominican Republic,0,1,0
LX,Sweden,Mexico,0,2,0
U2,Netherlands,Denmark,1,0,1
AA,Dominican Republic,United States,1,0,1
UX,Italy,Uruguay,1,0,1
FR,Italy,Sweden,43,113,43
W6,Italy,,0,29,0
AY,Italy,Iceland,8,4,8
LX,Sweden,Switzerland,4,1,4
6E,Sri Lanka,India,0,3,0
LA,Argentina,Brazil,1,1,1
EN,Italy,Norway,0,4,0
AF,Costa Rica,Italy,2,0,2
TP,Germany,,0,4,0
U2,Netherlands,France,1,0,1
U2,Portugal,Luxembourg,1,0,1
LX,France,Guadeloupe,0,1,0
KC,Turkey,Kazakhstan,0,2,0
TK,Italy,,0,23,0
OS,Italy,Greece,1,9,1
FD,Thailand,Cambodia,0,8,0
FR,France,Spain,7,4,7
AF,Italy,South Africa,1,6,1
GF,Philippines,Italy,0,3,0
G9,Italy,United Arab Emirates,3,2,3
AK,Malaysia,Thailand,0,2,0
EY,Pakistan,Italy,0,1,0
FR,Austria,Portugal,0,1,0
OB,Bolivia,Brazil,0,1,0
AF,Singapore,France,1,0,1
AZ,Italy,Norway,0,1,0
EK,Italy,Japan,10,16,10
D7,Indonesia,Malaysia,0,4,0
HY,Georgia,,0,1,0
AK,Malaysia,Malaysia,0,14,0
E9,Cuba,Spain,0,3,0
AF,Italy,Saint Barthélemy,0,2,0
GF,Italy,India,0,4,0
SQ,Netherlands,Indonesia,1,0,1
FR,France,United Kingdom,1,0,1
FD,India,Vietnam,0,1,0
FZ,Maldives,Israel,1,0,1
EK,Italy,Ecuador,0,1,0
4Y,Mauritius,Germany,0,2,0
VY,Morocco,Italy,1,1,1
W6,Italy,Bangladesh,0,4,0
TU,Italy,Burkina Faso,0,1,0
FD,Vietnam,Thailand,0,9,0
TP,Brazil,Portugal,1,1,1
WS,Canada,Japan,1,0,1
EN,United States,,0,1,0
AF,France,Italy,47,79,47
TK,Moldova,Mauritius,0,4,0
LA,Peru,Italy,0,6,0
SV,Italy,Philippines,2,18,2
UA,Canada,Italy,0,5,0
KR,Cambodia,Thailand,0,1,0
5J,Philippines,Philippines,2,5,2
AZ,Italy,Latvia,0,1,0
WJ,Argentina,Argentina,0,7,0
SV,Italy,Ethiopia,2,1,2
AZ,Italy,Sudan,0,2,0
KL,Italy,Germany,4,6,4
LH,Italy,Republic of Ireland,5,1,5
TK,Sweden,Mexico,0,4,0
AZ,Argentina,France,0,1,0
AY,Finland,United Kingdom,1,0,1
PC,Switzerland,Turkey,1,1,1
BA,Italy,China,0,1,0
AF,Portugal,France,2,1,2
SQ,Singapore,Hong Kong,1,0,1
FR,Malta,Portugal,0,2,0
AT,Italy,Mali,0,2,0
V7,Italy,Poland,0,1,0
F3,Saudi Arabia,Saudi Arabia,0,4,0
VY,Chile,Italy,0,1,0
FR,Italy,Japan,0,3,0
W6,Egypt,Italy,22,14,22
QZ,Singapore,Indonesia,0,16,0
HY,Tajikistan,Uzbekistan,0,1,0
AF,Italy,Peru,6,21,6
LH,Italy,United Kingdom,15,3,15
JQ,Malaysia,Philippines,0,2,0
TK,Spain,,0,3,0
KL,Italy,Panama,0,2,0
LA,Italy,Argentina,1,13,1
4Z,South Africa,South Africa,0,2,0
UA,Italy,Panama,1,0,1
AF,Italy,Lebanon,1,0,1
FR,Cyprus,Greece,1,0,1
CM,Dominican Republic,United States,0,1,0
WY,United Arab Emirates,Oman,1,0,1
AK,Sri Lanka,Indonesia,0,2,0
TK,Pakistan,Spain,0,1,0
LX,Austria,Switzerland,1,0,1
FR,Germany,Italy,40,93,40
AA,United States,United States,38,0,38
E5,Egypt,Italy,16,10,16
LH,Italy,Portugal,13,4,13
KL,Canada,Italy,1,0,1
FR,Hungary,Belgium,2,2,2
AF,Italy,Morocco,2,3,2
W6,Italy,Finland,1,4,1
ET,Italy,Nigeria,2,0,2
FR,Spain,Croatia,0,1,0
KQ,Tanzania,Italy,1,0,1
FR,Italy,Tanzania,0,1,0
LH,Spain,Mexico,0,2,0
DE,Switzerland,Kenya,1,0,1
GQ,Italy,Maldives,0,1,0
AV,Ecuador,Ecuador,1,0,1
UX,Spain,Netherlands,1,0,1
KQ,Netherlands,,0,1,0
AF,Italy,Argentina,9,10,9
LM,United Kingdom,United Kingdom,1,0,1
AV,El Salvador,Italy,0,1,0
EY,Spain,Pakistan,1,0,1
3O,Italy,Morocco,104,27,103
UX,Spain,,0,7,0
JU,Italy,,0,14,0
AV,Chile,Spain,1,3,1
AV,Spain,Aruba,1,0,1
PC,Georgia,Turkey,0,1,0
XZ,Italy,Portugal,0,1,0
CM,Venezuela,Aruba,0,1,0
I2,Spain,Netherlands,2,0,2
SV,Italy,Oman,0,1,0
FR,Germany,Morocco,0,2,0
FR,Belgium,Portugal,3,0,3
MD,Réunion,Madagascar,0,1,0
W6,Albania,Germany,2,1,2
SV,Italy,Bangladesh,1,2,1
TK,Ethiopia,Italy,0,1,0
DE,Italy,Mexico,6,0,6
LH,Italy,Estonia,2,0,2
ET,Italy,Ivory Coast,0,1,0
AT,Senegal,Italy,1,2,1
AZ,Algeria,Italy,0,1,0
VY,Italy,Japan,0,1,0
IB,Germany,Spain,3,1,3
DY,Denmark,Greece,0,1,0
KL,Luxembourg,Thailand,0,1,0
EK,Croatia,Indonesia,0,1,0
AT,Italy,Western Sahara,0,1,0
QR,Bangladesh,Australia,1,0,1
EW,Italy,Spain,0,7,0
LH,Italy,Hungary,3,3,3
UX,Italy,Bolivia,0,4,0
"",Colombia,Mexico,1,0,1
5W,Kazakhstan,United Arab Emirates,3,0,3
GQ,Italy,,0,3,0
5W,Israel,Uzbekistan,0,1,0
W6,United Arab Emirates,Maldives,0,1,0
SK,Finland,Italy,0,1,0
2B,Italy,Turkey,0,1,0
SK,Italy,Finland,0,1,0
U2,Switzerland,Netherlands,1,0,1
5F,Italy,Moldova,0,12,0
SM,Egypt,Egypt,2,9,2
AT,Italy,Burkina Faso,2,1,2
DY,Italy,Finland,0,2,0
TK,Italy,Mongolia,0,11,0
IB,Dominican Republic,Italy,1,1,1
TK,France,Republic of Kosovo,1,0,1
FR,Italy,Faroe Islands,0,3,0
W6,Italy,Bulgaria,19,49,19
AF,Germany,France,3,0,3
VY,Italy,Croatia,26,12,26
AK,India,Vietnam,0,1,0
YW,Italy,Germany,0,1,0
X1,United Arab Emirates,Sri Lanka,0,1,0
LX,Switzerland,Norway,0,4,0
OS,Italy,France,3,0,3
2W,Spain,Cuba,0,6,0
V7,France,France,2,1,2
SQ,Italy,Japan,1,0,1
FZ,Croatia,United Arab Emirates,3,0,3
LO,Czech Republic,Japan,0,1,0
QR,Italy,Oman,1,0,1
FR,Netherlands,United Kingdom,0,1,0
TB,Morocco,Italy,0,2,0
AC,Switzerland,United States,0,1,0
IB,Belgium,Spain,1,0,1
BR,France,Japan,0,1,0
AC,Morocco,Dominican Republic,0,1,0
QR,Italy,New Zealand,1,0,1
BA,Portugal,United States,1,0,1
TK,Switzerland,Thailand,1,0,1
I2,United Kingdom,Spain,2,0,2
TK,Saudi Arabia,Turkey,1,0,1
CM,Colombia,Cuba,0,1,0
FR,Spain,Poland,1,1,1
IB,Italy,Panama,3,0,3
BF,France,French Polynesia,1,2,1
AF,Italy,Mauritius,5,2,5
FR,Croatia,Italy,12,8,12
TG,Sweden,,0,1,0
TP,Portugal,Netherlands,2,1,2
FR,Germany,Mexico,0,1,0
AF,France,Denmark,1,0,1
W6,Italy,Belgium,0,1,0
FR,Austria,,0,4,0
QR,Thailand,Italy,4,3,4
BA,Belgium,,1,1,1
VY,Spain,Portugal,2,9,2
UA,Germany,United States,2,5,2
HV,France,Portugal,3,1,3
EN,Italy,Germany,6,0,6
HV,Tunisia,France,0,1,0
TK,Italy,Ghana,0,4,0
BA,Czech Republic,Jersey,0,2,0
AZ,Italy,Israel,2,1,2
OS,Croatia,Austria,0,1,0
QV,Laos,Vietnam,0,1,0
U2,Italy,Morocco,54,18,53
AF,Chile,Italy,0,1,0
CA,Italy,Japan,0,48,0
UX,Italy,Argentina,0,17,0
N0,Italy,,0,8,0
DE,Italy,South Africa,2,0,2
IB,Spain,Chile,2,1,2
AZ,Italy,China,0,13,0
EK,Italy,India,3,7,3
TK,Germany,Italy,0,5,0
DL,Cuba,United States,1,0,1
QR,Switzerland,Philippines,0,1,0
TP,Cape Verde,Italy,0,1,0
QF,New Zealand,India,1,0,1
AF,Italy,United Kingdom,0,1,0
SV,Tanzania,United Arab Emirates,1,0,1
G9,United Arab Emirates,Egypt,0,1,0
EK,Hong Kong,,0,1,0
NH,Italy,Japan,1,6,1
KL,Italy,United Kingdom,11,8,11
TK,Turkey,Uzbekistan,1,0,1
FR,Italy,Mexico,0,6,0
RJ,United Arab Emirates,Italy,1,2,1
BA,Switzerland,United States,2,0,2
6E,United Arab Emirates,Maldives,1,0,1
I2,Germany,Spain,3,0,3
CX,Italy,Japan,2,4,2
UA,Mexico,Italy,1,1,1
AY,Italy,Lithuania,1,0,1
TK,Albania,Maldives,0,1,0
LH,Germany,Argentina,1,0,1
G9,Italy,Kenya,0,1,0
EK,United Arab Emirates,Kenya,1,0,1
AT,Italy,Ivory Coast,1,14,1
OS,Italy,China,0,5,0
UI,Tanzania,Tanzania,2,2,2
LH,Italy,Namibia,4,1,4
V7,Italy,Denmark,0,5,0
DY,Norway,Denmark,0,1,0
VJ,India,,0,1,0
PC,Italy,Israel,1,0,1
BA,United Kingdom,Switzerland,0,1,0
U2,United Kingdom,Spain,4,0,4
U2,United Kingdom,Switzerland,2,0,2
SK,Italy,,3,7,3
W6,Iceland,Italy,4,1,4
LA,Italy,Peru,2,3,2
FD,Thailand,Vietnam,0,5,0
SK,Germany,France,0,2,0
QZ,Singapore,,0,1,0
VU,Vietnam,Thailand,0,1,0
UG,Tunisia,Tunisia,0,1,0
TK,Venezuela,Italy,0,4,0
3L,Oman,United Arab Emirates,0,1,0
W2,Italy,Greece,0,1,0
LH,Poland,Argentina,0,2,0
EY,United Arab Emirates,Maldives,1,0,1
IB,Italy,Puerto Rico,0,4,0
LH,Italy,Maldives,0,3,0
PC,Italy,Lebanon,7,4,7
OS,Cyprus,Italy,0,4,0
U2,Czech Republic,Italy,2,3,2
LH,Italy,Nigeria,2,0,2
EI,Germany,Republic of Ireland,1,10,1
KL,Philippines,Netherlands,1,0,1
MU,Italy,Philippines,0,2,0
SG,Saudi Arabia,India,1,0,1
VY,Italy,Peru,0,1,0
JU,Serbia,Romania,1,0,1
OS,Belgium,Italy,1,0,1
WY,Italy,Thailand,3,28,3
A3,Italy,Cyprus,0,6,0
TW,South Korea,Japan,2,0,2
W6,Italy,Cuba,0,2,0
OS,Italy,United States,0,2,0
AT,France,Morocco,2,3,2
LH,Germany,Germany,0,1,0
W6,Romania,France,0,1,0
AK,Thailand,Malaysia,0,3,0
KL,United States,United States,0,8,0
EW,Italy,Iceland,0,1,0
GF,Italy,Maldives,0,7,0
TK,Turkey,Brazil,1,0,1
TP,Italy,Mexico,0,19,0
N0,United States,Italy,1,4,1
AZ,Italy,Seychelles,0,1,0
LH,France,India,1,0,1
PC,Iraq,Turkey,2,0,2
AZ,Italy,The Bahamas,0,2,0
NZ,New Zealand,Italy,0,2,0
AH,Algeria,Tunisia,0,1,0
VY,Denmark,Spain,1,6,1
AF,France,Greece,0,3,0
U2,United Kingdom,Denmark,1,0,1
FR,Italy,Dominican Republic,0,4,0
LA,Chile,Italy,1,5,1
U2,Morocco,Italy,3,1,3
FZ,Italy,Thailand,0,1,0
G9,Italy,Nepal,0,2,0
XR,Egypt,Croatia,0,1,0
G9,United Arab Emirates,,0,1,0
OG,Iceland,United States,1,1,1
LX,Italy,New Zealand,0,1,0
KC,Kazakhstan,Germany,0,1,0
AZ,Italy,Algeria,3,5,3
FR,Spain,Morocco,10,4,10
NO,Italy,Madagascar,6,2,6
TP,Italy,The Gambia,2,7,2
LO,Poland,Italy,0,8,0
OS,Italy,Cyprus,1,4,1
BX,South Korea,South Korea,0,4,0
KL,Italy,Finland,1,1,1
EY,Italy,Philippines,2,2,2
UP,The Bahamas,The Bahamas,0,3,0
BA,United Kingdom,Tanzania,0,1,0
AZ,Italy,Puerto Rico,0,1,0
HV,Morocco,France,2,0,2
W6,Albania,Spain,0,3,0
V7,France,Portugal,1,0,1
FI,United Kingdom,Iceland,0,2,0
RJ,Italy,United Arab Emirates,1,1,1
FR,Spain,Spain,45,38,45
KS,Romania,Romania,7,1,7
EK,Italy,Nepal,0,2,0
FR,Italy,Iran,0,3,0
IB,Cuba,Italy,2,1,2
UK,India,India,1,1,1
AV,Ecuador,Spain,1,0,1
G9,Pakistan,Italy,0,1,0
LX,Italy,Philippines,0,1,0
OS,Italy,Serbia,0,1,0
KM,Malta,Netherlands,0,3,0
W6,France,Albania,3,0,3
JU,Italy,Republic of Macedonia,0,7,0
UO,Hong Kong,Taiwan,0,3,0
VY,United Kingdom,Spain,5,0,5
TP,France,Portugal,0,6,0
KL,Peru,Italy,1,10,1
JU,Italy,Greece,2,17,2
WK,Switzerland,Republic of Macedonia,0,2,0
W6,Sweden,Italy,1,5,1
LH,Denmark,Italy,1,0,1
OZ,Spain,South Korea,0,1,0
LG,Luxembourg,United Kingdom,1,2,1
LH,United Kingdom,Germany,3,1,3
LX,France,Japan,1,0,1
UX,Brazil,Italy,1,5,1
FR,France,Romania,6,0,6
EN,Italy,Brazil,0,6,0
KL,Italy,South Africa,9,1,9
GW,Lithuania,Italy,0,1,0
SV,Switzerland,Thailand,2,0,2
LA,Brazil,Portugal,0,1,0
KL,Netherlands,United Kingdom,1,2,1
TK,France,Thailand,0,1,0
FR,Spain,Hungary,0,1,0
XY,Saudi Arabia,,0,1,0
6E,India,United States,0,1,0
AT,Canada,Morocco,0,1,0
J9,Saudi Arabia,Sri Lanka,1,0,1
FR,United Kingdom,Italy,87,75,86
NT,Spain,Cape Verde,0,3,0
KL,Italy,Iceland,1,4,1
U2,Italy,Iceland,24,18,24
NU,Japan,Japan,1,2,1
AC,United States,Aruba,0,2,0
U2,France,Belgium,2,0,2
PG,United Arab Emirates,Thailand,0,1,0
FZ,Italy,Pakistan,1,0,1
TU,Italy,Hong Kong,0,1,0
OZ,Japan,Spain,0,1,0
KL,Netherlands,Brazil,1,0,1
CX,Japan,Italy,1,0,1
AY,United Kingdom,,0,1,0
IB,Spain,Italy,47,30,47
AV,Ecuador,Colombia,1,0,1
PC,Italy,Kazakhstan,2,3,2
SK,Sweden,Finland,1,0,1
LO,Poland,Japan,0,1,0
TK,Italy,Mozambique,1,0,1
AR,Brazil,Argentina,0,1,0
DM,Mexico,Dominican Republic,0,1,0
NO,Italy,Cuba,27,24,27
AY,India,Italy,1,0,1
W6,Italy,Lithuania,3,3,3
SM,Austria,Egypt,1,0,1
SN,Italy,Senegal,7,1,7
OS,Italy,Montenegro,2,0,2
OS,France,Austria,2,0,2
X3,Germany,Spain,0,1,0
LX,Switzerland,Canada,0,2,0
QG,Malaysia,Indonesia,0,1,0
FR,Morocco,Italy,48,66,48
TB,Italy,Morocco,0,18,0
TK,Republic of Kosovo,Turkey,0,1,0
FR,Italy,Cuba,0,10,0
TK,China,Italy,0,1,0
LA,Uruguay,Chile,0,1,0
AI,Italy,Australia,0,2,0
AZ,Italy,Luxembourg,0,1,0
DY,Italy,Denmark,0,50,0
OS,Croatia,Italy,0,1,0
FR,Italy,Turkey,0,19,0
AV,Colombia,Colombia,3,8,3
TP,Spain,United States,0,5,0
DY,Denmark,France,0,2,0
AT,Italy,Cape Verde,0,2,0
AS,United States,Italy,0,1,0
LX,Italy,Dominican Republic,1,5,1
FZ,Bahrain,Tanzania,0,1,0
FR,Luxembourg,Spain,2,0,2
TK,Slovenia,Turkey,1,0,1
AM,United States,Mexico,0,2,0
TW,Japan,South Korea,1,0,1
VY,Denmark,France,0,1,0
LH,United States,United States,0,20,0
SK,Italy,Denmark,14,36,14
VY,Croatia,Italy,4,2,4
6Y,Italy,Germany,0,3,0
6J,Japan,Japan,0,3,0
GQ,Italy,Australia,0,1,0
EN,Italy,Cuba,0,3,0
KL,Italy,Nicaragua,0,1,0
FR,Austria,Bosnia and Herzegovina,0,1,0
QR,Italy,South Korea,1,2,1
UL,United Kingdom,Sri Lanka,2,0,2
SV,Italy,Indonesia,1,0,1
JA,Chile,Chile,1,0,1
LH,Italy,Ghana,0,6,0
W6,Italy,Germany,9,10,9
5W,Maldives,United Arab Emirates,1,0,1
CM,Cuba,Peru,1,0,1
U2,Italy,Australia,0,2,0
DG,Philippines,Philippines,0,3,0
RO,Romania,,0,1,0
LA,Brazil,Germany,0,2,0
EK,Mexico,Spain,1,0,1
FR,Spain,Ecuador,0,2,0
UX,Netherlands,Spain,0,1,0
RJ,United Kingdom,Jordan,1,0,1
VY,Argentina,Italy,6,4,6
TS,United Kingdom,Canada,0,1,0
CA,Italy,South Korea,0,4,0
UA,Sweden,Puerto Rico,1,0,1
VZ,Thailand,Thailand,0,47,0
SK,Italy,Canada,1,9,1
LH,United Kingdom,Egypt,2,1,2
QR,Italy,Malaysia,6,8,6
AF,Italy,Colombia,2,17,2
W6,Georgia,Hungary,1,0,1
EW,Sweden,Czech Republic,1,0,1
W6,Portugal,Italy,9,8,9
NO,Greece,Italy,2,0,2
B6,United States,,0,5,0
LH,Italy,Albania,2,0,2
TK,Italy,Iraq,1,0,1
OS,Bosnia and Herzegovina,Italy,0,1,0
FR,Latvia,Spain,0,1,0
SK,Denmark,Sweden,2,0,2
KL,Italy,Chile,1,0,1
AA,Spain,United States,1,0,1
FR,United Kingdom,Austria,0,1,0
AZ,Switzerland,Italy,4,6,4
EN,Italy,United States,0,22,0
W6,Italy,Georgia,2,3,2
A3,Italy,Egypt,2,12,2
KL,Turkey,Morocco,0,2,0
A3,Egypt,Italy,2,1,2
DL,Italy,Jamaica,1,0,1
S4,Spain,Portugal,2,1,2
BT,Italy,United Arab Emirates,0,2,0
OS,Italy,Nepal,0,1,0
FR,Cyprus,Latvia,0,1,0
I2,Spain,Spain,23,0,23
FZ,Italy,Maldives,2,4,2
OS,Sweden,Mexico,0,1,0
FZ,Italy,United Arab Emirates,14,39,14
QR,Italy,Vietnam,6,17,6
SK,Italy,Thailand,4,8,4
MS,Italy,Ethiopia,0,3,0
W6,Republic of Kosovo,Italy,4,1,4
ZL,Australia,Australia,0,2,0
FR,Czech Republic,United Kingdom,2,0,2
EN,Italy,Japan,0,7,0
UK,Nepal,India,0,1,0
3L,India,United Arab Emirates,0,3,0
SN,Italy,,0,1,0
U2,Italy,Estonia,0,1,0
PC,Greece,Turkey,1,0,1
SQ,Indonesia,Switzerland,1,0,1
W6,Italy,Kuwait,1,0,1
EY,Italy,Malaysia,12,22,12
AZ,Italy,Belgium,9,22,9
KL,Italy,Cuba,3,0,3
TK,Georgia,Italy,1,7,1
LO,Poland,Czech Republic,0,1,0
3L,United Arab Emirates,India,0,1,0
MS,Libya,Egypt,0,1,0
OS,Italy,Lithuania,1,0,1
W6,Romania,Spain,1,0,1
TR,Singapore,Thailand,0,1,0
SV,Saudi Arabia,Italy,0,2,0
LH,Italy,Bulgaria,1,0,1
EY,Italy,Singapore,24,11,24
AZ,Italy,Turkey,1,3,1
FR,Morocco,Spain,8,5,8
JQ,Malaysia,Singapore,8,4,8
FR,France,Czech Republic,1,1,1
AF,France,United States,1,1,1
IB,Spain,Spain,20,8,20
QG,Indonesia,Indonesia,0,6,0
OS,Italy,Egypt,5,16,5
EW,Czech Republic,Italy,5,0,5
6E,United Arab Emirates,Thailand,1,0,1
HA,United States,United States,0,10,0
W6,Italy,Azerbaijan,2,2,2
KL,Ghana,France,1,0,1
UX,Spain,Italy,8,8,8
LH,Italy,Kenya,4,0,4
SQ,United Arab Emirates,Indonesia,2,1,2
TK,Nigeria,United Kingdom,0,2,0
EW,Germany,United Kingdom,0,2,0
QR,Indonesia,Italy,2,1,2
FR,Italy,Uzbekistan,0,1,0
JA,Peru,Chile,0,1,0
AV,Ecuador,Italy,0,2,0
U2,Italy,Republic of Ireland,0,1,0
LX,Italy,Colombia,0,1,0
W6,United Arab Emirates,Italy,5,5,5
UA,Dominican Republic,Italy,1,1,1
U2,Turkey,United Kingdom,1,0,1
HV,Netherlands,Spain,1,3,1
PD,Canada,France,0,1,0
QR,Poland,China,0,1,0
RO,Netherlands,Romania,0,1,0
OS,Italy,Iceland,3,0,3
VY,Italy,The Bahamas,0,1,0
CX,Hong Kong,China,0,1,0
KX,United States,Cayman Islands,0,1,0
EK,New Zealand,Italy,2,1,2
EK,Kenya,Italy,1,1,1
OS,Italy,Albania,2,1,2
EW,Italy,United States,0,2,0
QR,Sri Lanka,Italy,2,0,2
EK,Indonesia,Italy,1,2,1
TK,Slovenia,United Arab Emirates,0,1,0
AZ,Italy,Taiwan,0,1,0
TK,Uzbekistan,Turkey,0,1,0
FZ,Saudi Arabia,United Arab Emirates,1,0,1
NT,Morocco,Portugal,0,1,0
AY,Denmark,South Korea,1,0,1
W6,Hungary,Italy,15,10,15
CX,Italy,Philippines,2,1,2
VY,Netherlands,Denmark,1,0,1
EY,India,Italy,1,4,1
SK,Italy,United Kingdom,0,2,0
AZ,Albania,Spain,1,0,1
VN,Thailand,Vietnam,1,0,1
5J,Philippines,Australia,1,0,1
TR,Vietnam,Singapore,0,1,0
FZ,Serbia,Maldives,1,0,1
EK,Germany,Seychelles,1,0,1
FR,Italy,Latvia,3,3,3
TU,Tunisia,France,0,3,0
TR,Greece,Australia,0,3,0
MS,Libya,Pakistan,0,2,0
PC,Italy,Georgia,1,1,1
AC,United States,Belgium,0,1,0
LH,Albania,Germany,1,0,1
U2,Netherlands,Greece,0,1,0
XZ,Italy,Albania,54,4,53
LH,Germany,Italy,48,70,48
6E,India,Vietnam,0,3,0
SN,Italy,Ghana,2,1,2
U2,Iceland,Italy,6,1,6
3O,Morocco,Italy,26,7,26
W6,Italy,Malaysia,0,1,0
SN,Italy,The Gambia,1,0,1
OG,Canada,France,1,0,1
5F,Italy,Armenia,0,1,0
IB,Spain,Portugal,1,10,1
LO,Estonia,Moldova,0,1,0
UX,Italy,Cuba,22,43,22
AY,Finland,Italy,12,2,12
FR,Portugal,Portugal,16,8,16
SN,Italy,United States,1,5,1
GA,United Arab Emirates,Indonesia,0,1,0
CA,Italy,Cambodia,0,2,0
NT,Cape Verde,Spain,0,2,0
W6,Romania,United Arab Emirates,1,0,1
RJ,Italy,Jordan,4,5,4
LO,Italy,Poland,9,5,9
DL,Switzerland,United States,1,0,1
DY,Sweden,Norway,0,1,0
NT,Spain,Italy,0,2,0
TR,Japan,Australia,0,3,0
TU,Tunisia,Spain,0,3,0
FI,Italy,United States,0,1,0
JU,Italy,Hungary,0,1,0
LH,Germany,Croatia,1,0,1
5J,Philippines,Indonesia,1,2,1
JQ,Australia,New Zealand,1,0,1
F8,Canada,Canada,0,6,0
5W,United Arab Emirates,Egypt,1,1,1
DL,United States,Italy,7,0,7
OZ,Japan,South Korea,1,0,1
PM,Spain,Spain,7,0,7
AZ,Italy,Indonesia,0,7,0
NK,Puerto Rico,France,0,1,0
HY,Turkey,Uzbekistan,0,2,0
JQ,Australia,Italy,0,1,0
AV,Paraguay,Spain,1,0,1
TP,Morocco,Italy,1,2,1
OS,Denmark,Italy,1,0,1
QR,Italy,China,0,1,0
FR,Croatia,Greece,1,0,1
EK,Portugal,Australia,1,0,1
ET,Italy,Seychelles,4,9,4
PU,Spain,Peru,0,1,0
FR,Norway,Italy,0,7,0
TR,Greece,Thailand,0,1,0
FB,Italy,Bulgaria,0,4,0
TK,Turkey,Vietnam,1,0,1
XJ,Thailand,Japan,0,1,0
PC,Kyrgyzstan,France,1,0,1
AT,Italy,The Gambia,0,1,0
TK,Italy,South Korea,2,4,2
AZ,Italy,Hungary,0,1,0
BA,Germany,India,0,2,0
EK,Italy,South Africa,2,6,2
FB,Bulgaria,Bulgaria,0,3,0
TM,Mozambique,Italy,0,2,0
PC,Iran,Italy,2,2,2
GF,Italy,Laos,0,1,0
EK,Italy,Seychelles,5,2,5
PG,Cambodia,Italy,0,2,0
CI,Taiwan,Netherlands,0,2,0
FM,China,China,0,1,0
IB,Morocco,France,0,1,0
UA,Brazil,,1,0,1
VN,Italy,Australia,0,1,0
NO,Kazakhstan,Italy,0,1,0
KM,Italy,Malta,0,242,0
W6,Italy,Republic of Kosovo,3,0,3
AF,Italy,Canada,5,4,5
U2,Italy,Thailand,1,0,1
KM,Malta,Belgium,0,1,0
VJ,Vietnam,Thailand,0,1,0
KL,Portugal,Netherlands,1,0,1
VY,Italy,Netherlands,12,12,12
LH,Tunisia,Germany,1,0,1
KL,Italy,Poland,1,1,1
OD,Sri Lanka,Maldives,0,1,0
SK,Italy,China,0,1,0
OB,Bolivia,Bolivia,0,2,0
FR,Italy,Peru,0,2,0
EK,Malaysia,Italy,4,0,4
LX,United States,Italy,0,1,0
FR,Denmark,Romania,0,4,0
QR,Italy,Seychelles,2,3,2
PC,Italy,Iraq,3,0,3
VY,Italy,Egypt,0,1,0
SN,Italy,Greece,0,1,0
JZ,Peru,Peru,0,2,0
V7,Italy,Brazil,0,1,0
IB,Chile,Italy,1,0,1
TP,Switzerland,Brazil,0,1,0
W6,Italy,Czech Republic,61,116,60
MK,Italy,Mauritius,11,0,11
EW,Czech Republic,Cyprus,1,0,1
AH,Algeria,Turkey,0,1,0
BI,United Kingdom,New Zealand,0,1,0
LX,Italy,South Africa,1,2,1
LO,Italy,Armenia,1,1,1
G9,Italy,Oman,1,0,1
G4,United States,United States,0,1,0
LH,Belgium,United States,1,0,1
W6,Israel,Portugal,0,1,0
BA,Italy,United Kingdom,79,40,78
IB,Italy,Chile,9,2,9
"",Argentina,Spain,3,0,3
AF,France,Argentina,1,3,1
WF,Norway,Italy,0,2,0
HV,Spain,France,1,1,1
AF,Mexico,Italy,1,0,1
XZ,Italy,Cape Verde,0,1,0
KL,Italy,Canada,9,9,9
KQ,United Arab Emirates,Tanzania,2,0,2
LH,Poland,Italy,2,3,2
KL,Italy,Portugal,1,13,1
LH,Luxembourg,Bulgaria,0,1,0
ID,Singapore,Indonesia,0,1,0
BA,United Kingdom,Maldives,0,1,0
LH,South Korea,Italy,1,0,1
HV,Armenia,France,1,0,1
U2,United Kingdom,Iceland,1,0,1
ET,Italy,Tanzania,13,11,13
U2,Italy,Latvia,0,1,0
BA,Italy,The Bahamas,4,2,4
EY,Australia,Spain,1,2,1
AZ,Italy,Bosnia and Herzegovina,0,5,0
FR,Italy,China,0,1,0
QR,United Arab Emirates,Germany,1,0,1
BA,United States,,0,1,0
IB,Italy,China,0,1,0
LH,Sweden,Italy,1,8,1
WY,India,Italy,0,3,0
LO,Latvia,Moldova,0,9,0
AF,Italy,Costa Rica,5,7,5
EW,Germany,Denmark,2,1,2
ET,Nigeria,Italy,0,1,0
W6,Italy,Bahrain,0,1,0
U2,France,Poland,0,1,0
W6,Turkey,Hungary,1,0,1
VY,Israel,Portugal,0,5,0
BX,South Korea,Japan,0,4,0
UX,United Kingdom,Colombia,0,1,0
HV,Italy,United States,0,1,0
PD,United States,Canada,2,0,2
PX,Papua New Guinea,Papua New Guinea,0,1,0
SN,Italy,Czech Republic,0,1,0
IB,Chile,Spain,0,1,0
JU,Egypt,Italy,0,1,0
KL,Italy,France,1,2,1
SQ,Bangladesh,Thailand,1,0,1
N0,France,United States,2,6,2
CI,Italy,Vietnam,0,4,0
AA,United States,Cuba,6,0,6
UU,Réunion,Madagascar,0,2,0
3O,Morocco,Morocco,0,1,0
W6,Austria,France,1,0,1
FN,South Africa,Zimbabwe,0,1,0
AF,Denmark,Italy,1,0,1
FR,Italy,Barbados,0,1,0
AI,Italy,,0,2,0
AF,Italy,Cuba,16,19,16
UX,Italy,Dominican Republic,10,22,10
JU,Bosnia and Herzegovina,Italy,0,2,0
FR,United Kingdom,United Kingdom,1,1,1
ZG,Japan,United States,2,0,2
J2,Azerbaijan,Georgia,0,10,0
NP,Egypt,Saudi Arabia,0,2,0
FR,Jordan,Italy,4,7,4
U2,Germany,Italy,28,7,28
AZ,Italy,Japan,25,160,25
LH,Italy,Latvia,1,0,1
CY,France,Cyprus,0,1,0
AM,Italy,Colombia,0,2,0
SK,Italy,Iceland,7,8,7
TK,Italy,Seychelles,1,1,1
AM,Brazil,Spain,0,1,0
LX,Norway,Japan,0,1,0
LX,Italy,Poland,0,6,0
MK,France,Mauritius,3,0,3
KL,Italy,Aruba,2,4,2
PR,Singapore,Philippines,0,2,0
AA,United States,Jamaica,2,0,2
UX,Peru,Spain,0,1,0
AT,Morocco,Western Sahara,0,1,0
W6,Italy,Armenia,20,13,20
LH,Italy,Switzerland,1,0,1
HV,Netherlands,Portugal,1,2,1
VN,Germany,Vietnam,1,0,1
PR,Philippines,Philippines,2,4,2
TK,France,Cyprus,2,0,2
UX,Morocco,Italy,0,1,0
VY,Spain,Netherlands,2,0,2
VY,Greece,Spain,1,0,1
TK,Sri Lanka,Italy,0,1,0
XZ,Italy,France,0,1,0
U2,Egypt,Italy,12,1,12
W6,Morocco,Italy,20,14,20
AZ,Italy,Mexico,0,41,0
UA,Italy,United States,61,42,60
AA,Italy,Canada,1,0,1
PG,Thailand,France,0,1,0
U2,Spain,France,6,0,6
UL,Kuwait,Sri Lanka,0,1,0
5F,Moldova,Turkey,0,1,0
QR,Italy,Hong Kong,0,2,0
U2,Netherlands,Egypt,0,1,0
TR,Singapore,Australia,4,1,4
W6,Albania,Greece,0,1,0
WY,Pakistan,Oman,1,0,1
W6,Spain,,0,1,0
MH,United Kingdom,New Zealand,2,0,2
JU,Italy,United States,0,1,0
AY,Sweden,Finland,1,0,1
JU,Slovenia,Croatia,0,1,0
SK,Germany,United States,0,1,0
OG,Italy,Iceland,4,12,4
LG,Luxembourg,Italy,14,3,14
TK,Italy,Venezuela,2,9,2
A3,Latvia,Italy,0,1,0
LH,Italy,Netherlands,11,9,11
U2,United Kingdom,France,4,0,4
AV,Brazil,Italy,3,1,3
NZ,New Zealand,Cook Islands,1,0,1
AZ,Italy,Austria,0,2,0
EI,Netherlands,Republic of Ireland,1,0,1
QR,Finland,Thailand,0,2,0
HV,Spain,Italy,0,1,0
TG,Hong Kong,Thailand,1,0,1
TK,The Gambia,Italy,1,0,1
TK,Senegal,Italy,1,1,1
EY,Seychelles,United Arab Emirates,0,2,0
FR,United Kingdom,Republic of Ireland,2,0,2
AZ,Argentina,Italy,5,13,5
SK,Italy,Belgium,0,1,0
SQ,Spain,Thailand,2,0,2
"",Romania,Hungary,1,0,1
A3,Cyprus,Greece,0,1,0
FI,Iceland,Denmark,0,1,0
AR,Spain,Argentina,0,1,0
AF,France,Japan,0,1,0
JQ,Thailand,Italy,0,1,0
W6,United Kingdom,Austria,2,1,2
BA,Italy,India,1,2,1
XK,Italy,France,0,2,0
EW,Switzerland,Germany,1,1,1
TG,Thailand,Philippines,0,2,0
AZ,Italy,Hong Kong,0,1,0
UA,Costa Rica,Belgium,0,2,0
LH,Italy,Colombia,1,0,1
CM,Peru,Panama,0,3,0
ME,Lebanon,Greece,1,0,1
TK,Italy,Uzbekistan,4,12,4
W6,France,Hungary,2,0,2
TG,Germany,Thailand,2,7,2
AH,Niger,Italy,0,2,0
SV,Egypt,Malaysia,0,1,0
LH,Italy,Slovenia,1,0,1
W6,Italy,France,115,119,114
U2,Italy,Malta,70,10,69
AF,Italy,Panama,1,0,1
SN,Belgium,Spain,2,0,2
AZ,Italy,Vietnam,0,9,0
JU,Italy,Montenegro,0,7,0
D7,Malaysia,Indonesia,0,1,0
AM,El Salvador,Italy,0,3,0
G8,India,India,0,5,0
IB,Colombia,Italy,1,1,1
MU,Hong Kong,China,0,1,0
KM,Germany,Italy,0,1,0
UA,United States,United States,20,11,20
AF,France,France,6,1,6
KM,Italy,Greece,0,3,0
SQ,Italy,Laos,4,0,4
BA,Italy,Spain,0,1,0
TR,Thailand,Australia,0,1,0
IB,Morocco,Spain,1,0,1
LX,Belgium,Italy,1,0,1
ET,Italy,South Africa,2,2,2
LA,Chile,Chile,6,10,6
HV,Austria,Belgium,1,0,1
IB,Italy,Costa Rica,2,7,2
WY,Indonesia,Italy,0,1,0
AF,Italy,South Korea,2,1,2
SK,Belgium,Denmark,0,1,0
LA,Peru,Chile,1,0,1
A3,Italy,Ethiopia,0,1,0
UX,Venezuela,Spain,0,1,0
AF,France,Spain,1,0,1
W6,Bulgaria,Italy,7,4,7
IB,France,Spain,3,5,3
LA,Italy,Chile,0,7,0
GF,Sri Lanka,Maldives,0,1,0
AA,Italy,U.S. Virgin Islands,1,0,1
SQ,Germany,United States,1,0,1
EK,Italy,Australia,17,8,17
AZ,Italy,Colombia,0,9,0
FZ,United Arab Emirates,Saudi Arabia,1,0,1
TK,Azerbaijan,Italy,0,1,0
CY,Cyprus,Lebanon,1,1,1
UX,Argentina,Spain,1,0,1
E5,Italy,Egypt,26,86,26
LH,Italy,Norway,8,11,8
AF,Italy,Ecuador,1,2,1
SP,Portugal,Portugal,1,5,1
LX,Italy,Portugal,7,5,7
CY,Greece,Cyprus,0,1,0
LH,Germany,Portugal,2,1,2
W6,Israel,United Kingdom,0,1,0
LH,Italy,Czech Republic,2,1,2
B6,United States,Dominican Republic,0,2,0
U2,Italy,India,0,1,0
MK,Malaysia,Mauritius,0,1,0
LH,Argentina,Italy,0,6,0
U2,Switzerland,Germany,1,0,1
VB,Cuba,Mexico,0,2,0
AZ,Italy,Cambodia,0,2,0
AF,Canada,Italy,0,3,0
HV,France,Armenia,1,3,1
AV,United States,Colombia,2,1,2
AF,France,Martinique,0,1,0
F3,Saudi Arabia,Turkey,0,1,0
TG,Thailand,Germany,1,0,1
QZ,Thailand,Indonesia,0,1,0
LH,Austria,United States,1,0,1
U2,Switzerland,Italy,25,4,25
AF,Italy,Brazil,8,32,8
AR,Argentina,Spain,0,4,0
TP,Portugal,Brazil,3,5,3
OS,Austria,Germany,0,1,0
AV,United States,Brazil,0,1,0
TK,Turkey,Turkey,28,8,28
LX,Italy,United Kingdom,1,0,1
BA,United Kingdom,Albania,0,1,0
IB,Italy,Brazil,4,3,4
QR,Italy,Bangladesh,0,4,0
NO,Mexico,Italy,1,1,1
QR,Switzerland,Indonesia,0,1,0
"",United States,Italy,3,0,3
D7,India,Australia,0,2,0
EW,Italy,Austria,0,2,0
LX,Italy,Netherlands,0,2,0
RJ,Jordan,Italy,1,0,1
LX,Italy,Japan,13,8,13
AF,Denmark,France,4,4,4
BN,Italy,Italy,0,2,0
6E,Turkey,India,0,1,0
EK,Italy,Malaysia,6,1,6
FR,Netherlands,Portugal,3,1,3
6E,India,Thailand,0,1,0
LH,Italy,Australia,0,1,0
A3,Turkey,Greece,1,1,1
AT,Morocco,Senegal,0,1,0
ID,Indonesia,Singapore,0,1,0
CD,Netherlands,Egypt,0,1,0
LH,Italy,Cyprus,0,1,0
VY,France,Republic of Ireland,0,1,0
Y4,Mexico,Guatemala,0,2,0
EY,Italy,Maldives,15,11,15
LA,Brazil,Italy,4,60,4
LH,United States,Puerto Rico,0,1,0
RO,Romania,Romania,0,3,0
TK,Italy,Kazakhstan,5,0,5
TK,Italy,Madagascar,0,1,0
HV,Tunisia,Italy,0,2,0
KC,Kazakhstan,Kazakhstan,0,2,0
SQ,Singapore,Cambodia,1,1,1
FR,Sweden,Morocco,0,1,0
2W,Dominican Republic,Italy,0,3,0
CA,Italy,,0,3,0
W6,Germany,Italy,5,13,5
VY,Denmark,Netherlands,4,1,4
MM,South Korea,Japan,6,1,6
AH,Algeria,Italy,0,4,0
LH,Germany,Egypt,0,1,0
AK,Vietnam,Malaysia,0,2,0
KL,Romania,France,0,1,0
CA,Italy,Hong Kong,0,1,0
I2,Spain,Republic of Ireland,1,0,1
AI,India,Nepal,0,2,0
LH,Belgium,Italy,3,3,3
EW,Italy,Sweden,12,6,12
LX,Italy,Singapore,2,2,2
FR,Italy,Armenia,0,5,0
FR,Sweden,Republic of Ireland,2,0,2
LX,Italy,United Arab Emirates,1,2,1
EW,Italy,Croatia,1,2,1
A3,Italy,Turkey,0,2,0
W6,Republic of Macedonia,Hungary,0,1,0
OZ,South Korea,Italy,0,1,0
LO,Germany,Poland,0,1,0
EW,Germany,Spain,3,3,3
SN,Germany,Belgium,0,2,0
Y4,Mexico,Mexico,0,10,0
OA,Greece,Italy,0,2,0
BA,United States,United Kingdom,1,1,1
SM,Italy,,0,3,0
AF,Colombia,Italy,0,1,0
EK,Croatia,New Zealand,0,1,0
PC,Egypt,Switzerland,3,0,3
FR,Italy,Philippines,0,4,0
MK,Mauritius,Madagascar,0,2,0
LO,Poland,Turkey,0,1,0
LH,Italy,Ecuador,0,1,0
SN,Italy,Belgium,46,46,46
AK,India,Thailand,0,7,0
ET,Argentina,Italy,4,1,4
TB,Senegal,Italy,0,2,0
TK,Italy,Jordan,10,2,10
W6,Italy,Montenegro,6,8,6
BA,United Kingdom,United Kingdom,3,2,3
U2,Denmark,Italy,8,2,8
PC,Switzerland,Iran,0,4,0
LH,Italy,Austria,2,1,2
KL,Italy,Hungary,0,1,0
AF,Italy,Ivory Coast,2,3,2
AF,Italy,Djibouti,1,0,1
LH,Germany,United Kingdom,2,0,2
VS,United Kingdom,United States,2,7,2
IB,Italy,Portugal,8,5,8
FR,Portugal,Spain,3,6,3
ET,India,Italy,2,0,2
OW,Kenya,Kenya,0,1,0
AC,France,Canada,0,1,0
AH,France,Algeria,0,1,0
UX,Spain,France,0,1,0
UA,El Salvador,Italy,0,1,0
5W,United Arab Emirates,Italy,0,5,0
MK,Italy,Réunion,0,1,0
TP,Italy,Canada,1,1,1
FR,Italy,Luxembourg,11,10,11
AZ,Spain,Italy,6,30,6
EK,Vietnam,Italy,2,2,2
IT,Taiwan,Thailand,0,1,0
W6,Georgia,Italy,0,9,0
FR,Morocco,France,2,4,2
AF,France,Cuba,3,0,3
BA,Republic of Ireland,United States,0,1,0
AF,Republic of Ireland,Canada,1,0,1
CZ,Italy,Aruba,0,1,0
BF,Réunion,France,1,0,1
KL,Dominican Republic,Italy,0,1,0
IB,France,Italy,1,2,1
W6,Italy,Greece,174,249,172
OS,Italy,Bosnia and Herzegovina,1,0,1
OS,Italy,Spain,1,5,1
QH,Vietnam,Vietnam,2,1,2
AF,France,Peru,3,0,3
3F,Italy,Armenia,0,2,0
TP,Portugal,Israel,0,4,0
U2,Italy,South Africa,0,1,0
L9,Italy,Brazil,0,1,0
B6,Cuba,United States,0,1,0
W6,Lithuania,Italy,0,1,0
EK,Singapore,Italy,2,2,2
VZ,Vietnam,Thailand,0,3,0
LH,Israel,Italy,1,0,1
EK,Italy,Philippines,1,4,1
OD,Indonesia,Italy,1,0,1
FZ,Pakistan,Italy,0,6,0
SN,Italy,Sweden,1,0,1
U2,Italy,United Arab Emirates,0,2,0
U2,Italy,Netherlands,394,35,390
TP,Italy,Cape Verde,6,13,6
BA,Italy,South Africa,2,1,2
FR,Denmark,United Kingdom,1,1,1
AF,Panama,Italy,0,1,0
FD,Thailand,Australia,0,2,0
DY,Germany,Sweden,0,1,0
AZ,Italy,Ghana,0,1,0
LX,Switzerland,Portugal,0,1,0
EK,Italy,Tanzania,8,5,8
HV,France,Morocco,1,1,1
W6,Hungary,Germany,1,1,1
W6,Italy,Singapore,0,1,0
JQ,Thailand,Singapore,0,1,0
UA,Italy,El Salvador,1,0,1
VN,Vietnam,Malaysia,0,1,0
FJ,Japan,Australia,0,2,0
SN,United Kingdom,Ghana,0,1,0
V7,Italy,Greece,377,378,373
HV,Italy,Netherlands,25,24,25
TK,Turkey,Spain,0,1,0
LX,South Africa,Switzerland,1,0,1
VY,Italy,Italy,34,24,34
AY,Turkey,Japan,1,1,1
LX,Italy,Republic of Ireland,4,3,4
IB,Norway,United States,0,1,0
AY,Germany,Japan,1,0,1
QF,French Polynesia,United States,1,0,1
KM,United Kingdom,Italy,0,1,0
FR,United Kingdom,Denmark,1,0,1
LH,Italy,Sint Maarten,0,4,0
"",Switzerland,Republic of Macedonia,4,0,4
JU,Serbia,Slovenia,1,0,1
EN,Italy,Argentina,0,1,0
W6,Poland,France,0,2,0
OS,Iceland,Belgium,0,1,0
TK,United Arab Emirates,Italy,0,3,0
KL,Netherlands,Italy,7,10,7
SV,France,Philippines,1,0,1
LH,Estonia,Italy,1,0,1
SN,United Kingdom,Senegal,1,0,1
VU,Thailand,Vietnam,0,1,0
FR,Italy,Estonia,6,16,6
FR,United Kingdom,Netherlands,1,0,1
HC,Senegal,Italy,0,2,0
TK,Romania,Turkey,0,1,0
BA,Italy,Mexico,15,11,15
VY,Italy,Indonesia,0,2,0
UX,Israel,Portugal,0,5,0
EY,Singapore,Italy,6,2,6
J9,Kuwait,India,1,0,1
AR,Argentina,Brazil,0,1,0
FR,Spain,Malta,2,1,2
W6,Poland,Cyprus,1,0,1
LX,Italy,Bolivia,0,1,0
SN,Italy,Netherlands,0,4,0
JT,Indonesia,Indonesia,0,31,0
LX,Italy,Brazil,1,17,1
FR,Austria,Italy,25,16,25
VY,Italy,Senegal,0,2,0
FR,Belgium,Morocco,1,1,1
EW,Germany,Germany,0,1,0
FR,Spain,Republic of Ireland,0,1,0
AZ,Italy,Kenya,0,8,0
W6,Poland,Italy,14,8,14
U2,Italy,Belgium,1,0,1
UA,Turkey,United States,0,2,0
OK,Egypt,Italy,0,2,0
LH,Norway,Germany,0,2,0
U2,Switzerland,Hungary,3,0,3
AA,Costa Rica,Canada,1,0,1
MH,Thailand,Italy,0,1,0
TP,Brazil,Italy,2,34,2
AZ,Italy,Croatia,0,7,0
FR,Italy,Egypt,0,15,0
BF,United States,French Polynesia,0,2,0
XZ,Romania,Italy,4,1,4
FR,Croatia,Spain,0,1,0
AF,France,Canada,0,1,0
G3,Argentina,Brazil,0,1,0
LH,United Kingdom,Mexico,0,1,0
AC,Argentina,Italy,0,3,0
OG,France,Iceland,0,1,0
LH,Italy,United Arab Emirates,4,4,4
TK,Italy,Qatar,1,3,1
OA,Cyprus,Greece,4,0,4
LH,Germany,Mexico,1,2,1
SN,Denmark,Belgium,0,2,0
HV,Italy,Mexico,0,1,0
NO,Dominican Republic,Italy,1,0,1
TK,Italy,Cameroon,0,2,0
CI,Italy,Hong Kong,0,1,0
NH,Japan,Japan,0,1,0
AV,United States,El Salvador,1,0,1
W6,Italy,Cyprus,13,14,13
AY,Italy,Finland,78,7,77
LH,Italy,Iceland,4,9,4
CX,Italy,Indonesia,1,12,1
FR,Italy,Mauritius,0,2,0
AC,Republic of Ireland,Canada,0,1,0
LH,Kenya,Italy,0,1,0
JU,Cyprus,Germany,2,1,2
A3,Czech Republic,Greece,0,1,0
V7,France,Algeria,0,2,0
TK,Pakistan,Italy,0,1,0
AZ,Italy,Egypt,7,30,7
SQ,Italy,Thailand,11,11,11
UK,United Arab Emirates,Thailand,1,1,1
FZ,Maldives,United Arab Emirates,2,0,2
EY,Thailand,United Arab Emirates,1,0,1
MH,Italy,Malaysia,0,27,0
SQ,Japan,Germany,1,1,1
LH,Brazil,Italy,4,0,4
VY,France,Malta,0,1,0
KE,Italy,Thailand,1,0,1
IB,Spain,France,1,0,1
LO,Germany,Moldova,0,1,0
A3,Greece,Greece,5,7,5
LX,Italy,Thailand,28,26,28
FR,Italy,United States,0,10,0
TK,Slovenia,Egypt,1,2,1
LA,Brazil,Austria,0,1,0
EW,Germany,Portugal,1,0,1
BA,United Arab Emirates,Italy,1,0,1
LX,Italy,Switzerland,24,41,24
KL,Portugal,United States,0,1,0
FR,Austria,Denmark,2,1,2
RO,Italy,Lebanon,0,1,0
AT,Morocco,Spain,0,2,0
KL,Netherlands,,1,0,1
AV,Costa Rica,Canada,0,2,0
EW,Italy,Czech Republic,20,9,20
NO,Italy,Greece,27,25,27
SK,Italy,Norway,4,40,4
PC,Italy,,0,11,0
FZ,Italy,Tanzania,7,19,7
UX,Cuba,Serbia,0,2,0
SA,Zimbabwe,South Africa,0,1,0
IB,Spain,Belgium,2,0,2
AZ,Italy,Jordan,0,5,0
BA,United Kingdom,,0,1,0
LO,Poland,Germany,0,1,0
LX,Switzerland,Argentina,1,0,1
FR,Netherlands,Italy,12,25,12
UX,Italy,Brazil,3,16,3
VY,Austria,Spain,2,0,2
Z0,United States,United Kingdom,4,2,4
OS,Italy,Germany,2,7,2
AZ,Italy,Thailand,0,6,0
VB,Colombia,Mexico,1,5,1
IB,Brazil,Italy,5,1,5
DE,Italy,Cuba,7,0,7
DL,United States,Aruba,7,0,7
DY,Italy,Iceland,0,1,0
ZG,Japan,South Korea,1,0,1
W6,Italy,Republic of Ireland,0,5,0
IB,Mexico,Italy,1,0,1
NP,Egypt,Egypt,0,3,0
W6,Poland,Spain,1,4,1
IB,Italy,Venezuela,0,1,0
QR,Maldives,Italy,1,0,1
KM,Italy,Mexico,0,1,0
TP,Portugal,Portugal,3,7,3
AF,Mauritius,Réunion,0,1,0
VY,Spain,Germany,2,0,2
VY,Spain,Hungary,0,1,0
UX,Cuba,Italy,1,3,1
GF,India,Italy,0,8,0
A3,Greece,Turkey,2,1,2
HA,United States,,0,1,0
KL,United States,,0,1,0
KE,South Korea,,0,1,0
U2,Portugal,Portugal,9,1,9
DL,Italy,United States,35,0,35
W6,Italy,Turkey,0,3,0
PC,Netherlands,United Arab Emirates,0,2,0
VY,Italy,Canada,0,2,0
CA,Italy,Vietnam,0,3,0
EK,Italy,Bangladesh,0,2,0
SV,Sudan,Saudi Arabia,0,1,0
AP,Italy,Cape Verde,0,9,0
LH,Italy,Hong Kong,3,1,3
3L,India,Italy,0,3,0
CI,Italy,Indonesia,0,11,0
QH,Vietnam,South Korea,0,1,0
OD,Australia,Italy,0,1,0
LO,Italy,,0,1,0
LX,Norway,Italy,1,1,1
QR,Qatar,Spain,0,1,0
D7,Japan,Indonesia,0,1,0
TK,Moldova,United States,0,1,0
BA,United States,Italy,23,2,23
U2,Italy,Portugal,181,29,179
PG,Thailand,Thailand,25,34,25
TK,Japan,Italy,2,2,2
LX,Italy,China,2,4,2
WN,United States,United States,0,10,0
FR,United Kingdom,Spain,7,2,7
HV,Portugal,Netherlands,3,0,3
"",Argentina,Italy,4,0,4
AZ,Italy,Ivory Coast,0,1,0
AV,Peru,Spain,2,2,2
AZ,Egypt,Malta,1,1,1
CX,Australia,Italy,0,2,0
EY,South Korea,Italy,1,0,1
5W,Uzbekistan,Jordan,0,1,0
TK,Serbia,Italy,0,1,0
FR,Cyprus,Malta,1,0,1
AZ,Italy,Malta,4,11,4
KL,Italy,Argentina,1,7,1
TR,Thailand,Singapore,2,4,2
TK,France,Turkey,1,3,1
TK,Turkey,,0,3,0
AF,Italy,Hungary,1,0,1
AF,Italy,Nigeria,1,2,1
SQ,United Kingdom,Australia,2,0,2
AT,Western Sahara,Spain,0,1,0
AA,Jamaica,United States,1,0,1
UK,Saudi Arabia,Maldives,0,1,0
G3,Argentina,Italy,0,1,0
W6,Italy,Croatia,1,8,1
MS,Italy,India,0,1,0
V7,Portugal,Italy,0,2,0
MS,Italy,Rwanda,0,3,0
FR,Belgium,Poland,0,1,0
TK,Mexico,Italy,1,1,1
EK,Italy,Vietnam,3,0,3
LY,Israel,Czech Republic,1,0,1
EW,Netherlands,Italy,0,1,0
U2,Czech Republic,United Kingdom,1,0,1
U2,Netherlands,Spain,2,0,2
TK,Sweden,Ghana,0,1,0
TK,Italy,Japan,21,19,21
AF,Italy,Mexico,10,19,10
LY,Italy,Israel,19,7,19
A3,Greece,Georgia,0,1,0
HV,France,France,3,0,3
FZ,Tanzania,Czech Republic,2,0,2
UK,Sri Lanka,India,1,0,1
DY,Sweden,Finland,0,4,0
OM,Turkey,Japan,0,1,0
IB,Peru,Italy,1,1,1
U2,Albania,United Kingdom,3,0,3
UX,United States,Italy,0,1,0
EW,Sweden,Italy,10,1,10
KU,Philippines,Italy,0,2,0
FR,Italy,Lebanon,0,1,0
VY,Italy,Mexico,0,1,0
W6,Germany,Montenegro,1,2,1
IB,Spain,Republic of Ireland,1,0,1
LH,Slovenia,Egypt,0,1,0
U2,Italy,Dominican Republic,0,3,0
KQ,Italy,Kenya,4,6,4
DL,United States,Cuba,1,0,1
UL,India,Sri Lanka,0,3,0
DL,United States,Mexico,2,0,2
FD,Laos,Philippines,0,1,0
FR,Malta,Italy,20,30,20
AZ,Italy,Greece,20,106,20
DE,Italy,Germany,1,0,1
A3,Lebanon,Italy,1,1,1
KL,Italy,Switzerland,0,1,0
TR,Germany,Australia,0,1,0
SN,Italy,Egypt,0,1,0
VY,France,Italy,32,21,32
LS,Italy,United Kingdom,27,17,27
SN,Netherlands,Italy,0,2,0
AV,Spain,Colombia,8,0,8
IB,United States,Italy,4,1,4
QF,Italy,Australia,1,3,1
DY,United Kingdom,Norway,0,1,0
IB,Italy,Senegal,0,3,0
TK,Germany,Azerbaijan,1,1,1
AF,France,Mexico,4,0,4
AZ,Italy,Cuba,0,3,0
LH,Italy,Turkey,10,2,10
FR,Germany,United Kingdom,0,4,0
LH,Italy,Greece,13,4,13
SQ,Spain,Italy,4,0,4
TP,Italy,Ghana,1,0,1
CA,China,Italy,0,1,0
AV,Spain,Chile,3,0,3
BT,Italy,Lithuania,1,1,1
KQ,Madagascar,Seychelles,0,1,0
UL,Italy,Sri Lanka,0,1,0
TK,Italy,Iran,1,3,1
U2,Italy,Lithuania,0,1,0
5W,Bosnia and Herzegovina,United Arab Emirates,1,0,1
PC,Romania,Turkey,1,0,1
U2,Croatia,France,1,0,1
LS,Italy,Spain,0,1,0
AF,Italy,Martinique,4,0,4
IB,Italy,El Salvador,6,0,6
PC,Italy,Oman,0,2,0
FR,Portugal,Israel,0,11,0
JQ,Australia,Australia,13,1,13
TG,Sweden,Australia,0,1,0
VJ,Thailand,Vietnam,0,1,0
AZ,Italy,Nepal,0,1,0
LS,United Kingdom,Czech Republic,0,1,0
EK,Singapore,United States,1,0,1
QR,Australia,Italy,3,1,3
FR,Latvia,Germany,0,1,0
U2,Italy,Croatia,123,16,122
GF,Pakistan,Italy,0,2,0
TP,Portugal,,0,4,0
KL,Italy,China,0,4,0
TS,Netherlands,Canada,1,0,1
TK,Romania,Panama,0,2,0
FD,Thailand,Singapore,0,3,0
LO,Poland,Hungary,0,1,0
H2,Peru,Peru,0,3,0
LO,Italy,Canada,0,5,0
TR,Greece,Singapore,1,0,1
VZ,Thailand,Vietnam,0,4,0
VU,Vietnam,Vietnam,0,1,0
SN,Italy,Germany,1,0,1
KL,Greece,United States,0,2,0
QZ,Indonesia,Italy,0,3,0
LH,France,Germany,1,1,1
W6,Greece,Cyprus,1,0,1
A3,Italy,Armenia,0,1,0
UA,Italy,,11,5,11
G3,Brazil,Italy,0,7,0
ID,Australia,Indonesia,0,2,0
AZ,Spain,Japan,0,2,0
S4,Portugal,Portugal,2,0,2
SV,Switzerland,Saudi Arabia,0,1,0
5U,Honduras,Italy,0,2,0
AF,Italy,Indonesia,0,1,0
XZ,Italy,Austria,0,1,0
WS,United States,Italy,0,2,0
CM,United States,Aruba,1,0,1
OS,Germany,Egypt,0,1,0
UX,Dominican Republic,Italy,3,9,3
6E,Italy,India,9,20,9
DL,Italy,Chile,2,0,2
VY,Senegal,Italy,0,1,0
KE,Vietnam,Italy,1,0,1
BR,Italy,Taiwan,0,2,0
AM,Italy,Ecuador,0,1,0
TP,Morocco,Portugal,0,1,0
EY,Oman,United Arab Emirates,1,0,1
LH,Lebanon,Italy,0,1,0
2W,Spain,Dominican Republic,0,8,0
QZ,Indonesia,Thailand,0,16,0
TK,Italy,China,1,3,1
AF,Italy,Sierra Leone,6,1,6
AD,Italy,Brazil,0,4,0
PC,Italy,Kyrgyzstan,2,1,2
FR,Belgium,Bulgaria,1,0,1
F3,United Arab Emirates,Saudi Arabia,0,1,0
W6,Italy,Netherlands,11,11,11
W6,Italy,India,0,38,0
JU,Serbia,Italy,2,5,2
LH,Sweden,Germany,1,1,1
TR,Singapore,,0,1,0
VS,Belgium,,0,1,0
AA,United States,Aruba,2,0,2
CY,Cyprus,Italy,2,0,2
LH,Australia,,0,1,0
CA,Italy,Philippines,0,2,0
BA,Italy,Nigeria,0,1,0
OS,Italy,Austria,69,58,68
LX,Italy,Spain,6,4,6
V7,Greece,Greece,9,7,9
E9,Cuba,Italy,0,11,0
FA,South Africa,South Africa,0,9,0
LO,India,Romania,0,1,0
VY,Italy,French Polynesia,0,4,0
V7,Italy,Portugal,0,3,0
NO,Italy,Italy,3,1,3
BA,Belgium,Germany,0,1,0
FI,Denmark,Iceland,1,0,1
AY,Norway,Italy,5,3,5
AK,Indonesia,Italy,0,5,0
IB,Italy,Nicaragua,0,1,0
SV,Saudi Arabia,,1,0,1
OZ,Indonesia,Italy,0,1,0
XR,Belgium,Spain,0,1,0
DY,Sweden,Czech Republic,0,1,0
AZ,Italy,Bangladesh,0,1,0
EK,Hong Kong,Italy,1,1,1
FR,Spain,Albania,0,1,0
EK,Brazil,Egypt,2,0,2
OS,Italy,Denmark,2,6,2
KM,Italy,Oman,0,1,0
FO,Argentina,Argentina,2,0,2
LH,Italy,Uruguay,0,3,0
LX,Italy,Denmark,0,2,0
FD,Bangladesh,Thailand,0,2,0
NO,Italy,Canada,3,0,3
LH,Switzerland,Poland,0,2,0
MS,Italy,Iraq,0,2,0
AZ,Italy,Costa Rica,0,1,0
FR,Finland,Belgium,0,1,0
AF,Italy,Spain,4,0,4
KL,Italy,Sweden,1,1,1
KE,Japan,Italy,2,0,2
BT,Estonia,Bulgaria,0,2,0
IB,Italy,Bolivia,0,3,0
MS,Italy,Japan,0,1,0
FR,Malta,,0,1,0
EK,United Arab Emirates,United Kingdom,0,2,0
VJ,Vietnam,Japan,0,1,0
IB,Brazil,Spain,0,1,0
AF,Germany,United Arab Emirates,1,0,1
AF,France,Hong Kong,1,0,1
AZ,Italy,Serbia,0,2,0
LH,Italy,Denmark,9,2,9
KL,Italy,Hong Kong,10,7,10
AF,South Korea,United Kingdom,1,0,1
LX,Italy,Indonesia,0,1,0
FO,Brazil,Argentina,0,1,0
FR,Cyprus,Jordan,0,1,0
FR,Austria,Poland,3,1,3
TK,Turkey,Mongolia,0,1,0
W6,Spain,Italy,62,36,61
W6,Albania,Italy,41,63,41
TK,Italy,Georgia,2,4,2
FY,Malaysia,Malaysia,2,2,2
QR,Italy,Nepal,1,20,1
AM,Italy,Argentina,0,2,0
PC,Turkey,Spain,1,3,1
FR,Germany,Spain,12,2,12
AY,United States,Italy,1,0,1
EK,Japan,United Arab Emirates,1,0,1
VB,Mexico,Italy,0,1,0
KL,Italy,Australia,0,1,0
UL,Sri Lanka,Maldives,1,0,1
FR,Belgium,France,1,0,1
L9,Italy,Italy,0,34,0
AC,Costa Rica,Canada,2,1,2
CY,Italy,Lebanon,0,1,0
FR,Germany,Republic of Ireland,0,2,0
FD,Indonesia,Thailand,0,3,0
QF,Australia,Australia,3,1,3
QR,Vietnam,Italy,1,0,1
UL,Italy,Australia,0,1,0
FR,France,Italy,50,53,50
LH,United States,Italy,3,4,3
V7,France,Spain,2,1,2
AV,Brazil,United States,1,0,1
AY,Italy,Hong Kong,2,1,2
CZ,Italy,Colombia,0,1,0
BA,Italy,Australia,0,3,0
PK,Pakistan,Italy,3,5,3
OS,Italy,United Kingdom,1,0,1
KL,Netherlands,Germany,0,1,0
LH,Kenya,Switzerland,0,1,0
FR,Estonia,Italy,0,1,0
LO,Sweden,Switzerland,0,1,0
TP,Senegal,Italy,0,4,0
AZ,Italy,Czech Republic,0,1,0
SQ,Italy,,0,2,0
XR,Germany,Greece,0,1,0
VS,Germany,United States,0,1,0
HV,Italy,,0,4,0
EY,Thailand,Italy,4,9,4
AK,Indonesia,Malaysia,0,1,0
WS,United Kingdom,Canada,0,1,0
YW,Italy,Spain,0,2,0
EW,Italy,Portugal,0,2,0
5F,Moldova,Italy,0,1,0
AY,Italy,Singapore,5,1,5
WF,Norway,Norway,0,19,0
JQ,Japan,Japan,7,2,7
AF,Italy,Netherlands,3,3,3
FR,France,Morocco,1,1,1
DE,Dominican Republic,Italy,0,1,0
VY,Egypt,Spain,1,4,1
TK,Italy,United Arab Emirates,6,19,6
FA,South Africa,Mauritius,0,1,0
JQ,Thailand,Australia,1,3,1
LX,Italy,Egypt,0,5,0
FR,Italy,Albania,0,8,0
AZ,Italy,Portugal,1,2,1
LX,Switzerland,France,0,2,0
AZ,Egypt,Italy,0,3,0
W6,Netherlands,Serbia,0,1,0
BT,Latvia,Estonia,2,0,2
TR,Indonesia,Thailand,0,2,0
A3,Lebanon,Greece,1,0,1
AZ,Greece,Italy,6,3,6
CI,Italy,Japan,5,13,5
LH,Italy,Costa Rica,0,6,0
LO,Belgium,Japan,0,4,0
LX,Italy,Cuba,0,2,0
EY,Italy,Australia,1,2,1
TK,Philippines,Italy,0,1,0
FR,Republic of Ireland,Belgium,0,1,0
FR,Italy,Netherlands,49,89,49
FD,Thailand,Thailand,0,55,0
CY,Italy,Cyprus,3,11,3
AV,Brazil,Spain,2,0,2
FR,Luxembourg,Italy,6,6,6
AF,French Polynesia,Italy,0,5,0
U2,Netherlands,Indonesia,0,1,0
DL,Italy,,3,0,3
AF,Italy,Benin,3,2,3
EK,Sweden,Indonesia,1,0,1
U2,Denmark,Germany,1,0,1
TP,France,Venezuela,0,1,0
SV,Saudi Arabia,Saudi Arabia,0,1,0
SV,Bahrain,Morocco,0,1,0
NP,Egypt,,0,1,0
I5,India,India,6,1,6
DY,Denmark,Norway,0,2,0
9K,United States,United States,0,1,0
LH,Italy,New Zealand,0,3,0
EW,Italy,France,0,1,0
SQ,Italy,Indonesia,10,5,10
TK,Italy,Philippines,5,2,5
TP,Spain,France,1,0,1
TK,Singapore,Italy,4,4,4
LS,United Kingdom,France,1,0,1
AF,Egypt,United States,0,1,0
HV,Netherlands,Italy,11,3,11
LH,Italy,Indonesia,0,2,0
JU,Slovenia,Bulgaria,1,1,1
XQ,Turkey,Italy,1,1,1
NK,United States,Brazil,0,1,0
OS,Austria,Italy,15,7,15
EY,Malaysia,Italy,7,0,7
VY,United Kingdom,Italy,16,7,16
AH,Senegal,Italy,0,4,0
BT,Lithuania,Italy,1,0,1
JQ,Singapore,Malaysia,3,0,3
BA,United States,Cuba,0,1,0
VJ,India,Malaysia,0,1,0
V7,Greece,Italy,40,17,40
MS,Italy,Tanzania,0,17,0
BY,Italy,United Kingdom,10,0,10
AM,Colombia,Spain,0,2,0
E9,Spain,Cuba,1,5,1
OS,Italy,Canada,0,1,0
IB,Spain,Poland,0,1,0
TR,Madagascar,Madagascar,0,2,0
ME,Italy,Lebanon,1,9,1
KL,Italy,Brazil,4,25,4
W6,Italy,Thailand,0,10,0
TP,Portugal,Spain,4,9,4
Z9,Malaysia,Singapore,0,1,0
W6,United Arab Emirates,Greece,0,1,0
TK,Italy,Kuwait,0,1,0
SV,Italy,India,0,3,0
KE,Italy,New Zealand,3,1,3
A3,France,Egypt,0,2,0
JU,Italy,Egypt,0,9,0
TK,Greece,Turkey,3,0,3
SQ,Italy,Philippines,1,1,1
WY,Egypt,Pakistan,0,1,0
LH,Italy,Algeria,1,0,1
AF,Italy,Denmark,1,1,1
U2,Netherlands,,0,3,0
AF,Italy,Singapore,1,1,1
UK,United Arab Emirates,Mauritius,0,1,0
AY,Finland,Sweden,1,0,1
LH,Italy,India,5,6,5
LH,Georgia,Italy,2,0,2
OS,Italy,Croatia,2,8,2
WS,Canada,,0,2,0
AT,Morocco,Tunisia,0,1,0
SK,Denmark,Iceland,0,1,0
KL,Italy,Thailand,3,0,3
"",United States,Spain,4,0,4
QR,Italy,Japan,6,5,6
AV,Spain,Peru,0,1,0
AF,Spain,Italy,1,0,1
KM,Switzerland,Italy,0,1,0
UX,Uruguay,Italy,0,1,0
DL,United States,Dominican Republic,7,0,7
W9,United Kingdom,Albania,1,0,1
KL,Netherlands,Sri Lanka,0,1,0
MS,Egypt,Saudi Arabia,0,3,0
PC,Turkey,Italy,7,5,7
FR,Lithuania,Italy,4,3,4
TK,Italy,Australia,0,33,0
UX,Italy,Mexico,6,25,6
FR,Italy,Brazil,0,3,0
SK,Sweden,Italy,1,9,1
QF,Italy,United States,0,4,0
SY,United States,United States,0,2,0
FR,Sweden,Estonia,1,0,1
AP,Italy,Greece,0,1,0
W6,Armenia,Spain,0,1,0
HC,Italy,The Gambia,0,1,0
EW,Hungary,Germany,1,1,1
LA,Brazil,,0,9,0
F9,United States,United States,9,19,9
AR,Italy,Bolivia,0,1,0
MU,Italy,Japan,0,5,0
NO,India,Italy,0,1,0
BA,United States,Turks and Caicos Islands,0,1,0
KL,Croatia,United States,0,1,0
SV,Italy,Mauritius,0,2,0
FR,Spain,Sweden,0,1,0
V7,Italy,Spain,34,28,34
EI,Belgium,United States,1,0,1
FR,Portugal,Czech Republic,0,3,0
EK,Italy,Pakistan,0,1,0
MK,United Arab Emirates,Mauritius,0,2,0
LH,Italy,Italy,0,1,0
PD,Canada,United States,1,0,1
KQ,Kenya,Kenya,0,1,0
NT,Italy,Spain,0,8,0
U2,Italy,United States,4,8,4
HV,Spain,Belgium,1,0,1
HY,Uzbekistan,Italy,0,7,0
FR,Belgium,Spain,3,2,3
HV,France,Lebanon,1,0,1
AF,Japan,Italy,1,0,1
KL,Italy,Costa Rica,0,6,0
FR,Italy,Georgia,0,2,0
HC,Italy,Senegal,0,3,0
FR,Germany,Greece,1,0,1
SQ,Singapore,Italy,0,1,0
KL,Netherlands,Spain,1,0,1
TK,United States,Albania,0,1,0
PC,Turkey,Greece,0,1,0
SV,Italy,United Arab Emirates,0,4,0
RJ,Italy,Egypt,0,6,0
HY,Italy,Uzbekistan,0,1,0
W6,France,Austria,0,1,0
OZ,Australia,Italy,0,1,0
QR,Italy,Thailand,30,21,30
AK,China,Malaysia,0,1,0
W6,Italy,Austria,15,48,15
XY,Egypt,Saudi Arabia,2,0,2
AZ,Italy,Madagascar,0,3,0
W6,Hungary,United Arab Emirates,2,3,2
VY,Greece,Italy,5,3,5
QF,Australia,Italy,0,7,0
FZ,Maldives,Sri Lanka,3,1,3
5W,Uzbekistan,Italy,0,1,0
BY,United Kingdom,Senegal,1,0,1
SN,Belgium,Czech Republic,6,0,6
BR,Italy,Indonesia,0,2,0
LH,Turkey,Argentina,1,0,1
LH,Iraq,Italy,0,1,0
DM,Dominican Republic,Colombia,0,1,0
AY,Italy,,0,14,0
U2,Italy,Israel,8,8,8
EN,Italy,,0,9,0
FR,Republic of Ireland,United Kingdom,3,1,3
U2,Portugal,France,4,0,4
VY,Italy,The Gambia,0,2,0
AF,Romania,Mexico,0,2,0
LG,Italy,France,0,1,0
AZ,Italy,Romania,0,1,0
7C,Japan,South Korea,2,1,2
FJ,Canada,Fiji,0,1,0
V7,Italy,,0,9,0
LX,United Kingdom,Italy,1,3,1
PC,Turkey,Morocco,1,1,1
TK,Iran,Italy,1,2,1
K6,Cambodia,Vietnam,0,4,0
Y9,Canada,Canada,0,1,0
EK,Italy,New Zealand,4,1,4
KL,United States,Aruba,0,1,0
LX,Italy,Greece,0,2,0
LH,Germany,France,4,1,4
SQ,Italy,Vietnam,3,2,3
FZ,United Arab Emirates,Tanzania,2,2,2
CA,China,China,0,1,0
IB,Germany,Argentina,2,0,2
DL,United States,United States,22,0,22
BJ,France,Tunisia,0,8,0
BY,United Kingdom,Spain,2,0,2
TP,Spain,Italy,2,1,2
HU,China,China,0,1,0
SQ,Netherlands,Australia,1,0,1
Q6,Costa Rica,Canada,0,1,0
AZ,Portugal,Italy,0,1,0
BA,Italy,Argentina,0,1,0
AZ,Romania,Italy,1,0,1
IE,Australia,Solomon Islands,0,1,0
AT,Italy,,0,6,0
EK,Italy,Mauritius,3,84,3
NO,Italy,Maldives,11,3,11
SQ,Macau,Italy,0,2,0
AA,United States,Italy,1,0,1
G9,Italy,Malaysia,25,9,25
SG,India,Thailand,0,1,0
FR,Finland,Italy,3,3,3
AF,France,Cameroon,0,1,0
VY,Italy,Germany,0,1,0
BQ,Italy,Germany,1,0,1
W6,Hungary,Egypt,1,0,1
SK,Sweden,France,1,0,1
EK,Italy,New Caledonia,0,1,0
PC,Italy,Cyprus,0,1,0
LH,Italy,Mauritius,2,1,2
QR,Italy,Maldives,9,17,9
FR,Greece,Greece,7,8,7
U2,Italy,Cuba,0,1,0
FZ,Maldives,Italy,1,0,1
TC,Tanzania,Zambia,0,2,0
VY,Italy,Denmark,1,0,1
EK,Maldives,United Arab Emirates,1,0,1
DX,Italy,Spain,0,1,0
GQ,Italy,Greece,13,71,13
AF,Germany,Morocco,0,1,0
UA,United States,,0,9,0
U2,Italy,Lebanon,0,3,0
AM,Mexico,Mexico,0,11,0
LH,Germany,United States,5,3,5
SQ,Italy,Cambodia,3,2,3
TP,United States,Italy,2,11,2
SK,United Kingdom,Denmark,0,3,0
TK,Italy,Mali,0,1,0
LA,Brazil,Switzerland,0,4,0
IB,Panama,Italy,0,2,0
B0,Italy,United States,0,2,0
OD,Thailand,Malaysia,0,1,0
AF,Cuba,Sweden,0,2,0
XC,Germany,Turkey,1,0,1
QR,Germany,United Arab Emirates,1,0,1
W6,Germany,Romania,2,1,2
RJ,United Kingdom,United Arab Emirates,0,1,0
MS,Italy,United Arab Emirates,0,1,0
DY,Denmark,Italy,0,6,0
IB,Spain,Argentina,1,3,1
LH,Germany,Sweden,3,3,3
AH,Italy,Algeria,0,3,0
SQ,Thailand,Italy,3,0,3
BF,United States,France,1,0,1
VY,Portugal,Spain,4,0,4
TK,Republic of Ireland,Turkey,1,0,1
SN,Belgium,Greece,0,1,0
IB,Spain,Colombia,2,0,2
EK,Philippines,Italy,0,1,0
FR,Italy,,0,156,0
2B,Italy,Albania,0,78,0
WS,Canada,Canada,1,8,1
VN,Japan,Italy,0,1,0
AF,Italy,Guadeloupe,3,2,3
AT,Morocco,Germany,0,1,0
KL,Poland,Germany,1,0,1
KL,Italy,Tanzania,1,4,1
8B,Indonesia,Indonesia,0,8,0
LH,France,United States,0,1,0
UX,Italy,Paraguay,0,1,0
W6,Italy,United Kingdom,115,123,114
TK,France,Italy,1,0,1
9U,Moldova,Italy,0,3,0
VY,Germany,Italy,1,1,1
W6,Germany,Albania,3,3,3
LH,Italy,France,5,3,5
SK,Sweden,Australia,0,1,0
W6,Bulgaria,Portugal,0,1,0
TK,Italy,India,3,6,3
CX,Italy,New Zealand,0,1,0
LS,United Kingdom,Spain,2,1,2
EK,Italy,United Arab Emirates,25,13,25
KL,United States,Italy,6,2,6
OS,Italy,,0,7,0
TR,Japan,Indonesia,3,0,3
PC,Turkey,Albania,2,0,2
BA,Argentina,United Kingdom,2,0,2
W9,Israel,Portugal,0,3,0
AV,Spain,Bolivia,1,0,1
AT,Italy,Togo,0,2,0
JU,Italy,Malta,0,1,0
LH,Croatia,United States,0,1,0
LH,Italy,Peru,0,2,0
3U,Italy,China,0,7,0
TK,Turkey,Italy,14,20,14
Z2,South Korea,Philippines,0,1,0
IB,Portugal,Italy,4,0,4
FR,Belgium,United States,0,1,0
FR,Estonia,Moldova,0,1,0
W6,Poland,United Arab Emirates,1,0,1
FR,Republic of Ireland,Austria,2,0,2
TK,Italy,Pakistan,0,4,0
FR,Germany,Montenegro,1,0,1
QR,Netherlands,Indonesia,0,1,0
LX,Spain,Italy,0,3,0
AK,Malaysia,,0,13,0
AZ,Italy,Iceland,0,1,0
LX,Italy,Maldives,0,3,0
JU,Italy,Uzbekistan,0,1,0
IB,Switzerland,Spain,0,2,0
MS,Denmark,Egypt,0,1,0
KL,Croatia,Luxembourg,1,0,1
QR,Italy,Singapore,3,9,3
FR,Italy,Bosnia and Herzegovina,0,4,0
TP,Portugal,Italy,11,30,11
HV,France,Tunisia,1,1,1
SQ,Australia,Italy,6,2,6
W6,Italy,Pakistan,0,9,0
LH,Turkey,Italy,1,0,1
NO,Italy,India,0,1,0
LX,Switzerland,United Kingdom,1,0,1
LX,Italy,Turkey,0,1,0
QR,France,India,0,1,0
JL,Brazil,Thailand,0,1,0
LS,United Kingdom,Switzerland,0,1,0
NZ,Italy,New Zealand,2,0,2
OZ,Japan,Italy,0,1,0
SN,Italy,Portugal,1,0,1
U2,Netherlands,Italy,41,5,41
KM,France,Italy,0,2,0
KU,India,Italy,0,2,0
LH,Italy,Spain,11,13,11
PC,Austria,Turkey,0,1,0
TK,Italy,Kenya,12,8,12
PG,Thailand,Cambodia,0,2,0
AM,Mexico,Italy,0,11,0
EY,United Arab Emirates,Italy,4,0,4
FR,Croatia,France,0,1,0
KL,Switzerland,Netherlands,0,1,0
FR,Italy,India,0,2,0
AY,Netherlands,Finland,1,0,1
FD,Singapore,,0,1,0
AZ,Croatia,Italy,0,1,0
Q6,Costa Rica,Italy,0,3,0
LH,France,Czech Republic,0,3,0
U2,Malta,Italy,8,0,8
V7,Italy,Albania,0,1,0
BA,Mexico,Italy,3,3,3
SN,Belgium,Canada,2,2,2
U2,United Kingdom,Netherlands,1,0,1
VZ,Thailand,Singapore,0,1,0
LA,Brazil,Spain,0,1,0
YP,South Korea,Japan,1,0,1
XZ,Israel,Italy,1,1,1
W6,Germany,Republic of Kosovo,2,0,2
OS,Italy,Thailand,15,16,15
KL,Germany,Italy,4,7,4
LG,Luxembourg,Austria,0,1,0
VB,Cuba,Italy,0,1,0
WF,Italy,Norway,0,1,0
BA,United Kingdom,Antigua and Barbuda,1,0,1
KE,Austria,Japan,1,0,1
AR,Bolivia,Argentina,0,1,0
KC,United Arab Emirates,Kazakhstan,1,0,1
EK,Italy,Cambodia,0,1,0
DY,Italy,Norway,0,71,0
ZB,Albania,Italy,0,11,0
UL,Saudi Arabia,Sri Lanka,1,0,1
CZ,Italy,Australia,0,2,0
5J,United Arab Emirates,Malaysia,1,0,1
AM,United Kingdom,Peru,0,1,0
XZ,Italy,Serbia,0,2,0
V7,Spain,Italy,6,2,6
IB,Italy,Cuba,24,16,24
IW,Indonesia,Indonesia,0,3,0
FR,Malta,Estonia,0,1,0
AC,Italy,Mexico,1,3,1
LX,Switzerland,United States,0,14,0
U8,Israel,Italy,0,5,0
OU,Croatia,United Kingdom,0,1,0
UX,Italy,Tunisia,0,3,0
FR,Portugal,United Kingdom,1,1,1
A3,Italy,,0,2,0
BA,Italy,Chile,2,0,2
UK,United Arab Emirates,Maldives,0,1,0
QR,South Africa,Italy,1,0,1
FR,Italy,Republic of Macedonia,0,1,0
BA,United Kingdom,Bermuda,0,1,0
SL,Nepal,,0,1,0
FR,Portugal,Italy,35,63,35
PC,Germany,Turkey,1,0,1
GF,Italy,Bahrain,0,3,0
AZ,Brazil,Italy,2,13,2
SV,Italy,Thailand,11,63,11
G3,Brazil,Germany,0,6,0
FR,Italy,Moldova,0,2,0
KL,Italy,Ghana,1,1,1
KL,Denmark,Italy,0,1,0
W6,Serbia,Italy,1,0,1
W6,Romania,Italy,56,34,55
FD,Hong Kong,Thailand,0,1,0
BA,Germany,Mexico,4,1,4
LX,Netherlands,Switzerland,3,0,3
TK,United States,Italy,6,13,6
OZ,Vietnam,Italy,1,0,1
PG,Cambodia,Thailand,0,1,0
FR,Portugal,Belgium,1,0,1
UA,Italy,Mexico,0,2,0
AI,Italy,Singapore,0,2,0
AD,Portugal,Brazil,0,1,0
VY,Italy,Dominican Republic,0,2,0
UA,Italy,French Polynesia,0,1,0
LX,Switzerland,Netherlands,1,0,1
EY,Saudi Arabia,Thailand,0,1,0
AM,Italy,Costa Rica,0,1,0
A3,Greece,Italy,13,38,13
JU,Greece,Italy,0,5,0
EK,Italy,Canada,0,1,0
QR,Italy,Philippines,0,3,0
NO,Tanzania,Italy,0,2,0
EW,Germany,Sweden,1,0,1
LA,Ecuador,Ecuador,1,1,1
KS,Romania,Italy,0,2,0
FR,Czech Republic,Italy,21,20,21
BG,Bangladesh,Italy,0,1,0
U2,Germany,Netherlands,3,0,3
GF,Thailand,Italy,0,6,0
PC,Oman,Netherlands,0,1,0
FR,Poland,Hungary,2,2,2
OS,Italy,Bulgaria,1,0,1
KL,Italy,Denmark,2,0,2
AS,Italy,,0,2,0
CA,Cambodia,Italy,0,1,0
JU,Bosnia and Herzegovina,Serbia,1,0,1
KL,Italy,Mexico,2,10,2
IB,Italy,Peru,23,4,23
KL,Italy,Saint Barthélemy,0,1,0
TP,Republic of Ireland,Portugal,1,0,1
N3,El Salvador,United States,0,3,0
FR,United Kingdom,Portugal,0,1,0
SN,Belgium,Cameroon,2,2,2
DL,United States,Turks and Caicos Islands,1,0,1
PC,Turkey,Turkey,0,8,0
PC,Italy,Turkey,79,77,78
HV,France,Spain,2,5,2
AZ,United Kingdom,Italy,2,4,2
LH,China,Italy,0,1,0
FR,Israel,Italy,3,7,3
W6,Portugal,United Arab Emirates,0,2,0
XZ,Italy,Romania,19,1,19
AF,Italy,Sint Maarten,3,0,3
LH,Luxembourg,Italy,3,1,3
FI,Iceland,United States,1,0,1
AA,United Kingdom,Canada,1,0,1
VY,Netherlands,Italy,1,0,1
TX,United States,Italy,0,1,0
KL,Switzerland,United States,0,2,0
3O,Morocco,Spain,2,1,2
F3,Saudi Arabia,Egypt,0,1,0
VY,Spain,Greece,0,1,0
BA,United States,United States,0,1,0
U2,Spain,Portugal,11,2,11
LA,Argentina,United Kingdom,0,1,0
VY,Italy,Portugal,4,7,4
FR,Luxembourg,Malta,0,1,0
TK,Italy,Brazil,0,4,0
AK,Singapore,,0,3,0
EK,Oman,Ivory Coast,0,2,0
QR,Italy,Pakistan,0,2,0
U2,Italy,Bulgaria,0,1,0
CI,Italy,Thailand,0,1,0
QR,Australia,Luxembourg,1,0,1
OS,Italy,Republic of Kosovo,0,1,0
WY,Italy,Philippines,0,1,0
LO,Latvia,Poland,1,0,1
IB,Italy,Ecuador,4,1,4
AK,Malaysia,Singapore,0,2,0
BA,United Kingdom,Uzbekistan,0,1,0
ET,Italy,Mozambique,1,0,1
AK,Malaysia,Vietnam,0,1,0
NO,Italy,Jordan,0,3,0
VN,Vietnam,United Kingdom,2,0,2
BA,South Africa,Italy,0,1,0
FR,Hungary,Italy,25,13,25
WY,Italy,Malaysia,0,23,0
F8,Canada,United States,0,4,0
SV,Italy,Malaysia,2,2,2
AZ,India,Italy,1,3,1
W9,Slovenia,United Kingdom,3,0,3
XQ,United Arab Emirates,Italy,0,1,0
U2,Italy,Canada,0,2,0
AC,Canada,Italy,5,4,5
TP,Spain,Portugal,2,7,2
TK,Italy,Cyprus,1,0,1
AV,Spain,Ecuador,1,1,1
LX,Italy,India,2,0,2
PC,Kuwait,Italy,1,0,1
NK,United States,,0,1,0
FR,Italy,Germany,156,261,154
TK,Italy,Egypt,4,8,4
TP,Venezuela,Italy,0,5,0
LX,Italy,,0,10,0
LA,Colombia,Italy,0,4,0
LX,Germany,Switzerland,1,0,1
BZ,Israel,Italy,0,3,0
BT,France,,0,2,0
BR,Italy,Cambodia,0,1,0
W6,Germany,Malta,0,1,0
CX,Philippines,Italy,0,1,0
FJ,Singapore,Fiji,0,1,0
LA,Ecuador,Italy,0,6,0
G9,Italy,India,10,22,10
LX,Switzerland,,0,3,0
DY,Denmark,Sweden,0,3,0
TK,Italy,Lebanon,5,5,5
TK,Tunisia,Turkey,0,6,0
XZ,Albania,Italy,14,5,14
Z9,Malaysia,Malaysia,0,4,0
A3,Greece,Cyprus,0,2,0
TS,Canada,Italy,1,2,1
SG,India,India,0,1,0
TP,Portugal,Germany,1,0,1
VY,Italy,Guadeloupe,0,2,0
KL,Austria,Netherlands,1,0,1
KL,Italy,Bonaire,0,1,0
NO,Italy,Senegal,14,4,14
AF,Italy,France,173,119,171
DY,Norway,Italy,0,17,0
KL,Italy,Spain,9,16,9
OA,Greece,Greece,2,8,2
OS,Italy,Czech Republic,0,7,0
A3,Italy,Tunisia,0,1,0
TK,Italy,Mexico,1,0,1
HA,Australia,United States,0,1,0
LH,United Kingdom,United States,0,1,0
6E,India,India,8,14,8
KL,Spain,Italy,4,2,4
AZ,Italy,South Korea,1,6,1
XZ,Italy,Israel,3,0,3
E9,Spain,Costa Rica,1,1,1
VY,Italy,Chile,2,3,2
VY,Italy,,0,9,0
U2,Portugal,Spain,7,4,7
RS,Japan,South Korea,0,2,0
EI,United States,Italy,0,2,0
B6,United States,Aruba,0,1,0
JA,Brazil,Chile,0,2,0
IB,Mexico,Turkey,0,1,0
W6,Italy,Portugal,31,53,31
W6,Italy,Saudi Arabia,36,41,36
KL,Italy,Norway,12,7,12
KL,Italy,Colombia,9,22,9
OV,Thailand,United Arab Emirates,0,3,0
BA,United Kingdom,Italy,12,7,12
LH,Spain,Lebanon,1,0,1
PK,Pakistan,United Arab Emirates,1,1,1
IB,Spain,Switzerland,5,0,5
E9,Costa Rica,Spain,0,2,0
2W,Cuba,Spain,0,5,0
LH,Netherlands,Italy,1,2,1
VY,Argentina,Spain,0,2,0
AF,Italy,Republic of Ireland,0,1,0
U2,France,France,19,0,19
WY,Italy,Australia,0,9,0
AM,Italy,Mexico,0,13,0
T7,France,Italy,0,3,0
KL,Portugal,Indonesia,0,1,0
RO,Romania,Italy,0,3,0
FR,Sweden,Sweden,3,0,3
5J,Singapore,Philippines,1,0,1
PC,Kazakhstan,Italy,0,1,0
AI,Italy,Japan,0,1,0
B6,The Bahamas,United States,0,1,0
KS,Italy,Italy,3,0,3
BA,Belgium,United Kingdom,1,0,1
UA,United States,Cuba,1,0,1
CI,Thailand,Italy,0,1,0
SM,Egypt,Saudi Arabia,0,3,0
W6,Armenia,Italy,9,7,9
G9,Italy,Pakistan,7,13,7
TK,Sweden,Iraq,0,1,0
SN,Belgium,Italy,16,17,16
UX,Spain,Mexico,1,1,1
LH,Italy,China,0,5,0
ET,Italy,Ethiopia,4,1,4
LA,Argentina,Italy,3,3,3
LH,Germany,Romania,0,1,0
BT,Estonia,Latvia,0,1,0
CM,Colombia,Italy,0,1,0
TK,Germany,United Arab Emirates,2,0,2
BT,Latvia,Italy,1,1,1
MS,Italy,Lebanon,0,2,0
IB,United Kingdom,Spain,2,1,2
TG,Thailand,Vietnam,1,0,1
U2,France,Morocco,1,1,1
AZ,Malta,France,1,0,1
V7,Spain,Spain,2,0,2
SK,Sweden,Norway,0,1,0
IB,Spain,Mexico,1,0,1
DL,Switzerland,,1,0,1
FR,Italy,Kyrgyzstan,0,1,0
AC,Italy,Costa Rica,0,1,0
VY,Spain,Italy,96,100,95
SQ,Italy,Spain,26,2,26
AP,Italy,Italy,0,15,0
LH,Italy,Egypt,4,28,4
LH,Germany,Denmark,1,0,1
U2,Switzerland,United Kingdom,1,0,1
KL,United States,The Bahamas,0,1,0
W9,Romania,United Kingdom,0,1,0
AZ,Argentina,Norway,0,4,0
W6,Hungary,Greece,0,2,0
AF,Italy,Hong Kong,4,1,4
PU,Colombia,Italy,0,1,0
IB,Spain,United Kingdom,1,0,1
SQ,Italy,Myanmar,0,1,0
EY,Spain,South Africa,1,0,1
W6,Greece,Italy,37,8,37
XZ,Italy,Italy,604,32,598
SN,Italy,Cameroon,1,0,1
EY,Italy,United Arab Emirates,35,8,35
EK,Australia,Italy,6,11,6
LA,Argentina,,0,1,0
FR,Romania,Germany,0,2,0
TK,Denmark,Singapore,0,4,0
IB,Spain,Cuba,1,0,1
FD,Cambodia,Thailand,0,3,0
AA,United States,The Bahamas,3,0,3
FR,Croatia,Montenegro,1,0,1
FR,Slovakia,Italy,1,2,1
W6,Bosnia and Herzegovina,Germany,1,0,1
LX,Denmark,Italy,1,0,1
MS,Egypt,Spain,0,1,0
KL,Nigeria,United Kingdom,0,1,0
KL,Italy,South Korea,1,0,1
EK,Portugal,Italy,0,1,0
LH,Spain,Germany,0,2,0
LH,Germany,Albania,1,0,1
AF,Netherlands,Chile,0,1,0
LG,Spain,Luxembourg,2,0,2
CA,Italy,New Zealand,0,1,0
EY,Philippines,Italy,0,1,0
PC,Italy,Egypt,1,5,1
ET,Italy,Kenya,8,6,8
BT,Italy,Sweden,0,5,0
IB,Argentina,Spain,1,5,1
NP,Saudi Arabia,Egypt,0,1,0
V7,Italy,Morocco,0,4,0
OZ,Italy,South Korea,0,1,0
DE,Germany,Spain,0,4,0
TK,Mali,Italy,0,1,0
EK,United Arab Emirates,Italy,1,1,1
TK,Italy,Burkina Faso,0,2,0
AY,Lithuania,Finland,1,0,1
LO,Poland,United States,0,1,0
LH,Morocco,Germany,0,1,0
5J,Philippines,Hong Kong,0,1,0
V7,Italy,Egypt,0,1,0
LG,Luxembourg,Spain,1,3,1
DY,Denmark,Portugal,0,1,0
XY,United Arab Emirates,Italy,0,1,0
XY,Saudi Arabia,United Arab Emirates,4,0,4
UX,Colombia,Italy,0,3,0
SK,Netherlands,United States,0,1,0
VY,Portugal,France,1,0,1
SN,Greece,Italy,1,0,1
FR,Poland,Spain,0,1,0
EI,United Kingdom,Republic of Ireland,0,2,0
KQ,Italy,,0,1,0
AF,Germany,Italy,1,7,1
BA,Poland,United States,1,0,1
LO,Italy,Egypt,4,36,4
Z0,United Kingdom,United States,3,1,3
OB,Argentina,Spain,0,2,0
LH,Italy,Luxembourg,3,2,3
KE,Israel,South Korea,1,0,1
FZ,United Arab Emirates,Italy,0,7,0
AF,Italy,Portugal,1,1,1
CX,Italy,Australia,0,2,0
IB,United Kingdom,United States,1,3,1
UK,Thailand,India,1,0,1
AY,Italy,Latvia,0,1,0
VY,Italy,United Kingdom,63,49,62
IB,Spain,United States,5,3,5
FR,Italy,Republic of Ireland,123,202,122
AA,Italy,United States,37,0,37
AZ,Italy,Switzerland,2,26,2
FI,United States,Italy,0,1,0
FR,Spain,France,1,3,1
EW,United Kingdom,Italy,1,1,1
Z0,United States,Italy,3,10,3
JL,Italy,United States,0,3,0
LY,Italy,United States,0,4,0
5J,Philippines,Thailand,1,0,1
LG,Italy,Luxembourg,18,10,18
LA,Colombia,Peru,2,1,2
LX,Italy,Luxembourg,4,4,4
SN,Italy,Canada,1,0,1
LJ,South Korea,Japan,9,1,9
5W,United Arab Emirates,Oman,1,0,1
CI,Italy,Philippines,2,4,2
CX,Italy,Hong Kong,0,2,0
QR,Italy,New Caledonia,0,1,0
FR,Poland,Denmark,0,1,0
TM,Mozambique,Mozambique,0,1,0
WE,Thailand,Laos,0,1,0
EK,South Africa,Italy,1,6,1
TG,Thailand,Thailand,3,7,3
QZ,Malaysia,Indonesia,0,2,0
AR,Argentina,Uruguay,0,2,0
W6,Netherlands,Hungary,1,0,1
IB,Spain,El Salvador,0,1,0
EY,Singapore,Turkey,0,1,0
W6,Austria,Spain,1,0,1
B6,United States,The Bahamas,0,1,0
KL,Italy,Japan,6,3,6
LH,Italy,Sweden,9,15,9
AZ,Italy,Saudi Arabia,0,7,0
AA,Italy,,7,0,7
AK,Singapore,Malaysia,0,4,0
AF,Italy,United Arab Emirates,4,1,4
AZ,Italy,Canada,0,9,0
DY,Denmark,Netherlands,0,2,0
FR,Italy,Tunisia,0,4,0
XQ,Italy,,0,3,0
MH,Vietnam,Malaysia,1,0,1
OV,Saudi Arabia,Turkey,0,1,0
KL,Italy,Nigeria,1,0,1
FZ,United Arab Emirates,Oman,1,0,1
NZ,Cook Islands,New Zealand,1,1,1
AZ,Italy,Finland,0,3,0
FZ,Italy,Sri Lanka,3,4,3
PC,Italy,India,0,1,0
AD,Brazil,Italy,0,2,0
AC,Canada,Canada,2,2,2
CX,Hong Kong,Philippines,0,2,0
2W,Spain,El Salvador,0,1,0
TK,Cyprus,Malta,1,0,1
AF,Spain,Sint Maarten,1,1,1
B6,Italy,United States,0,9,0
BY,Mexico,United Kingdom,4,0,4
U2,Germany,Portugal,1,0,1
U2,Italy,Philippines,1,1,1
LO,France,China,0,1,0
U2,France,Italy,162,40,160
FR,Romania,Italy,25,26,25
LX,Republic of Ireland,Italy,1,0,1
U2,Israel,Italy,3,0,3
AR,Argentina,Italy,0,9,0
TU,Tunisia,Portugal,0,1,0
EK,United Kingdom,United Arab Emirates,1,0,1
FR,Poland,Latvia,0,1,0
AF,Italy,Algeria,0,2,0
FR,Austria,Greece,0,1,0
W6,Italy,Martinique,0,1,0
CA,Italy,China,1,55,1
KP,Sierra Leone,The Gambia,0,3,0
LX,Switzerland,Spain,0,7,0
BA,Romania,United Kingdom,1,0,1
HY,Uzbekistan,Azerbaijan,0,2,0
OS,Austria,Iceland,1,0,1
W6,Italy,Venezuela,0,1,0
RO,Moldova,Romania,0,1,0
W9,United Kingdom,Thailand,0,2,0
W6,Italy,Afghanistan,0,2,0
WS,Italy,,0,2,0
A3,Italy,Thailand,0,4,0
UA,United States,Mexico,0,4,0
V7,Italy,Mexico,0,1,0
AC,Italy,United States,1,5,1
U2,France,United Kingdom,7,1,7
UX,Venezuela,Italy,4,3,4
TK,Italy,South Africa,0,7,0
DL,Italy,Canada,4,0,4
AV,Peru,United States,1,0,1
FZ,Oman,Italy,0,1,0
BA,France,United States,1,0,1
TK,Canada,Turkey,0,1,0
LO,Italy,India,0,1,0
LA,Italy,Bolivia,0,1,0
LH,Dominican Republic,United States,0,1,0
U2,Germany,Egypt,1,0,1
AF,France,Benin,0,1,0
ET,Nigeria,Vietnam,0,1,0
TP,Italy,Morocco,0,7,0
FR,Denmark,Italy,27,38,27
W6,United Kingdom,Hungary,3,1,3
DE,Germany,Greece,1,2,1
TK,Italy,Oman,3,3,3
FB,Netherlands,Italy,0,2,0
LH,Croatia,France,1,0,1
AV,Brazil,Romania,0,3,0
CZ,Italy,China,0,2,0
PC,Italy,United Arab Emirates,1,0,1
VY,Italy,Greece,19,41,19
LX,Italy,Canada,0,9,0
LH,Germany,Spain,4,6,4
W6,Italy,Sri Lanka,0,2,0
FR,Poland,Austria,2,1,2
SN,Burkina Faso,Italy,1,3,1
KL,Italy,Luxembourg,2,0,2
AZ,Morocco,Italy,1,3,1
SQ,Indonesia,Italy,0,2,0
FR,Belgium,Malta,1,0,1
JU,Bulgaria,Italy,0,1,0
EY,Italy,Thailand,47,27,47
FR,Italy,Lithuania,9,11,9
AF,Denmark,Romania,0,2,0
FR,Spain,Germany,2,0,2
LA,Spain,,0,2,0
FR,Italy,The Gambia,0,1,0
PC,Italy,Iran,0,5,0
Z2,Philippines,Philippines,0,3,0
AF,Spain,United States,0,1,0
FR,Italy,Indonesia,0,4,0
LH,Italy,Malta,1,1,1
SV,Italy,South Korea,2,0,2
CY,Cyprus,Greece,0,1,0
AT,Ghana,Italy,0,2,0
IB,Portugal,Spain,2,1,2
CI,Italy,South Korea,3,1,3
A3,Switzerland,Greece,2,0,2
FD,Thailand,Italy,0,1,0
FR,Morocco,Albania,0,1,0
EY,United Arab Emirates,Oman,1,0,1
XZ,Italy,United Kingdom,0,1,0
JL,Japan,Japan,4,1,4
OS,Germany,Austria,1,0,1
"",Colombia,Spain,0,1,0
W6,Netherlands,Italy,0,1,0
2W,Cuba,Serbia,0,1,0
N0,Italy,United States,71,12,70
SL,Thailand,Thailand,0,13,0
FR,Republic of Ireland,Portugal,1,1,1
LH,Italy,Romania,3,3,3
TK,Italy,Saudi Arabia,0,2,0
BA,United Kingdom,United States,3,1,3
MU,Italy,China,0,4,0
SQ,Vietnam,Indonesia,1,0,1
SV,Italy,,0,1,0
IB,Italy,Guatemala,1,1,1
OG,Denmark,Canada,1,0,1
BA,Germany,United Kingdom,1,0,1
FR,Poland,Montenegro,1,1,1
EK,United Arab Emirates,Hong Kong,1,0,1
VY,Italy,France,166,122,164
DE,United States,Italy,6,0,6
AF,Peru,Italy,5,13,5
U2,Luxembourg,Italy,6,1,6
TK,Kazakhstan,Germany,0,4,0
G9,Malaysia,Italy,1,0,1
AF,United Kingdom,Guatemala,0,4,0
W2,Spain,Spain,0,3,0
DL,France,United States,2,0,2
6E,India,Italy,0,1,0
W6,Italy,China,0,1,0
U2,France,Portugal,8,2,8
AY,Italy,India,4,1,4
LO,Poland,Latvia,2,0,2
1L,Germany,Portugal,0,1,0
U2,United Kingdom,United Kingdom,7,0,7
W6,Italy,Oman,0,2,0
W6,United Kingdom,Romania,0,1,0
FR,Romania,Bulgaria,2,0,2
WY,Italy,Maldives,0,2,0
AA,United States,Dominican Republic,2,0,2
DE,Italy,Dominican Republic,1,0,1
LH,Italy,Germany,129,217,128
OG,Italy,United States,2,0,2
MM,Japan,Japan,1,1,1
KU,Bahrain,Morocco,0,2,0
VY,Belgium,Spain,1,9,1
S4,Portugal,United States,0,1,0
BA,Spain,United Kingdom,1,3,1
UX,Spain,Dominican Republic,0,2,0
B6,United States,Brazil,0,1,0
TK,Indonesia,Italy,0,2,0
KL,Germany,France,0,1,0
2W,Mexico,Spain,0,1,0
NK,Mexico,United States,0,1,0
A3,Egypt,Greece,0,3,0
U2,France,Iceland,0,1,0
W6,Italy,Maldives,0,11,0
EY,Italy,Japan,1,14,1
FR,France,France,1,3,1
W6,Cyprus,Italy,0,6,0
AV,Colombia,Spain,3,1,3
FR,Greece,Portugal,0,1,0
AV,Costa Rica,Ecuador,0,1,0
G8,India,Italy,0,1,0
EK,United Arab Emirates,Seychelles,0,1,0
LH,Italy,Philippines,0,1,0
FR,France,Portugal,0,1,0
BA,United Kingdom,Algeria,4,1,4
AA,United States,Turks and Caicos Islands,4,0,4
CM,Panama,Aruba,1,0,1
I2,Spain,Italy,7,0,7
QR,Italy,United Arab Emirates,2,2,2
TK,Slovenia,Indonesia,1,1,1
FR,Belgium,United Kingdom,1,0,1
AV,Germany,Colombia,2,0,2
W6,Romania,Greece,0,1,0
LX,Italy,Sri Lanka,0,1,0
LH,Netherlands,Mexico,0,2,0
EN,Italy,Sri Lanka,0,1,0
OG,Germany,United States,1,0,1
VY,Spain,France,7,4,7
FR,Italy,Finland,18,42,18
W6,Italy,Israel,29,23,29
DY,Germany,Norway,0,1,0
R2,Senegal,Senegal,0,1,0
SK,Denmark,Faroe Islands,1,0,1
BA,United Arab Emirates,Spain,1,0,1
TK,Slovenia,Uzbekistan,0,2,0
FZ,Turkey,Maldives,3,0,3
W6,Italy,Mexico,0,1,0
LX,Italy,Estonia,0,1,0
BA,Brazil,Italy,0,2,0
EK,Spain,Italy,0,1,0
W6,Italy,Republic of Macedonia,13,8,13
TK,Italy,Tanzania,3,8,3
AZ,Italy,Singapore,0,3,0
TK,Georgia,Turkey,0,1,0
EK,United Arab Emirates,Saudi Arabia,1,0,1
SN,Italy,Norway,1,0,1
FR,Italy,Hungary,96,156,95
AZ,Albania,Italy,6,2,6
AV,Colombia,Aruba,3,1,3
UA,Canada,Singapore,1,0,1
AZ,Italy,Maldives,0,3,0
HC,Senegal,Ivory Coast,0,4,0
VB,Mexico,Mexico,6,7,6
LX,South Africa,Italy,1,0,1
TK,Italy,Mauritius,2,5,2
CX,Vietnam,Hong Kong,0,1,0
EK,United Kingdom,Thailand,3,1,3
AP,Italy,Egypt,0,2,0
SQ,Germany,Indonesia,1,0,1
FR,Austria,Sweden,1,1,1
I2,Italy,Spain,20,0,20
AT,Italy,Central African Republic,0,1,0
KL,Norway,Italy,1,1,1
HY,Uzbekistan,Uzbekistan,0,2,0
FR,Italy,Iceland,0,6,0
JU,Italy,Bosnia and Herzegovina,0,1,0
QR,Bangladesh,Italy,1,0,1
FR,Sweden,Poland,1,1,1
SN,Italy,El Salvador,0,2,0
CM,Cuba,Panama,1,1,1
QR,Italy,Sri Lanka,1,1,1
KL,Italy,The Bahamas,0,3,0
U2,France,Denmark,2,0,2
TR,Germany,Thailand,0,1,0
JU,Italy,Cyprus,1,0,1
VY,France,Egypt,1,1,1
BA,United Kingdom,The Bahamas,0,1,0
KM,Italy,France,0,1,0
DY,Sweden,Denmark,0,1,0
BT,Germany,Lithuania,1,0,1
CA,Italy,Thailand,0,6,0
SK,Italy,Sweden,5,29,5
W6,Czech Republic,Italy,15,4,15
BT,Italy,Latvia,6,0,6
TG,Laos,Thailand,1,0,1
NK,United States,United States,13,24,13
6E,Italy,Australia,0,3,0
FR,Hungary,Spain,0,1,0
NE,Saudi Arabia,Egypt,0,1,0
SV,Italy,Singapore,4,2,4
TK,Saudi Arabia,Italy,0,1,0
LX,Poland,Italy,0,1,0
QH,Vietnam,,0,1,0
AF,Greece,United States,0,1,0
AZ,France,Italy,9,14,9
TK,Turkey,Egypt,0,4,0
MS,Egypt,Egypt,0,18,0
AF,Italy,Vietnam,1,4,1
U2,Spain,United Kingdom,2,0,2
7C,South Korea,Japan,5,3,5
2W,Cuba,Italy,0,3,0
AY,Italy,Estonia,1,0,1
HU,China,Italy,0,6,0
W6,Republic of Macedonia,Italy,0,1,0
A3,France,Italy,0,2,0
AV,Argentina,Italy,0,4,0
FB,Bulgaria,Italy,0,8,0
FI,Italy,Iceland,12,12,12
GQ,Greece,Italy,8,8,8
OS,Italy,Netherlands,1,1,1
W6,Estonia,Italy,1,0,1
UX,Spain,Argentina,0,1,0
AY,Estonia,Italy,3,1,3
AF,United States,France,1,3,1
AZ,Israel,Italy,1,3,1
QR,Hong Kong,Finland,1,0,1
FR,Sweden,Italy,10,22,10
U2,Greece,Italy,88,2,87
W9,Italy,United Kingdom,10,6,10
DY,Norway,Norway,0,11,0
AC,Turks and Caicos Islands,Switzerland,1,0,1
AF,France,United Kingdom,0,4,0
TK,Kenya,Italy,1,0,1
G9,Italy,,0,2,0
CA,Thailand,Italy,0,2,0
TR,Japan,Thailand,1,1,1
KL,Switzerland,Panama,0,1,0
DY,Sweden,Italy,0,11,0
NT,Spain,Spain,0,13,0
UA,Cayman Islands,Italy,0,1,0
2B,Albania,Italy,0,3,0
FR,Italy,United Arab Emirates,0,10,0
SN,Belgium,France,2,0,2
ET,Tanzania,Italy,1,0,1
QR,Qatar,Italy,1,0,1
AZ,Netherlands,Japan,0,1,0
LX,Italy,Iceland,11,6,11
AF,Italy,Tanzania,0,2,0
AT,United States,Italy,0,1,0
FR,Belgium,Germany,0,3,0
JQ,Australia,Thailand,1,0,1
TK,Egypt,Italy,0,2,0
KL,Switzerland,,0,2,0
TK,Italy,Turkey,75,222,74
AK,Malaysia,Cambodia,0,3,0
HY,Kazakhstan,Uzbekistan,0,4,0
3O,Morocco,France,3,1,3
FR,Romania,Austria,1,0,1
BA,United Kingdom,Canada,1,0,1
AT,Italy,Senegal,1,5,1
LH,Italy,Chile,0,1,0
DY,France,Denmark,0,1,0
WS,United States,,0,2,0
KL,France,United Kingdom,1,2,1
AD,Brazil,Portugal,0,2,0
FZ,Tanzania,Italy,0,2,0
AF,Italy,Kenya,0,1,0
LH,Italy,Poland,4,2,4
EK,Japan,Italy,0,2,0
TK,Gabon,Italy,0,1,0
ET,Djibouti,Italy,1,0,1
LG,Italy,Portugal,0,1,0
W6,Italy,Dominican Republic,0,7,0
KL,Italy,Ecuador,4,24,4
NO,Senegal,Italy,2,0,2
TK,Romania,Italy,0,2,0
NO,Italy,,0,4,0
AZ,United States,Albania,0,1,0
QR,Italy,India,1,2,1
EK,United Arab Emirates,Portugal,0,1,0
LX,Switzerland,Italy,2,19,2
HV,Greece,France,1,0,1
RJ,Greece,Jordan,1,0,1
LA,Portugal,Brazil,1,0,1
FZ,Italy,Iran,0,1,0
CX,Singapore,Hong Kong,1,0,1
EW,Italy,United Kingdom,1,10,1
QR,Singapore,Italy,0,2,0
AZ,Bulgaria,Italy,0,5,0
DE,Italy,Canada,2,0,2
FR,Malta,Greece,1,0,1
FR,Austria,Malta,0,1,0
ET,Austria,Kenya,1,0,1
EK,Cyprus,Malta,1,0,1
UX,Spain,United States,0,1,0
TU,Libya,Italy,0,1,0
XJ,Thailand,Australia,0,5,0
AF,Italy,French Polynesia,0,2,0
UA,Jamaica,Italy,0,1,0
FD,Thailand,Laos,0,1,0
OS,Italy,Kenya,0,1,0
FR,Hungary,France,1,2,1
KI,Malaysia,Malaysia,0,1,0
KL,Italy,Jamaica,0,1,0
VY,Italy,United States,2,5,2
FR,Republic of Ireland,Italy,15,17,15
IZ,Italy,Israel,2,12,2
TU,Tunisia,Morocco,0,1,0
TK,Italy,Maldives,1,1,1
W6,Italy,Nepal,0,4,0
BR,Vietnam,Italy,0,3,0
OS,Italy,Poland,4,1,4
AF,Israel,France,1,0,1
GQ,Italy,Cyprus,0,1,0
ID,Indonesia,Netherlands,0,1,0
IB,Spain,Brazil,1,0,1
ZB,Italy,Albania,0,24,0
H4,Italy,Moldova,0,16,0
U2,Italy,,0,21,0
DE,Spain,Germany,0,2,0
GF,Italy,Thailand,0,22,0
GF,Italy,United Arab Emirates,0,5,0
SN,Italy,Burkina Faso,1,0,1
LH,Albania,Luxembourg,0,1,0
W9,Greece,United Kingdom,2,0,2
VY,Switzerland,Spain,2,0,2
OS,Italy,Mauritius,2,2,2
DL,The Bahamas,United States,6,0,6
SV,Italy,Saudi Arabia,0,4,0
AZ,Malta,Italy,2,3,2
KL,Germany,Ghana,0,3,0
MS,Italy,,0,3,0
LH,Republic of Ireland,Italy,1,0,1
W6,Netherlands,Romania,1,0,1
5W,United Arab Emirates,Azerbaijan,1,0,1
A3,Italy,Lebanon,1,1,1
EI,Republic of Ireland,Italy,5,1,5
BJ,Tunisia,,0,1,0
BA,United Kingdom,Greece,0,1,0
TK,Italy,Peru,0,1,0
JQ,Philippines,Singapore,1,0,1
FR,Morocco,Morocco,0,1,0
AA,France,United States,1,0,1
VA,Australia,Italy,0,6,0
QZ,Indonesia,Indonesia,0,14,0
CI,Italy,Australia,0,1,0
TR,Singapore,Italy,1,0,1
WS,United Kingdom,United States,0,1,0
LX,Italy,Czech Republic,0,1,0
DD,Thailand,Thailand,10,16,10
W6,Saudi Arabia,Italy,5,13,5
TR,Japan,Singapore,1,1,1
BY,United Kingdom,Italy,6,0,6
TK,Norway,Mexico,0,2,0
CA,Italy,Australia,0,2,0
G3,Brazil,France,0,1,0
FR,Morocco,Belgium,0,2,0
FR,Italy,Israel,17,47,17
IT,Taiwan,Japan,4,1,4
VY,Spain,Morocco,2,0,2
SQ,Italy,Australia,52,2,51
U2,Italy,Norway,0,3,0
CA,Singapore,Italy,0,4,0
JU,Switzerland,Serbia,0,1,0
OA,Greece,Thailand,0,4,0
XZ,Italy,Spain,0,3,0
Y4,Peru,Italy,0,2,0
W6,Spain,Hungary,2,0,2
U2,France,Greece,1,0,1
KL,Czech Republic,Italy,1,0,1
FR,Italy,French Polynesia,0,1,0
DE,Italy,United States,5,0,5
LH,United States,,0,2,0
SN,Belgium,United Kingdom,2,0,2
CM,Nicaragua,Italy,0,1,0
U2,Luxembourg,Spain,0,1,0
FR,Hungary,Germany,1,0,1
QS,Italy,Czech Republic,0,1,0
AV,Colombia,Mexico,1,0,1
CA,Italy,Taiwan,0,3,0
OS,Italy,Norway,1,0,1
PC,Turkey,Czech Republic,0,2,0
LX,Italy,Belgium,1,0,1
W6,United Kingdom,Italy,48,22,48
LA,Chile,Peru,5,1,5
BF,France,United States,7,1,7
BA,Canada,Italy,1,0,1
TK,Lebanon,Italy,0,1,0
TK,Spain,Japan,2,1,2
SN,Italy,China,0,1,0
FR,Italy,Iraq,0,1,0
EK,Italy,Kenya,0,2,0
A3,Greece,Egypt,1,1,1
VY,Spain,Spain,45,25,45
AZ,Netherlands,Italy,3,8,3
OU,Croatia,Italy,0,2,0
OS,Italy,Romania,3,1,3
W6,Italy,Serbia,2,8,2
BA,Republic of Ireland,Madagascar,0,1,0
LA,Argentina,Spain,1,4,1
GF,Singapore,Italy,0,1,0
IB,Spain,Thailand,0,1,0
NO,Italy,Kenya,4,0,4
U2,Greece,France,1,0,1
SK,Sweden,Denmark,1,0,1
QR,Philippines,Italy,0,1,0
VY,Italy,Spain,542,739,537
IB,Greece,Spain,1,0,1
AZ,Italy,Albania,16,85,16
SQ,Switzerland,,0,1,0
SV,India,Italy,2,8,2
IU,Indonesia,Indonesia,0,7,0
AF,Senegal,Italy,1,5,1
FR,United Kingdom,France,1,2,1
A3,Italy,Australia,0,1,0
LA,Austria,Brazil,1,0,1
EY,Italy,Pakistan,0,1,0
VB,Mexico,,0,1,0
VY,Denmark,Italy,1,1,1
FR,Italy,Slovakia,21,24,21
AV,Spain,Argentina,2,0,2
6E,Vietnam,India,0,2,0
SK,Denmark,Norway,2,4,2
FD,Thailand,Indonesia,0,5,0
TR,Singapore,Malaysia,2,1,2
EK,United Kingdom,Indonesia,1,0,1
DL,United Kingdom,,1,0,1
AF,France,Mauritius,0,1,0
MM,Japan,South Korea,3,0,3
KM,Italy,,0,1,0
KE,Italy,South Korea,12,25,12
DL,United States,The Bahamas,1,0,1
SK,Norway,Norway,4,6,4
W6,Montenegro,Italy,2,2,2
UK,India,Thailand,0,1,0
WO,Mexico,Canada,1,2,1
U2,Italy,Cyprus,20,2,20
AZ,Germany,Italy,7,18,7
W6,Austria,Italy,4,3,4
EY,Indonesia,Italy,1,5,1
AZ,Italy,Peru,0,4,0
LA,Italy,,0,8,0
PR,Philippines,Indonesia,0,1,0
MU,Italy,Thailand,0,11,0
KQ,Italy,Tanzania,0,1,0
LH,Italy,Belgium,2,3,2
"",Italy,Italy,0,2,0
KL,Portugal,Italy,0,1,0
HY,Uzbekistan,Turkey,0,1,0
LH,Germany,Poland,0,1,0
U2,Italy,Brazil,0,1,0
AY,Singapore,Italy,1,0,1
KL,Italy,Philippines,1,0,1
FB,Germany,Italy,0,1,0
JU,Cyprus,Serbia,1,1,1
EY,Italy,Bangladesh,0,1,0
HF,Ghana,Liberia,0,1,0
V7,Italy,Republic of Ireland,0,1,0
DY,Italy,,0,3,0
VA,Australia,Australia,6,5,6
FR,Latvia,Italy,0,4,0
HU,Italy,China,0,5,0
W6,Italy,Estonia,3,3,3
G9,India,Italy,1,3,1
W6,Egypt,Hungary,1,0,1
TK,Italy,Senegal,1,0,1
UA,Canada,Mexico,1,0,1
XZ,Italy,Maldives,0,1,0
BA,France,United Kingdom,2,2,2
LH,Italy,South Korea,22,10,22
TK,Italy,Kyrgyzstan,1,4,1
KL,United States,Netherlands,1,0,1
W6,Italy,Japan,0,2,0
JQ,Singapore,Australia,0,2,0
AI,India,Sri Lanka,0,2,0
NO,Italy,China,0,2,0
UA,Italy,Canada,0,2,0
W6,Italy,Hungary,116,97,115
U2,Italy,Spain,840,159,832
TK,Italy,Indonesia,18,26,18
LX,Germany,Italy,2,0,2
KC,Kazakhstan,Kyrgyzstan,1,1,1
VY,Portugal,Italy,5,3,5
AF,Switzerland,Panama,0,2,0
SQ,Bangladesh,Malaysia,1,0,1
BT,Armenia,Italy,1,2,1
LX,Estonia,France,1,0,1
LH,Italy,Lebanon,6,0,6
BA,Switzerland,,0,1,0
H8,Peru,Italy,0,1,0
IB,Argentina,Italy,1,1,1
SQ,Italy,New Zealand,1,0,1
BR,Thailand,Italy,0,1,0
WY,Italy,Tanzania,1,1,1
UA,Mexico,Canada,1,0,1
AV,Colombia,Ecuador,1,0,1
MS,Egypt,Italy,0,24,0
AY,Italy,South Korea,9,3,9
LH,Italy,Singapore,3,1,3
RO,Italy,Romania,0,1,0
MH,Italy,Australia,0,2,0
PU,Colombia,Spain,0,2,0
TR,Singapore,Indonesia,0,1,0
BZ,Israel,Czech Republic,1,0,1
ZB,Turkey,Albania,0,3,0
EN,Italy,Oman,0,1,0
DE,Germany,Mexico,1,1,1
SK,Iceland,Norway,0,1,0
MS,Egypt,,0,1,0
RO,Moldova,Italy,0,1,0
C3,Croatia,Croatia,0,1,0
U2,Italy,Switzerland,40,10,40
DL,Poland,United States,6,0,6
EK,United States,Italy,3,1,3
EK,Italy,China,0,3,0
BA,Italy,Belgium,2,0,2
KL,Italy,Indonesia,5,1,5
NO,Cuba,Italy,5,2,5
DY,Italy,Sweden,1,11,1
AZ,Italy,Armenia,0,1,0
U2,Portugal,Italy,38,10,38
AT,Italy,United States,0,10,0
TG,Thailand,Italy,0,13,0
FR,Italy,Australia,0,8,0
LH,Italy,Argentina,4,13,4
W9,United Kingdom,Greece,3,0,3
W6,Israel,Italy,12,8,12
BZ,Italy,Israel,2,4,2
TK,Uzbekistan,Italy,0,2,0
LX,Spain,Australia,0,1,0
AF,Italy,El Salvador,0,1,0
PC,Republic of Kosovo,Germany,1,0,1
BQ,Germany,Italy,1,0,1
SV,Egypt,Saudi Arabia,0,1,0
AT,Morocco,Portugal,0,1,0
EK,Italy,Sri Lanka,4,2,4
FR,France,Egypt,0,1,0
V7,Morocco,Italy,0,1,0
PK,Italy,Pakistan,1,0,1
AZ,Italy,Tanzania,0,1,0
AC,Germany,United States,0,1,0
TK,Azerbaijan,Turkey,0,1,0
LA,Colombia,,0,1,0
UK,India,United Arab Emirates,0,2,0
IB,Spain,Hungary,0,1,0
IB,Italy,Colombia,12,11,12
AY,Finland,Spain,2,0,2
PC,United Arab Emirates,Italy,1,3,1
AI,Italy,Thailand,0,4,0
CA,Australia,Italy,0,2,0
AY,Thailand,Spain,1,1,1
WY,Italy,India,0,2,0
FO,Argentina,Brazil,0,2,0
FR,Italy,Algeria,0,2,0
EK,Seychelles,Italy,0,1,0
3O,Spain,Morocco,2,1,2
LJ,South Korea,South Korea,0,1,0
TP,Portugal,Switzerland,0,1,0
AD,Brazil,Brazil,0,16,0
W9,United Kingdom,Portugal,0,2,0
LX,Italy,Jordan,2,0,2
H4,Moldova,Italy,0,6,0
SK,Italy,Greece,0,1,0
VN,Vietnam,Vietnam,5,0,5
JA,Chile,Uruguay,1,3,1
TK,Thailand,Italy,2,5,2
EK,Germany,Maldives,0,1,0
FI,Iceland,Italy,2,2,2
5W,United Arab Emirates,Maldives,11,10,11
ET,Italy,Cameroon,1,0,1
AF,Italy,Germany,0,2,0
LH,Italy,Bolivia,0,4,0
SK,Iceland,Italy,0,4,0
A3,Albania,Greece,3,0,3
A3,France,Greece,0,1,0
BA,Italy,United Arab Emirates,2,0,2
VY,Italy,Argentina,3,8,3
EK,Maldives,Sri Lanka,1,0,1
QR,Italy,Kenya,1,0,1
E5,Egypt,Saudi Arabia,0,1,0
AF,Italy,Angola,1,0,1
LA,Italy,Colombia,0,8,0
TK,Romania,South Korea,0,1,0
EI,Italy,Republic of Ireland,12,16,12
LH,Italy,Tanzania,2,1,2
UX,Italy,Peru,3,19,3
UX,Italy,United States,0,5,0
I2,Republic of Ireland,Spain,2,0,2
VY,Germany,United States,0,1,0
RJ,Italy,Thailand,2,3,2
UA,Peru,Italy,0,1,0
AM,Mexico,,0,1,0
FB,Israel,Bulgaria,0,1,0
TK,Italy,Argentina,0,1,0
FR,Italy,Belgium,197,286,195
KE,Italy,Japan,6,19,6
BJ,Tunisia,France,0,1,0
EK,India,Italy,3,1,3
FR,Austria,Spain,1,8,1
KM,Malta,,0,2,0
LH,Italy,Bosnia and Herzegovina,1,1,1
LX,Italy,Norway,0,2,0
D7,Indonesia,Italy,0,1,0
AD,Brazil,Spain,0,1,0
W9,United Kingdom,Czech Republic,1,0,1
BR,Italy,Philippines,0,9,0
FR,Italy,Canada,0,6,0
5O,Algeria,Spain,0,1,0
N0,Germany,United States,1,0,1
W6,Italy,Colombia,0,1,0
UL,Maldives,Sri Lanka,1,1,1
LH,Italy,Oman,1,3,1
VY,Netherlands,Spain,2,1,2
AF,Italy,Chile,2,2,2
QR,Italy,Cambodia,0,1,0
W2,Italy,Italy,0,3,0
FR,Spain,United Kingdom,2,4,2
LH,Italy,Dominican Republic,2,6,2
U2,Cyprus,Italy,2,0,2
MT,Italy,Egypt,0,3,0
AZ,Italy,United Kingdom,12,28,12
SQ,Japan,Italy,1,3,1
BA,Italy,Maldives,0,2,0
OU,Croatia,Bosnia and Herzegovina,0,1,0
VN,Thailand,New Zealand,0,1,0
FR,Spain,,0,2,0
LH,Denmark,South Korea,1,0,1
OZ,Italy,,0,1,0
AK,Thailand,Australia,0,21,0
AV,Uruguay,Italy,0,1,0
LO,Latvia,Italy,0,2,0
TK,Pakistan,Greece,0,1,0
UA,Germany,Mexico,1,0,1
UA,United States,French Polynesia,2,0,2
GF,Italy,Saudi Arabia,0,1,0
UA,Belgium,,1,0,1
LJ,Japan,South Korea,1,0,1
W6,Italy,Denmark,0,1,0
AA,Italy,Mexico,7,0,7
W6,Italy,Indonesia,0,2,0
AF,Italy,Australia,0,4,0
FR,Italy,Jersey,0,1,0
WS,United States,Canada,1,1,1
U2,Italy,Tunisia,0,6,0
OS,Republic of Kosovo,Italy,0,3,0
QZ,Indonesia,Singapore,0,2,0
VN,Italy,Vietnam,0,5,0
FR,Italy,Argentina,0,1,0
NZ,New Zealand,New Zealand,0,1,0
"",Tanzania,Tanzania,0,4,0
W6,Italy,Poland,25,25,25
IB,Italy,Argentina,18,6,18
UX,Italy,Colombia,2,12,2
TP,Venezuela,Spain,0,1,0
KL,France,Netherlands,1,1,1
JU,Italy,Maldives,0,1,0
SN,Germany,Italy,0,2,0
TK,Lebanon,,0,1,0
FR,Italy,Colombia,0,1,0
H2,Chile,Chile,0,2,0
EI,Republic of Ireland,Canada,0,1,0
JT,Indonesia,Singapore,0,1,0
AV,Colombia,Italy,0,11,0
"",Italy,Argentina,4,0,4
EN,Italy,Mexico,0,3,0
LX,Italy,France,3,7,3
BA,Italy,Cuba,0,3,0
XQ,Turkey,Turkey,0,2,0
AM,Mexico,Spain,0,2,0
FR,Greece,Austria,1,0,1
B6,Mexico,United States,0,1,0
A3,Cyprus,Italy,0,1,0
UA,Mexico,United States,1,0,1
QS,Czech Republic,France,0,1,0
Y4,Mexico,Spain,0,1,0
D7,Japan,,0,1,0
3O,France,Morocco,0,1,0
KU,Italy,India,0,1,0
VY,Germany,Spain,6,3,6
AR,Argentina,,0,1,0
AK,Thailand,New Zealand,0,1,0
WS,Italy,Canada,1,9,1
BA,Italy,Madagascar,0,1,0
CI,Italy,,0,1,0
VY,Italy,Morocco,0,8,0
EN,Italy,Canada,0,2,0
AF,France,Guadeloupe,1,0,1
OD,Malaysia,Thailand,0,1,0
T7,Italy,France,0,2,0
LX,Italy,French Polynesia,0,1,0
OS,Italy,Israel,0,1,0
OU,Bosnia and Herzegovina,Croatia,0,1,0
RJ,Germany,Israel,1,0,1
FR,Czech Republic,France,4,0,4
WY,Italy,Oman,2,1,2
TP,Brazil,Spain,0,3,0
LH,Bosnia and Herzegovina,Italy,0,2,0
FR,Portugal,Denmark,3,1,3
AF,Norway,Italy,4,0,4
EI,Republic of Ireland,United Kingdom,2,0,2
LH,Croatia,Italy,1,0,1
VY,Italy,Lebanon,1,0,1
LX,Italy,Cyprus,1,0,1
LH,Italy,South Africa,1,4,1
FR,Cyprus,Italy,2,3,2
TK,Italy,New Zealand,0,1,0
5W,Serbia,United Arab Emirates,1,0,1
ET,Italy,Namibia,4,2,4
QR,Nigeria,Vietnam,1,0,1
UX,Italy,El Salvador,0,1,0
AF,Spain,France,3,0,3
JQ,Australia,Indonesia,0,1,0
TK,United States,Republic of Kosovo,0,1,0
U2,Italy,Denmark,10,4,10
LH,Italy,Ivory Coast,0,3,0
FR,Poland,Italy,11,30,11
MU,China,China,0,4,0
TK,Italy,Bangladesh,0,1,0
TP,Italy,Spain,0,3,0
KL,Romania,United States,0,1,0
U2,Switzerland,France,1,0,1
OS,Italy,Hungary,4,2,4
FR,Italy,Senegal,0,2,0
EK,Hungary,United Arab Emirates,1,0,1
U2,France,Spain,15,11,15
FR,Italy,Bulgaria,28,39,28
UA,United States,Canada,0,3,0
G9,Italy,Sri Lanka,9,14,9
MS,Italy,Uganda,0,2,0
MS,Italy,South Africa,0,3,0
OS,Italy,Moldova,0,1,0
V7,Algeria,France,0,1,0
AF,Germany,Nigeria,1,0,1
EI,United Kingdom,United States,2,0,2
EY,United Arab Emirates,Thailand,0,1,0
QR,Italy,Sudan,0,1,0
9R,Colombia,Colombia,0,8,0
EK,Italy,Maldives,32,24,32
W6,Jordan,Italy,8,3,8
KL,Italy,Morocco,0,2,0
UA,United States,Italy,4,5,4
BR,Italy,Japan,0,10,0
BA,United Kingdom,Spain,3,0,3
PC,France,Turkey,0,5,0
AF,Brazil,Italy,1,3,1
KL,The Bahamas,United States,0,1,0
EY,Italy,South Korea,8,5,8
KU,Italy,Thailand,4,4,4
SK,Denmark,Italy,0,8,0
VJ,Vietnam,Vietnam,0,8,0
OZ,South Korea,South Korea,4,0,4
FR,Spain,Belgium,1,1,1
IR,Iran,Italy,0,2,0
ZG,South Korea,Japan,2,1,2
AK,Malaysia,Indonesia,0,4,0
U2,Italy,Albania,0,1,0
EI,Barbados,Italy,0,1,0
A3,Greece,Germany,1,3,1
BR,Japan,Italy,0,1,0
TK,Italy,Singapore,5,6,5
KE,Italy,Australia,1,2,1
IB,Spain,,0,3,0
KL,Argentina,Italy,0,1,0
FJ,Japan,Fiji,3,0,3
VN,France,Laos,0,1,0
UA,Argentina,Spain,0,1,0
5U,Mexico,Guatemala,0,2,0
LH,Italy,Tunisia,1,0,1
XZ,Italy,Greece,143,11,142
HV,Italy,France,78,79,77
W6,France,Italy,33,22,33
FD,Thailand,Myanmar,0,1,0
QF,Italy,,0,8,0
NT,Spain,Denmark,0,2,0
U2,Netherlands,Germany,2,0,2
U2,Belgium,Switzerland,1,0,1
TG,Bangladesh,Australia,0,1,0
PC,Netherlands,Turkey,1,2,1
AR,Colombia,Argentina,0,1,0
VY,Spain,Denmark,1,0,1
AT,Italy,Ghana,0,2,0
TK,France,Senegal,0,3,0
1L,Montenegro,France,0,1,0
OS,Austria,Japan,1,0,1
OZ,Italy,Thailand,0,1,0
IJ,Japan,Japan,0,1,0
BA,Italy,Bermuda,1,0,1
FR,United Kingdom,Germany,0,2,0
LX,Italy,Argentina,0,1,0
HV,France,Italy,21,17,21
EI,Switzerland,Republic of Ireland,0,3,0
NO,Italy,Tanzania,11,4,11
OS,Italy,Armenia,2,0,2
FR,Denmark,Germany,0,1,0
W6,United Kingdom,Greece,0,1,0
LH,Austria,Germany,1,0,1
AV,Nicaragua,Spain,1,0,1
LA,Argentina,Chile,1,3,1
W6,Italy,Philippines,0,12,0
IB,Italy,Morocco,1,3,1
SQ,Italy,Singapore,1,1,1
AV,Honduras,Ecuador,0,3,0
BY,Austria,United Kingdom,1,0,1
U2,Italy,Greece,683,110,676
SN,Italy,Ivory Coast,5,4,5
SV,Italy,Pakistan,0,4,0
ID,Indonesia,Indonesia,0,2,0
LH,Colombia,Italy,1,1,1
LH,Germany,Brazil,1,0,1
AY,Finland,Finland,1,0,1
NK,United States,Italy,0,2,0
NT,Portugal,Spain,0,3,0
OU,Croatia,Croatia,1,2,1
LA,Paraguay,Spain,1,0,1
UX,Peru,Italy,0,2,0
LA,Colombia,Spain,0,1,0
OS,Netherlands,Albania,1,0,1
A3,Italy,Greece,60,170,59
LS,United Kingdom,Italy,9,1,9
BA,Brazil,,1,0,1
SQ,United Kingdom,Indonesia,1,0,1
TK,Italy,Nigeria,3,6,3
UJ,Egypt,Egypt,0,2,0
QR,United States,India,0,1,0
CM,Mexico,Venezuela,2,1,2
LH,Italy,Cuba,0,2,0
UX,Belgium,Spain,2,0,2
XZ,Greece,Italy,13,1,13
KU,Italy,Bangladesh,0,4,0
XQ,Italy,Turkey,2,1,2
ET,Italy,Madagascar,7,11,7
TR,South Korea,Singapore,1,0,1
LX,Italy,Germany,5,3,5
TK,Turkey,Germany,0,2,0
LH,Italy,Angola,1,0,1
NZ,Australia,New Zealand,1,0,1
EK,Italy,Singapore,1,1,1
K6,Vietnam,Cambodia,0,3,0
XZ,Italy,,0,1,0
W6,Italy,Australia,0,3,0
AY,Finland,Portugal,1,0,1
